Startup,Sector,Driver,Why They Failed,Takeaway
Avant,Finance,Giants,Lost to LendingClub and high defaults,Lending needs risk balance
Bitpass,Finance,Giants,Lost to PayPal and low adoption,Micropayments need mass use
Cake Financial,Finance,Giants,Lost to Mint and sold to TradeKing,Finance tools need scale
Circle,Finance,Giants,Lost to Coinbase and market shifts,Crypto needs stability
Clarity Money,Finance,Giants,Lost to Mint/Acorns and sold to Goldman,Finance apps need edge
Clinkle,Finance,Giants,No product vs Apple Pay/PayPal,Execution over promises
Coinbase NFT,Finance,Giants,Lost to OpenSea and NFT crash,NFTs need timing
FundersClub,Finance,Giants,Lost to Kickstarter and low ROI,Crowdfunding needs hits
Fuze Network,Finance,Giants,Lost to Green Dot and small scale,Prepaid needs reach
Indiegogo Life,Finance,Giants,Lost to GoFundMe and niche focus,Personal funding needs appeal
Isentium,Finance,Giants,Lost to Bloomberg and low uptake,Trading tools need traction
LendUp,Finance,Giants,Regulatory fines and OppLoans competition,Fintech can’t skirt regs
LendingClub,Finance,Giants,Lost to banks and trust issues,P2P needs trust
LendLayer,Finance,Giants,Lost to Affirm and sold,Small niches get swallowed
Loyal3,Finance,Giants,Lost to Robinhood and closed,Brokerages need volume
Money360,Finance,Giants,Lost to Fundrise and slow growth,Lending needs scale
Monitor110,Finance,Giants,Lost to Bloomberg and early market,Timing is key
Mozido,Finance,Giants,Lost to Square and mismanagement,Payments need execution
Pay By Touch,Finance,Giants,Lost to PayPal and tech issues,Biometrics need reliability
Plum Will,Finance,Giants,Lost to LegalZoom and low uptake,Estate tech needs traction
PoundPay,Finance,Giants,Lost to Stripe and sold,Payments need scale
ReadyForZero,Finance,Giants,Lost to Credit Karma and sold,Debt tools need edge
RushCard,Finance,Giants,Lost to Chime and trust issues,Prepaid needs trust
Seed,Finance,Giants,Lost to Brex and closed,Banking needs scale
Sensible,Finance,Giants,Lost to Even and niche,Niche finance needs reach
SigFig,Finance,Giants,Lost to Wealthfront and sold,Robo-advisors need edge
Simple,Finance,Giants,Lost to Chime/Ally and shut post-BBVA sale,Neobanks need independence
SmartAsset,Finance,Giants,Lost to NerdWallet and slow growth,Planning needs traction
SoFi Social,Finance,Giants,Lost to Robinhood and niche,Social finance needs scale
Square Cash,Finance,Giants,Lost to Venmo and pivoted,Payments need dominance
Taulia,Finance,Giants,Lost to Coupa and sold,Finance needs edge
Tilt,Finance,Giants,Lost to GoFundMe and sold,Crowdfunding needs mass
Toshl,Finance,Giants,Lost to Mint and low scale,Finance apps need reach
Upstart,Finance,Giants,Lost to banks and high defaults,Lending needs stability
Vemo,Finance,Giants,Lost to Lambda School and regs,ISAs need traction
Venmo Groups,Finance,Giants,Lost to Splitwise and niche,Niche payments need use
Vittana,Finance,Giants,Lost to SoFi and low scale,Microloans need reach
Wealthfront Cash,Finance,Giants,Lost to Ally and pivoted,Savings need edge
Wealthsimple Trade,Finance,Giants,Lost to Robinhood and pivoted,Trading needs volume
Wepay,Finance,Giants,Lost to Stripe and sold,Payments need scale
Wesabe,Finance,Giants,Lost to Mint and early market,Timing matters
Wise,Finance,Giants,Lost to PayPal and high costs,Transfers need edge
YayPay,Finance,Giants,Lost to Bill.com and sold,Automation needs scale
Ycharts,Finance,Giants,Lost to Bloomberg and sold,Data needs dominance
ZestFinance,Finance,Giants,Lost to Upstart and regs,Lending needs compliance
Cafe X,Food service,Giants,Closed 2021; low adoption; lost to Starbucks,Humans trump robots
Caviar,Food service,Giants,Sold 2020; couldn't scale; lost to DoorDash,Premium loses to scale
Chef'd,Food service,Giants,Closed 2019; high costs; lost to Blue Apron,Costs cook meal kits
ChowNow,Food service,Giants,Faded 2023; lost to DoorDash,Middlemen get squeezed
Clover,Food service,Giants,Closed 2020; niche; lost to McDonald's,Niche eats need taste
Curb Food,Food service,Giants,Closed 2023; tech glitches; lost to DoorDash,Robots need results
Foodler,Food service,Giants,Sold 2018; lost to Grubhub,Aggregators need scale
Maple,Food service,Giants,Closed 2019; high costs; lost to DoorDash,Premium food needs profit
Munchery,Food service,Giants,Bankruptcy 2018; overexpansion; lost to Grubhub,Expansion eats cash
Nosh,Food service,Giants,Closed 2017; low demand; lost to HelloFresh,Health needs scale
OrderAhead,Food service,Giants,Sold 2017; lost to DoorDash,Pickup needs giants
Ritual,Food service,Giants,Faded 2022; lost to DoorDash; pickup waned,Delivery beats pickup
SpoonRocket,Food service,Giants,Closed 2017; thin margins; lost to DoorDash,Speed costs too much
Sprig,Food service,Giants,Closed 2017; high costs; lost to Uber Eats,Organic's pricey
Tonx,Food service,Giants,Sold 2017; lost to Blue Bottle,Beans need scale
Zesty,Food service,Giants,Closed 2019; high costs; lost to DoorDash,Health needs scale
Deskbeers,Food service,Giants,Closed 2019; niche; lost to local bars,Booze needs breadth
HelloFresh Recipe,Food service,Giants,Phased out 2020; lost to Blue Apron,Spinoffs need spark
Tavour,Food service,Giants,Faded 2022; lost to Total Wine,Craft needs scale
Tastemade Travel,Food service,Giants,Faded 2022; low demand; lost to Airbnb,Travel eats budgets
Amino,Health care,Giants,Lost to Zocdoc/GoodRx and slow adoption,Narrow focus beats broad
Augmedix,Health care,Giants,Lost to software rivals and acquired,Flexibility beats rigidity
Avizia,Health care,Giants,Outpaced by bigger rivals and acquired,Niche needs a moat
Babylon Health,Health care,Giants,Overexpansion and losses,Quality must match scale
Basis,Health care,Giants,Overheating and competition,Reliability is make-or-break
Better,Health care,Giants,Crowded market and no differentiation,Unique value is critical
BetterHelp,Health care,Giants,Trust issues and competition,Trust comes first
BioBeats,Health care,Giants,Lost to bigger players and acquired,Standout use case needed
Cardiogram,Health care,Giants,Monetization and differentiation woes,Validation is key
CareZone,Health care,Giants,Lost to free tools and sold,Defensible revenue matters
Clarityn,Health care,Giants,Lost to IDx and regulatory delays,Regulatory wins are key
Doxy.me,Health care,Giants,Free model unsustainable,Monetization is key
Eargo,Health care,Giants,Fraud allegations and competition,Trust is king
FitStar,Health care,Giants,Lost steam and acquired,Killer edge needed
Ginger,Health care,Giants,High costs and merged,Profitability matters
HealthRiser,Health care,Giants,Lost to Fitbit and costs,Mass appeal needed
HealthSpot,Health care,Giants,Lost to software rivals,Flexibility beats rigidity
HealthTap+,Health care,Giants,Low retention and pivot,Sticky engagement needed
HealthifyMe,Health care,Giants,Slow retention and pivot,Evolve or lose
InTouch Health,Health care,Giants,Scalability issues and sold,Plan for acquisition
Jawbone,Health care,Giants,Competition and quality issues,Differentiate or die
Lantern Pharma,Health care,Giants,Slow results and pivot,Quick wins matter
Luminary Labs,Health care,Giants,Crowded market and cash out,Validate niche early
MediChain,Health care,Giants,Lost to Epic and crypto crash,Real-world buy-in needed
Mindstrong,Health care,Giants,No actionable insights,Prove outcomes
Modern Health,Health care,Giants,Layoffs and valuation cuts,Growth must match fundamentals
Nurx,Health care,Giants,Reg hurdles and competition,Scale and compliance
Outset Medical,Health care,Giants,Production snags and competition,Flawless execution needed
Pear Therapeutics,Health care,Giants,Reimbursement woes,Therapeutics need economics
Scanadu,Health care,Giants,Regulatory delays and competition,Speed to market matters
Sherpaa,Health care,Giants,Slow uptake and sold,Big clients fast
Sprig,Health care,Giants,High costs and competition,Need cost advantage
Tinnitracks,Health care,Giants,Limited proof and market,Evidence matters
Zeo,Health care,Giants,Competition and no viable model,Broad appeal needed
Airware,Manufacturing,Giants,Lost to DJI and high costs,Drones need simplicity
Anki,Manufacturing,Giants,High costs and competition from Lego/Sphero,Consumer hardware needs mass pricing
Aptera Motors,Manufacturing,Giants,Lost to Tesla and quirky design,EVs need mainstream appeal
Aria Insights,Manufacturing,Giants,Small market and lost to DJI/Skydio,Hardware niches need big adopters
August Home,Manufacturing,Giants,Lost to Ring/Nest and acquired,Smart home needs ecosystem power
BeagleBone,Manufacturing,Giants,Lost to Raspberry Pi and small niche,Open-source needs community
Better Place,Manufacturing,Giants,Lost to Tesla and high infra costs,Infra needs buy-in
Butterfly Network,Manufacturing,Giants,Lost to GE/Philips and slow adoption,Medical hardware needs fast inroads
Cubelets,Manufacturing,Giants,Lost to Lego/Sphero and niche focus,Edtech needs scale
Dyson's EV Project,Manufacturing,Giants,Lost to Tesla/Nio and high costs,EVs are a giant’s game
Elio Motors,Manufacturing,Giants,Lost to Toyota/Honda and delays,Cheap cars need delivery
Essential Products,Manufacturing,Giants,Poor sales vs Apple/Samsung,Smartphone giants are unbeatable
Faraday Future,Manufacturing,Giants,Mismanagement and Tesla/Rivian competition,EV hype needs execution
Fisker Automotive,Manufacturing,Giants,Lost to Tesla and supplier failure,Luxury EVs need reliability
GoPro Karma,Manufacturing,Giants,Lost to DJI and recall issues,Drones need perfection
Hello,Manufacturing,Giants,Lost to Fitbit/Apple Watch,Sleep tech must be wearable
Jawbone,Manufacturing,Giants,Competition and quality issues,Fitness hardware needs quality
Juicero,Manufacturing,Giants,Overkill product vs Ninja/Breville,Hardware must solve real problems
Light,Manufacturing,Giants,Smartphones caught up,Cameras can’t outrun trends
Lily Robotics,Manufacturing,Giants,Couldn’t deliver vs DJI,Don’t overpromise hardware
Lytro,Manufacturing,Giants,Smartphones matched it vs Canon/Nikon,Cameras can’t beat smartphones
MakerBot,Manufacturing,Giants,Lost to Ultimaker/Prusa post-acquisition,3D printing needs precision
Osmo Systems,Manufacturing,Giants,Niche market vs Hach,IoT needs a big niche
Pearl Automation,Manufacturing,Giants,Lost to Tesla/Ford built-ins,Auto tech must beat OEMs
Pebble,Manufacturing,Giants,Lost to Apple Watch and sold,Smartwatches need ecosystems
Quanergy,Manufacturing,Giants,Lost to Velodyne/Luminar and delays,LiDAR needs booming market
Rethink Robotics,Manufacturing,Giants,Lost to Universal Robots/Fanuc,Robotics demands ROI
Skully Helmets,Manufacturing,Giants,Mismanagement and no product vs Nolan/Shoei,AR needs execution
Thalmic Labs,Manufacturing,Giants,Lost to Leap Motion/Oculus and sold,Wearables need a killer app
Zume,Manufacturing,Giants,High costs vs Domino’s/Papa John’s,Food tech needs efficiency
Ahalife,Retail,Giants,Closed 2017; high marketing costs; lost to Amazon,Niche doesn't defend
AllRomance,Retail,Giants,Closed 2016; financial losses; lost to Kindle,Adapt or die
Auctionata,Retail,Giants,Shut down 2018; high costs; lost to eBay; valuation scandal,Trust and economics matter
Augury Books,Retail,Giants,Closed 2017; couldn't scale; lost to Amazon,Niche retail bleeds
Beepi,Retail,Giants,Shut down 2017; high shipping costs; cash burned out,Costs can kill
Boxed,Retail,Giants,Bankruptcy 2021; lost to Amazon; high shipping costs,Scale trumps convenience
Chinictown,Retail,Giants,Closed 2017; lost to Amazon; shipping delays,Speed beats novelty
Combatant Gentlemen,Retail,Giants,Bankruptcy 2020; overexpansion; quality issues,Quality over growth
ContextLogic,Retail,Giants,Faded 2023; low-quality goods; lost to Amazon,Cheap doesn't last
Din,Retail,Giants,Closed 2016; local limits; lost to Instacart,Local limits growth
Dot & Bo,Retail,Giants,Shut down 2018; overexpansion; lost to Wayfair,Cash burn kills curation
Drizly,Retail,Giants,Sold 2021; faded 2023; Uber struggled with regs,Regs and giants choke
Ecomom,Retail,Giants,Shut down 2013; mismanagement; lost to Amazon,Execution beats ethos
ElectricObjects,Retail,Giants,Closed 2020; niche demand; lost to TVs,Hardware's a gamble
Fab.com,Retail,Giants,Sold 2018; overexpansion; lost to Amazon,Growth needs profit
Fancy,Retail,Giants,Faded 2019; low conversion; lost to Amazon,Curation needs cash flow
Fashism,Retail,Giants,Closed 2014; low engagement; lost to Instagram,Social needs stickiness
Fiksu,Retail,Giants,Faded 2018; lost to Google/Facebook ads,Giants own ads
Fobo,Retail,Giants,Closed 2017; low adoption; lost to DoorDash,Supply needs demand
Goldbely,Retail,Giants,Sold 2019; shipping costs; lost to DoorDash,Logistics eat profits
Good Eggs,Retail,Giants,Scaled back 2022; high costs; lost to Amazon Fresh,Freshness costs
Graze,Retail,Giants,Sold 2019; faded 2020; lost to Amazon,Subscriptions need stickiness
Groupon Now,Retail,Giants,Phased out 2015; low need; lost to Yelp,Timing trumps deals
Havenly,Retail,Giants,"Startup phase ""shut down"" 2023; lost to Wayfair",Scale beats service
Heyday,Retail,Giants,Closed 2023; lost to Sephora; high costs,Personalization's pricey
HobbyDB,Retail,Giants,Faded 2022; too niche; lost to eBay,Niche needs traffic
Imercive,Retail,Giants,Closed 2015; lost to Amazon; low adoption,Innovation needs buyers
Incredibowl,Retail,Giants,Closed 2015; lost to Amazon; niche limits,Niche needs volume
Ipsy,Retail,Giants,Faded 2023; lost to Sephora; saturated market,Subscriptions saturate
JustFab,Retail,Giants,Faded 2022; billing complaints; lost to Nordstrom,Trust trumps trends
Kozmo.com,Retail,Giants,Closed 2002; free delivery killed margins; dot-com bust,Free's a trap
Massdrop,Retail,Giants,Faded 2022; lost to Amazon; niche limits,Niche caps growth
Mayvenn,Retail,Giants,Faded 2022; lost to Amazon; high costs,Niche needs scale
Memebox,Retail,Giants,Faded 2021; lost to Sephora; saturated market,Beauty saturates
ModCloth,Retail,Giants,Sold 2017; faded 2020; Walmart diluted it,Identity matters
MoveLoot,Retail,Giants,Closed 2017; logistics costs; lost to eBay,Logistics sink niches
One Kings Lane,Retail,Giants,Sold 2019; lost to Wayfair; high costs,Scale beats decor
Operator,Retail,Giants,Closed 2020; lost to Amazon; low adoption,AI needs buyers
Peerby,Retail,Giants,Faded 2021; low uptake; lost to eBay,Rentals need scale
PetCube,Retail,Giants,Faded 2020; lost to Amazon; niche limits,Niche caps tech
Pets.com,Retail,Giants,Shut down 2000; high shipping costs; dot-com bust,Margins beat hype
Plum,Retail,Giants,Closed 2020; lost to Amazon; low demand,Niche needs kids
PopSugar Shop,Retail,Giants,Faded 2021; lost to Amazon; low scale,Lifestyle needs reach
Quirky,Retail,Giants,Bankruptcy 2019; high costs; lost to Amazon,Crowds don't profit
Raise,Retail,Giants,Faded 2022; lost to Amazon; low margins,Gift cards need scale
Sampling Lab,Retail,Giants,Closed 2017; lost to Amazon; low scale,Samples need reach
Selltag,Retail,Giants,Closed 2016; lost to eBay; low uptake,Social needs buyers
Shopkick,Retail,Giants,Faded 2020; sold to Trax; lost to Amazon,Loyalty needs giants
Shoptiques,Retail,Giants,Faded 2020; lost to Etsy; low scale,Boutiques need reach
Slice,Retail,Giants,Faded 2021; lost to Amazon; low adoption,Tracking needs pull
Spring,Retail,Giants,Faded 2019; lost to Amazon; high costs,Fashion needs scale
Teespring,Retail,Giants,Faded 2021; lost to Amazon; low margins,Custom needs profit
ThriftBooks Indie,Retail,Giants,Faded 2020; lost to Amazon; low scale,Books need giants
Thrillist Rewards,Retail,Giants,Faded 2018; lost to Amazon; low uptake,Rewards need pull
Thrive Market Organic,Retail,Giants,Faded 2023; lost to Whole Foods; high costs,Organic needs scale
Trunk Club,Retail,Giants,Shut down 2019; Nordstrom flopped; lost to Stitch Fix,Curation needs scale
Try.com,Retail,Giants,Faded 2022; lost to Amazon Wardrobe; low adoption,Try needs buyers
Webvan,Retail,Giants,Shut down 1999; overspent on warehouses; dot-com bust,Scale needs demand
Wittlebee,Retail,Giants,Closed 2015; lost to Amazon; low demand,Kids need scale
Woot,Retail,Giants,Sold 2010; faded 2016; lost to Amazon; deal fatigue,Deals lose steam
Zappos Labs,Retail,Giants,Faded 2018; lost to Amazon core; low impact,Experiments need wins
Zappos Local,Retail,Giants,Faded 2020; lost to Amazon; low uptake,Local needs pull
Zing,Retail,Giants,Closed 2018; lost to Amazon; low scale,Gadgets need giants
Zola Books,Retail,Giants,Faded 2019; lost to Amazon; low demand,Books need scale
Airy Labs,Information,Giants,Shut down in 2012 after chaotic sprint; too many games; no focus; cash ran out,Focus beats frenzy
Ask Jeeves,Information,Giants,Faded by 2007; lost to Google's algorithm and ad model; sold off,Innovation isn't enough
Bebo,Information,Giants,Shut down in 2019; lost to Facebook; AOL mismanagement; sold cheap,Network effects can crush
Canvas,Information,Giants,Shut down in 2017; lost to Google Docs; Dropbox Paper; no differentiation,Stand out or drown
Cloudera,Information,Giants,Wound down 2023; lost to AWS; Google BigQuery; went private,Giants eat niches
Cocoon,Information,Giants,Shut down 2022; lost to VPNs; Chrome; trust waned,Trust is currency
CollabFinder,Information,Giants,Shut down 2018; too niche; lost to GitHub; LinkedIn,Networks need mass
Color Labs,Information,Giants,Closed 2014; confused users; lost to Instagram; Apple absorbed,Hype can't save fit
Connect,Information,Giants,Shut down 2016; lost to Facebook's own features; privacy issues,Don't bet on turf
Coub,Information,Giants,Closed 2021; couldn't monetize; lost to TikTok,Timing and scale brutal
Domo,Information,Giants,Scaled back 2023; lost to Tableau; Power BI; high costs,Big bets need wins
Dropbox Paper,Information,Giants,Shut down 2021; lost to Google Docs; Notion,Stick to strengths
Evernote,Information,Giants,Declined 2019; bloated features; lost to OneNote,Simplicity beats bloat
EyeEm,Information,Giants,Shut down 2023; lost to Getty; Unsplash,Scale beats niche
Factual,Information,Giants,Closed 2022; merged into Foursquare; lost to Google Maps,Data's only gold if sold
Formspring,Information,Giants,Shut down 2016; bullying scared users; lost to Facebook,Toxicity's a sword
Foursquare Swarm,Information,Giants,Ended 2021; check-ins faded; lost to Instagram,Trends fade fast
Friendster,Information,Giants,Faded 2014; slow servers; lost to Facebook,Speed and UX trump
GeoCities,Information,Giants,Shut down 2005; Yahoo neglect; lost to blogs,Adapt or atrophy
GetGlue,Information,Giants,Closed 2016; Twitter; streaming outpaced; sold off,Niche trends risky
Gigya,Information,Giants,Ended 2018; SAP acquisition; lost to Google login,Regs and giants choke
Grooveshark,Information,Giants,Shut down 2017; lawsuits over piracy; lost to Spotify,Legality's key
HootSuite Media,Information,Giants,Scaled back 2023; lost to Sprout Social; native tools,Cash can't outrun
Houseparty,Information,Giants,Shut down 2021; Epic acquired; lost to Zoom,Peaks don't last
Huddle,Information,Giants,Faded 2018; lost to Slack; Teams; sold off,Ecosystems win
Hulu Japan,Information,Giants,Shut down 2019; sold to Nippon TV; lost to Netflix,Local beats generic
Inkling,Information,Giants,Closed 2020; lost to Kindle; Google Books,Niche needs demand
Instagram Live,Information,Giants,Phased out 2021; lost to TikTok; Meta shifted,Features can fade
Intercom,Information,Giants,"Startup phase ""shut down"" 2023; lost to Zendesk",Giants catch up
Invision,Information,Giants,Scaled back 2023; lost to Figma; Adobe,Better beats big
Jawbone,Information,Giants,Shut down 2017; lost to Fitbit; buggy tech,Execution outranks cash
Kik,Information,Giants,Shut down 2022; privacy scandals; lost to WhatsApp,Trust is king
Medium One,Information,Giants,Shut down 2020; lost to AWS IoT; low visibility,Giants dominate IoT
Mixpanel,Information,Giants,"Startup phase ""shut down"" 2023; lost to Amplitude",Lead or lose
Mobli,Information,Giants,Shut down 2017; lost to Instagram,Stars don't guarantee
Music.ly,Information,Giants,Merged into TikTok 2018; couldn't scale solo,Small fish swallowed
MySpace,Information,Giants,Faded 2018; lost to Facebook; News Corp mismanaged,UX trumps leads
Netscape,Information,Giants,Shut down 2003; lost to Microsoft IE,Titans tilt field
Nuzzel,Information,Giants,Shut down 2019; Scroll acquired; lost to Twitter,Platforms evolve
Path,Information,Giants,Closed 2018; niche; privacy scandal,Privacy's tightrope
Periscope,Information,Giants,Shut down 2020; lost to Instagram Live,Trends shift platforms
Photobucket,Information,Giants,Faded 2018; lost to Instagram; paywall backlash,Don't alienate base
Pinterest UK,Information,Giants,Phased out 2020; absorbed by global Pinterest,Global trumps silos
Piston Cloud,Information,Giants,Sold 2017; lost to AWS; OpenStack free,Free kills premium
Plex,Information,Giants,"Startup phase ""shut down"" 2023; lost to Netflix",Niche caps growth
Quibb,Information,Giants,Shut down 2019; too niche; lost to LinkedIn,Niche needs scale
Quid,Information,Giants,Merged 2020; lost to Google Trends,Differentiation's key
Quixey,Information,Giants,Shut down 2017; lost to Apple/Google search,Solve a real pain
Rap Genius,Information,Giants,Pivoted 2020; couldn't monetize; lost to Spotify,Monetize or fade
Refresh,Information,Giants,"Acquired 2015; ""closed"" 2016; lost to LinkedIn",Big fish eat ideas
Riffsy,Information,Giants,"Acquired 2018; ""closed"" 2019; lost to Gboard",Small gets scooped
Rockmelt,Information,Giants,Shut down 2014; lost to Chrome; Yahoo bought,Simple beats quirky
ShareThis,Information,Giants,Faded 2020; lost to native sharing,Platforms steal thunder
Songza,Information,Giants,"Acquired 2014; ""closed"" 2017; lost to Spotify",Small fries eaten
SoundCloud Go,Information,Giants,Phased out 2022; free users didn't convert,Free roots deep
Soundwave,Information,Giants,Shut down 2016; lost to Spotify,Crowds beat cults
Spoke,Information,Giants,Closed 2021; lost to Slack bots,Giants gobble niches
Tango,Information,Giants,Faded 2020; lost to Zoom,Cash can't crowd out
TinyChat,Information,Giants,Faded 2018; lost to Zoom,Basics beat quirky
TokBox,Information,Giants,"Acquired 2012; ""closed"" 2018; lost to Zoom",APIs eat pioneers
Top Hat,Information,Giants,"Startup phase ""shut down"" 2022; lost to Google Classroom",Niche edtech ceilings
Topix,Information,Giants,Shut down 2018; lost to Facebook,Social kills local
Tumblr,Information,Giants,Faded 2020; Yahoo mismanaged; porn ban,Mismanagement burns
Treehouse,Information,Giants,Sold 2022; lost to free resources,Free eats paid
TuneIn Premium,Information,Giants,Phased out 2021; free users didn't pay,Free roots stifle
Twilio SendGrid,Information,Giants,"Startup phase ""shut down"" 2023; lost to Mailchimp",Giants crowd out
Twitter Fabric,Information,Giants,Shut down 2020; Google bought parts,Focus drifts kill
Twitter Music,Information,Giants,Shut down 2015; lost to Spotify,Stick to core
Vdio,Information,Giants,Shut down 2015; lost to Netflix,Timing's everything
Vine,Information,Giants,Shut down 2017; Twitter neglected; lost to Snapchat,Neglect kills hits
Whisper,Information,Giants,Faded 2020; toxicity; lost to Snapchat,Anonymity's gamble
WhoSay,Information,Giants,Shut down 2019; lost to X,Middlemen get cut
Wishbone,Information,Giants,Faded 2019; lost to Instagram Stories,Fads burn out
Woo,Information,Giants,Closed 2018; lost to Tinder,Giants rule dating
Xmarks,Information,Giants,Shut down 2014; lost to browser sync,Tech shifts bury
Xobni,Information,Giants,"Acquired 2013; ""closed"" 2013; lost to Gmail",Features swallow
Yahoo Groups,Information,Giants,Shut down 2013; Yahoo neglect,Neglect kills legacy
Yammer,Information,Giants,"Acquired 2012; ""closed"" 2018; lost to Slack",Buyouts can bury
Yik Yak,Information,Giants,Shut down 2018; toxicity; lost to Snapchat,Anonymity's beast
Yola,Information,Giants,Faded 2020; lost to Wix,Polish beats early
YouNow,Information,Giants,Faded 2022; lost to Twitch,Scale owns live
Zendesk Chat,Information,Giants,Phased out 2023; lost to Intercom,Features fade
Ziddu,Information,Giants,Faded 2019; lost to Dropbox,Free evolves fast
Zombie Labs,Information,Giants,Shut down 2020; lost to Supercell,Giants crush niches
Zoomdata,Information,Giants,Sold 2021; lost to Tableau,Ecosystems win
Zscaler Shift,Information,Giants,Phased out 2023; lost to CrowdStrike,Sidekicks fade
Zulily,Information,Giants,Sold 2019; lost to Amazon,Deals die fast
Zumper Pro,Information,Giants,Phased out 2021; free listings won,Free trumps tiers
Zurb,Information,Giants,Faded 2013; lost to Figma,Old tools rust
Zuuka,Information,Giants,Shut down 2017; lost to Epic!,Kids' tech brutal
Zynga Games,Information,Giants,Faded 2019; mobile shift; sold 2022,Platforms shift
Bitpass,Information,Giants,Shut down 2008; friction; lost to PayPal,Friction kills
Blync,Information,Giants,Faded 2018; lost to Instagram Stories,Trends trump toys
BountyJobs,Information,Giants,Faded 2021; lost to LinkedIn,Scale beats middlemen
BranchOut,Information,Giants,Shut down 2017; lost to LinkedIn,Platforms don't mix
Burstly,Information,Giants,"Acquired 2014; ""closed"" 2014; lost to Apple",Buyouts can end
CloudHammer,Information,Giants,Shut down 2012; lost to AWS,Giants rewrite rules
Crunchyroll,Information,Giants,Sold 2021; lost to Netflix,Niches get nabbed
Curse,Information,Giants,"Acquired 2016; ""closed"" 2020; lost to Discord",Newcomers steal
DailyBurn,Information,Giants,Sold 2010; faded 2019; lost to Fitbit,Tiny bets fade
Dailylook,Information,Giants,Faded 2020; lost to Stitch Fix,Scale trumps style
Deem,Information,Giants,Sold 2014; lost to Concur,Old tech rusts
Detour,Information,Giants,Sold 2019; shut down; lost to Google Maps,Free beats curated
Disruptive Media,Information,Giants,Closed 2017; lost to Medium,Giants own content
Divshot,Information,Giants,"Acquired 2015; ""closed"" 2016; lost to Netlify",Small exits quick
Drawbridge,Information,Giants,Sold 2021; privacy regs; lost to Google,Regs reshape ads
Dunwello,Information,Giants,Closed 2018; lost to Upwork,Networks need mass
Everalbum,Information,Giants,Shut down 2019; lost to Google Photos,Giants own storage
Friend.ly,Information,Giants,Closed 2013; lost to X,Fads need legs
Frontback,Information,Giants,Shut down 2016; lost to Instagram,Quirks don't scale
Froyo,Information,Giants,Closed 2016; lost to Candy Crush,Hits beat casual
GoAnimate,Information,Giants,Sold 2021; lost to Powtoon,Scale beats tools
Hitpost,Information,Giants,Closed 2013; lost to X,Giants own fandom
Homer,Information,Giants,Sold 2019; lost to Epic!,Kids' ed needs scale
Humanoid,Information,Giants,Closed 2017; lost to Medium,Curation needs clout
Avant,Finance,No Budget,Lost to LendingClub and high defaults,Lending needs risk balance
Upstart,Finance,No Budget,Lost to banks and high defaults,Lending needs stability
Wise,Finance,No Budget,Lost to PayPal and high costs,Transfers need edge
Dinner Lab,Food service,No Budget,Closed 2017; high costs; low demand,Events need economics
Flowtab,Food service,No Budget,Closed 2014; low adoption; lost to POS systems,Convenience needs converts
Grubwithus,Food service,No Budget,Closed 2015; waned demand; high costs,Social dining needs crowd
Nosh,Food service,No Budget,Closed 2017; low demand; lost to HelloFresh,Health needs scale
SpoonRocket,Food service,No Budget,Closed 2017; thin margins; lost to DoorDash,Speed costs too much
Deskbeers,Food service,No Budget,Closed 2019; niche; lost to local bars,Booze needs breadth
Aira Health,Health care,No Budget,Small user base and cash shortage,Niche apps need big audiences
Arivale,Health care,No Budget,High costs and low demand,Premium needs mass market
Babylon Health,Health care,No Budget,Overexpansion and losses,Quality must match scale
Call9,Health care,No Budget,Slow growth and high costs,Execution must scale
Cardiogram,Health care,No Budget,Monetization and differentiation woes,Validation is key
CareSync,Health care,No Budget,No payer contracts and revenue,Need payer buy-in
Cue Health,Health care,No Budget,Post-COVID crash and costs,Plan for cycles
Doxy.me,Health care,No Budget,Free model unsustainable,Monetization is key
Driver,Health care,No Budget,Bad pricing and funding,Validate willingness to pay
Dthera Sciences,Health care,No Budget,Small market and funding,Niche needs deep pockets
Ginger,Health care,No Budget,High costs and merged,Profitability matters
Goldfinch Bio,Health care,No Budget,Funding dried up and slow progress,Timing is critical
Healx,Health care,No Budget,Funding crunch and slow results,Deliver or downsize
HealthRiser,Health care,No Budget,Lost to Fitbit and costs,Mass appeal needed
HealthSpot,Health care,No Budget,Lost to software rivals,Flexibility beats rigidity
Luminary Labs,Health care,No Budget,Crowded market and cash out,Validate niche early
MediChain,Health care,No Budget,Lost to Epic and crypto crash,Real-world buy-in needed
Medicasafe,Health care,No Budget,High costs and low uptake,Simple beats complex
Olive,Health care,No Budget,Downturn and mismanagement,Adapt to shifts
Outset Medical,Health care,No Budget,Production snags and competition,Flawless execution needed
Proteus Digital Health,Health care,No Budget,Failed partnership and costs,Don’t bet on one partner
Sprig,Health care,No Budget,High costs and competition,Need cost advantage
StethoCloud,Health care,No Budget,Distribution and funding,Mission needs business model
Airware,Manufacturing,No Budget,Lost to DJI and high costs,Drones need simplicity
Anki,Manufacturing,No Budget,High costs and competition from Lego/Sphero,Consumer hardware needs mass pricing
Better Place,Manufacturing,No Budget,Lost to Tesla and high infra costs,Infra needs buy-in
Butterfly Network,Manufacturing,No Budget,Lost to GE/Philips and slow adoption,Medical hardware needs fast inroads
Dyson's EV Project,Manufacturing,No Budget,Lost to Tesla/Nio and high costs,EVs are a giant’s game
Essential Products,Manufacturing,No Budget,Poor sales vs Apple/Samsung,Smartphone giants are unbeatable
Faraday Future,Manufacturing,No Budget,Mismanagement and Tesla/Rivian competition,EV hype needs execution
Fisker Automotive,Manufacturing,No Budget,Lost to Tesla and supplier failure,Luxury EVs need reliability
Juicero,Manufacturing,No Budget,Overkill product vs Ninja/Breville,Hardware must solve real problems
Light,Manufacturing,No Budget,Smartphones caught up,Cameras can’t outrun trends
Lily Robotics,Manufacturing,No Budget,Couldn’t deliver vs DJI,Don’t overpromise hardware
Lytro,Manufacturing,No Budget,Smartphones matched it vs Canon/Nikon,Cameras can’t beat smartphones
Quanergy,Manufacturing,No Budget,Lost to Velodyne/Luminar and delays,LiDAR needs booming market
Rethink Robotics,Manufacturing,No Budget,Lost to Universal Robots/Fanuc,Robotics demands ROI
Skully Helmets,Manufacturing,No Budget,Mismanagement and no product vs Nolan/Shoei,AR needs execution
Zume,Manufacturing,No Budget,High costs vs Domino’s/Papa John’s,Food tech needs efficiency
99dresses,Retail,No Budget,Shut down 2013; low retention; funding fell through,Retention is king
AllRomance,Retail,No Budget,Closed 2016; financial losses; lost to Kindle,Adapt or die
Augury Books,Retail,No Budget,Closed 2017; couldn't scale; lost to Amazon,Niche retail bleeds
Beepi,Retail,No Budget,Shut down 2017; high shipping costs; cash burned out,Costs can kill
Carwoo,Retail,No Budget,Closed 2015; dealers resisted; cash ran dry,Resistance stalls disruption
Chinictown,Retail,No Budget,Closed 2017; lost to Amazon; shipping delays,Speed beats novelty
Crate,Retail,No Budget,Shut down 2018; soft demand; high logistics costs,Niche needs a hook
Din,Retail,No Budget,Closed 2016; local limits; lost to Instacart,Local limits growth
Ecomom,Retail,No Budget,Shut down 2013; mismanagement; lost to Amazon,Execution beats ethos
ElectricObjects,Retail,No Budget,Closed 2020; niche demand; lost to TVs,Hardware's a gamble
Fiksu,Retail,No Budget,Faded 2018; lost to Google/Facebook ads,Giants own ads
Imercive,Retail,No Budget,Closed 2015; lost to Amazon; low adoption,Innovation needs buyers
Kozmo.com,Retail,No Budget,Closed 2002; free delivery killed margins; dot-com bust,Free's a trap
MoveLoot,Retail,No Budget,Closed 2017; logistics costs; lost to eBay,Logistics sink niches
Pets.com,Retail,No Budget,Shut down 2000; high shipping costs; dot-com bust,Margins beat hype
Shopkick,Retail,No Budget,Faded 2020; sold to Trax; lost to Amazon,Loyalty needs giants
Webvan,Retail,No Budget,Shut down 1999; overspent on warehouses; dot-com bust,Scale needs demand
Airy Labs,Information,No Budget,Shut down in 2012 after chaotic sprint; too many games; no focus; cash ran out,Focus beats frenzy
CollabFinder,Information,No Budget,Shut down 2018; too niche; lost to GitHub; LinkedIn,Networks need mass
Exec,Information,No Budget,Shut down 2015; thin margins; lost to TaskRabbit,Margins matter
Maker Media,Information,No Budget,Closed 2019; print declined; events didn't cover costs,Passion doesn't pay
NewsTilt,Information,No Budget,Closed 2012; no journalists or readers; misread need,Markets need sides
Quibb,Information,No Budget,Shut down 2019; too niche; lost to LinkedIn,Niche needs scale
Woo,Information,No Budget,Closed 2018; lost to Tinder,Giants rule dating
Yo,Information,No Budget,Faded 2018; novelty; no depth,Gimmicks don't last
Zombie Labs,Information,No Budget,Shut down 2020; lost to Supercell,Giants crush niches
Bitpass,Information,No Budget,Shut down 2008; friction; lost to PayPal,Friction kills
CloudHammer,Information,No Budget,Shut down 2012; lost to AWS,Giants rewrite rules
DailyBurn,Information,No Budget,Sold 2010; faded 2019; lost to Fitbit,Tiny bets fade
Avant,Finance,Competition,Lost to LendingClub and high defaults,Lending needs risk balance
Bitpass,Finance,Competition,Lost to PayPal and low adoption,Micropayments need mass use
Cake Financial,Finance,Competition,Lost to Mint and sold to TradeKing,Finance tools need scale
Circle,Finance,Competition,Lost to Coinbase and market shifts,Crypto needs stability
Clarity Money,Finance,Competition,Lost to Mint/Acorns and sold to Goldman,Finance apps need edge
Clinkle,Finance,Competition,No product vs Apple Pay/PayPal,Execution over promises
Coinbase NFT,Finance,Competition,Lost to OpenSea and NFT crash,NFTs need timing
FundersClub,Finance,Competition,Lost to Kickstarter and low ROI,Crowdfunding needs hits
Fuze Network,Finance,Competition,Lost to Green Dot and small scale,Prepaid needs reach
Indiegogo Life,Finance,Competition,Lost to GoFundMe and niche focus,Personal funding needs appeal
Isentium,Finance,Competition,Lost to Bloomberg and low uptake,Trading tools need traction
LendUp,Finance,Competition,Regulatory fines and OppLoans competition,Fintech can’t skirt regs
LendingClub,Finance,Competition,Lost to banks and trust issues,P2P needs trust
LendLayer,Finance,Competition,Lost to Affirm and sold,Small niches get swallowed
Loyal3,Finance,Competition,Lost to Robinhood and closed,Brokerages need volume
Money360,Finance,Competition,Lost to Fundrise and slow growth,Lending needs scale
Monitor110,Finance,Competition,Lost to Bloomberg and early market,Timing is key
Mozido,Finance,Competition,Lost to Square and mismanagement,Payments need execution
Pawngo,Finance,Competition,Lost to traditional pawnshops and niche,Niche lending needs demand
Pay By Touch,Finance,Competition,Lost to PayPal and tech issues,Biometrics need reliability
Plum Will,Finance,Competition,Lost to LegalZoom and low uptake,Estate tech needs traction
PoundPay,Finance,Competition,Lost to Stripe and sold,Payments need scale
ReadyForZero,Finance,Competition,Lost to Credit Karma and sold,Debt tools need edge
RushCard,Finance,Competition,Lost to Chime and trust issues,Prepaid needs trust
Seed,Finance,Competition,Lost to Brex and closed,Banking needs scale
Sensible,Finance,Competition,Lost to Even and niche,Niche finance needs reach
SigFig,Finance,Competition,Lost to Wealthfront and sold,Robo-advisors need edge
Simple,Finance,Competition,Lost to Chime/Ally and shut post-BBVA sale,Neobanks need independence
SmartAsset,Finance,Competition,Lost to NerdWallet and slow growth,Planning needs traction
SoFi Social,Finance,Competition,Lost to Robinhood and niche,Social finance needs scale
Square Cash,Finance,Competition,Lost to Venmo and pivoted,Payments need dominance
Taulia,Finance,Competition,Lost to Coupa and sold,Finance needs edge
Tilt,Finance,Competition,Lost to GoFundMe and sold,Crowdfunding needs mass
Toshl,Finance,Competition,Lost to Mint and low scale,Finance apps need reach
TrustEgg,Finance,Competition,Lost to traditional trusts and niche,Niche needs demand
Upstart,Finance,Competition,Lost to banks and high defaults,Lending needs stability
Vemo,Finance,Competition,Lost to Lambda School and regs,ISAs need traction
Venmo Groups,Finance,Competition,Lost to Splitwise and niche,Niche payments need use
Vittana,Finance,Competition,Lost to SoFi and low scale,Microloans need reach
Wealthfront Cash,Finance,Competition,Lost to Ally and pivoted,Savings need edge
Wealthsimple Trade,Finance,Competition,Lost to Robinhood and pivoted,Trading needs volume
Wepay,Finance,Competition,Lost to Stripe and sold,Payments need scale
Wesabe,Finance,Competition,Lost to Mint and early market,Timing matters
Wise,Finance,Competition,Lost to PayPal and high costs,Transfers need edge
YayPay,Finance,Competition,Lost to Bill.com and sold,Automation needs scale
Ycharts,Finance,Competition,Lost to Bloomberg and sold,Data needs dominance
ZestFinance,Finance,Competition,Lost to Upstart and regs,Lending needs compliance
Cafe X,Food service,Competition,Closed 2021; low adoption; lost to Starbucks,Humans trump robots
Caviar,Food service,Competition,Sold 2020; couldn't scale; lost to DoorDash,Premium loses to scale
Chef'd,Food service,Competition,Closed 2019; high costs; lost to Blue Apron,Costs cook meal kits
ChowNow,Food service,Competition,Faded 2023; lost to DoorDash,Middlemen get squeezed
Clover,Food service,Competition,Closed 2020; niche; lost to McDonald's,Niche eats need taste
Curb Food,Food service,Competition,Closed 2023; tech glitches; lost to DoorDash,Robots need results
Foodler,Food service,Competition,Sold 2018; lost to Grubhub,Aggregators need scale
Maple,Food service,Competition,Closed 2019; high costs; lost to DoorDash,Premium food needs profit
Munchery,Food service,Competition,Bankruptcy 2018; overexpansion; lost to Grubhub,Expansion eats cash
Nosh,Food service,Competition,Closed 2017; low demand; lost to HelloFresh,Health needs scale
OrderAhead,Food service,Competition,Sold 2017; lost to DoorDash,Pickup needs giants
Presto,Food service,Competition,Closed 2020; low adoption; lost to Ziosk,Tech needs diners
Revolution Foods,Food service,Competition,Faded 2021; high costs; lost to Aramark,Schools squeeze margins
Ritual,Food service,Competition,Faded 2022; lost to DoorDash; pickup waned,Delivery beats pickup
SpoonRocket,Food service,Competition,Closed 2017; thin margins; lost to DoorDash,Speed costs too much
Sprig,Food service,Competition,Closed 2017; high costs; lost to Uber Eats,Organic's pricey
Zesty,Food service,Competition,Closed 2019; high costs; lost to DoorDash,Health needs scale
Zomato Base,Food service,Competition,Phased out 2020; lost to Toast,Tools need focus
HelloFresh Recipe,Food service,Competition,Phased out 2020; lost to Blue Apron,Spinoffs need spark
Tastemade Travel,Food service,Competition,Faded 2022; low demand; lost to Airbnb,Travel eats budgets
Aira Health,Health care,Competition,Small user base and cash shortage,Niche apps need big audiences
Amino,Health care,Competition,Lost to Zocdoc/GoodRx and slow adoption,Narrow focus beats broad
Augmedix,Health care,Competition,Lost to software rivals and acquired,Flexibility beats rigidity
Avizia,Health care,Competition,Outpaced by bigger rivals and acquired,Niche needs a moat
Babylon Health,Health care,Competition,Overexpansion and losses,Quality must match scale
Basis,Health care,Competition,Overheating and competition,Reliability is make-or-break
Better,Health care,Competition,Crowded market and no differentiation,Unique value is critical
BetterHelp,Health care,Competition,Trust issues and competition,Trust comes first
BioBeats,Health care,Competition,Lost to bigger players and acquired,Standout use case needed
Cardiogram,Health care,Competition,Monetization and differentiation woes,Validation is key
CareZone,Health care,Competition,Lost to free tools and sold,Defensible revenue matters
Clarityn,Health care,Competition,Lost to IDx and regulatory delays,Regulatory wins are key
Doxy.me,Health care,Competition,Free model unsustainable,Monetization is key
Eargo,Health care,Competition,Fraud allegations and competition,Trust is king
FitStar,Health care,Competition,Lost steam and acquired,Killer edge needed
Ginger,Health care,Competition,High costs and merged,Profitability matters
HealthRiser,Health care,Competition,Lost to Fitbit and costs,Mass appeal needed
HealthSpot,Health care,Competition,Lost to software rivals,Flexibility beats rigidity
HealthTap+,Health care,Competition,Low retention and pivot,Sticky engagement needed
HealthifyMe,Health care,Competition,Slow retention and pivot,Evolve or lose
InTouch Health,Health care,Competition,Scalability issues and sold,Plan for acquisition
Jawbone,Health care,Competition,Competition and quality issues,Differentiate or die
Lantern Pharma,Health care,Competition,Slow results and pivot,Quick wins matter
Luminary Labs,Health care,Competition,Crowded market and cash out,Validate niche early
MediChain,Health care,Competition,Lost to Epic and crypto crash,Real-world buy-in needed
Mindstrong,Health care,Competition,No actionable insights,Prove outcomes
Modern Health,Health care,Competition,Layoffs and valuation cuts,Growth must match fundamentals
Nurx,Health care,Competition,Reg hurdles and competition,Scale and compliance
Outset Medical,Health care,Competition,Production snags and competition,Flawless execution needed
Pear Therapeutics,Health care,Competition,Reimbursement woes,Therapeutics need economics
Scanadu,Health care,Competition,Regulatory delays and competition,Speed to market matters
Sherpaa,Health care,Competition,Slow uptake and sold,Big clients fast
Sprig,Health care,Competition,High costs and competition,Need cost advantage
Tinnitracks,Health care,Competition,Limited proof and market,Evidence matters
Zeo,Health care,Competition,Competition and no viable model,Broad appeal needed
Airware,Manufacturing,Competition,Lost to DJI and high costs,Drones need simplicity
Anki,Manufacturing,Competition,High costs and competition from Lego/Sphero,Consumer hardware needs mass pricing
Aptera Motors,Manufacturing,Competition,Lost to Tesla and quirky design,EVs need mainstream appeal
Aria Insights,Manufacturing,Competition,Small market and lost to DJI/Skydio,Hardware niches need big adopters
August Home,Manufacturing,Competition,Lost to Ring/Nest and acquired,Smart home needs ecosystem power
BeagleBone,Manufacturing,Competition,Lost to Raspberry Pi and small niche,Open-source needs community
Better Place,Manufacturing,Competition,Lost to Tesla and high infra costs,Infra needs buy-in
Butterfly Network,Manufacturing,Competition,Lost to GE/Philips and slow adoption,Medical hardware needs fast inroads
Cubelets,Manufacturing,Competition,Lost to Lego/Sphero and niche focus,Edtech needs scale
Dyson's EV Project,Manufacturing,Competition,Lost to Tesla/Nio and high costs,EVs are a giant’s game
Elio Motors,Manufacturing,Competition,Lost to Toyota/Honda and delays,Cheap cars need delivery
Essential Products,Manufacturing,Competition,Poor sales vs Apple/Samsung,Smartphone giants are unbeatable
Faraday Future,Manufacturing,Competition,Mismanagement and Tesla/Rivian competition,EV hype needs execution
Fisker Automotive,Manufacturing,Competition,Lost to Tesla and supplier failure,Luxury EVs need reliability
GoPro Karma,Manufacturing,Competition,Lost to DJI and recall issues,Drones need perfection
Hello,Manufacturing,Competition,Lost to Fitbit/Apple Watch,Sleep tech must be wearable
Jawbone,Manufacturing,Competition,Competition and quality issues,Fitness hardware needs quality
Juicero,Manufacturing,Competition,Overkill product vs Ninja/Breville,Hardware must solve real problems
Light,Manufacturing,Competition,Smartphones caught up,Cameras can’t outrun trends
Lily Robotics,Manufacturing,Competition,Couldn’t deliver vs DJI,Don’t overpromise hardware
Lytro,Manufacturing,Competition,Smartphones matched it vs Canon/Nikon,Cameras can’t beat smartphones
MakerBot,Manufacturing,Competition,Lost to Ultimaker/Prusa post-acquisition,3D printing needs precision
Osmo Systems,Manufacturing,Competition,Niche market vs Hach,IoT needs a big niche
Pearl Automation,Manufacturing,Competition,Lost to Tesla/Ford built-ins,Auto tech must beat OEMs
Pebble,Manufacturing,Competition,Lost to Apple Watch and sold,Smartwatches need ecosystems
Quanergy,Manufacturing,Competition,Lost to Velodyne/Luminar and delays,LiDAR needs booming market
Rethink Robotics,Manufacturing,Competition,Lost to Universal Robots/Fanuc,Robotics demands ROI
Skully Helmets,Manufacturing,Competition,Mismanagement and no product vs Nolan/Shoei,AR needs execution
Thalmic Labs,Manufacturing,Competition,Lost to Leap Motion/Oculus and sold,Wearables need a killer app
Zume,Manufacturing,Competition,High costs vs Domino’s/Papa John’s,Food tech needs efficiency
Ahalife,Retail,Competition,Closed 2017; high marketing costs; lost to Amazon,Niche doesn't defend
Auctionata,Retail,Competition,Shut down 2018; high costs; lost to eBay; valuation scandal,Trust and economics matter
Boxed,Retail,Competition,Bankruptcy 2021; lost to Amazon; high shipping costs,Scale trumps convenience
BurstIQ,Retail,Competition,Faded 2022; low adoption; lost to data brokers,Tech alone doesn't sell
Carwoo,Retail,Competition,Closed 2015; dealers resisted; cash ran dry,Resistance stalls disruption
Catelyn,Retail,Competition,Shut down 2018; low demand; lost to Stitch Fix,Niche needs traction
Combatant Gentlemen,Retail,Competition,Bankruptcy 2020; overexpansion; quality issues,Quality over growth
ContextLogic,Retail,Competition,Faded 2023; low-quality goods; lost to Amazon,Cheap doesn't last
Din,Retail,Competition,Closed 2016; local limits; lost to Instacart,Local limits growth
Dot & Bo,Retail,Competition,Shut down 2018; overexpansion; lost to Wayfair,Cash burn kills curation
Drizly,Retail,Competition,Sold 2021; faded 2023; Uber struggled with regs,Regs and giants choke
Drync,Retail,Competition,Closed 2019; lost to Wine.com; low margins,Niche needs volume
Fab.com,Retail,Competition,Sold 2018; overexpansion; lost to Amazon,Growth needs profit
Fobo,Retail,Competition,Closed 2017; low adoption; lost to DoorDash,Supply needs demand
Goldbely,Retail,Competition,Sold 2019; shipping costs; lost to DoorDash,Logistics eat profits
Good Eggs,Retail,Competition,Scaled back 2022; high costs; lost to Amazon Fresh,Freshness costs
Groupon Now,Retail,Competition,Phased out 2015; low need; lost to Yelp,Timing trumps deals
Havenly,Retail,Competition,"Startup phase ""shut down"" 2023; lost to Wayfair",Scale beats service
Heyday,Retail,Competition,Closed 2023; lost to Sephora; high costs,Personalization's pricey
Homejoy,Retail,Competition,Shut down 2016; legal issues; lost to Handy,Service needs trust
Hush,Retail,Competition,Closed 2020; lost to Casper; low scale,Niche needs edge
Ibotta,Retail,Competition,Faded 2022; lost to Rakuten; low retailer uptake,Loyalty needs scale
Ipsy,Retail,Competition,Faded 2023; lost to Sephora; saturated market,Subscriptions saturate
Ista,Retail,Competition,Closed 2018; lost to Rent the Runway; low demand,Rentals need pull
JustFab,Retail,Competition,Faded 2022; billing complaints; lost to Nordstrom,Trust trumps trends
Karma,Retail,Competition,Closed 2018; lost to Groupon; low scale,Deals need reach
Lot18,Retail,Competition,Faded 2018; lost to Wine.com; low margins,Niche needs profit
Markafoni,Retail,Competition,Closed 2018; lost to local rivals; high costs,Local giants win
Memebox,Retail,Competition,Faded 2021; lost to Sephora; saturated market,Beauty saturates
Nasty Gal,Retail,Competition,Bankruptcy 2017; mismanagement; lost to ASOS,Growth needs control
One Kings Lane,Retail,Competition,Sold 2019; lost to Wayfair; high costs,Scale beats decor
Outdoor Voices,Retail,Competition,Faded 2022; lost to Lululemon; overexpansion,Fashion needs edge
Plum District,Retail,Competition,Faded 2017; lost to Groupon; deal fatigue,Deals fade fast
Poshmark UK,Retail,Competition,Faded 2020; lost to Depop; low UK traction,Resale needs local
Rent the Runway UK,Retail,Competition,Faded 2021; lost to local rivals; low demand,Rentals need fit
RetailMeNot UK,Retail,Competition,Faded 2020; lost to local sites; deal fatigue,Coupons fade too
ShopKeep,Retail,Competition,Faded 2020; lost to Square; low scale,POS needs giants
ThredUp Goody,Retail,Competition,Faded 2023; lost to ThredUp core; low demand,Resale needs core
Thrive Market Organic,Retail,Competition,Faded 2023; lost to Whole Foods; high costs,Organic needs scale
ToVieFor,Retail,Competition,Closed 2015; lost to Gilt; deal fatigue,Deals tire out
Tradesy,Retail,Competition,Faded 2021; lost to The RealReal; low scale,Luxury needs reach
Trunk Club,Retail,Competition,Shut down 2019; Nordstrom flopped; lost to Stitch Fix,Curation needs scale
Yelp Deals,Retail,Competition,Faded 2019; lost to Groupon; deal fatigue,Deals fade out
Zaarly,Retail,Competition,Faded 2017; lost to TaskRabbit; low scale,Services need reach
Canvas,Information,Competition,Shut down in 2017; lost to Google Docs; Dropbox Paper; no differentiation,Stand out or drown
Cloudera,Information,Competition,Wound down 2023; lost to AWS; Google BigQuery; went private,Giants eat niches
Cocoon,Information,Competition,Shut down 2022; lost to VPNs; Chrome; trust waned,Trust is currency
Codeacademy,Information,Competition,"Acquired 2021; ""closed"" 2022; free tiers didn't convert; lost to Coursera",Freemium's a gamble
CollabFinder,Information,Competition,Shut down 2018; too niche; lost to GitHub; LinkedIn,Networks need mass
Color Labs,Information,Competition,Closed 2014; confused users; lost to Instagram; Apple absorbed,Hype can't save fit
Coub,Information,Competition,Closed 2021; couldn't monetize; lost to TikTok,Timing and scale brutal
Domo,Information,Competition,Scaled back 2023; lost to Tableau; Power BI; high costs,Big bets need wins
Digg,Information,Competition,Faded 2018; redesign tanked; lost to Reddit; sold cheap,User loyalty fragile
Drifty,Information,Competition,Closed 2019; open-source didn't monetize; lost to React Native,Free doesn't pay
Dropbox Paper,Information,Competition,Shut down 2021; lost to Google Docs; Notion,Stick to strengths
Evernote,Information,Competition,Declined 2019; bloated features; lost to OneNote,Simplicity beats bloat
Exec,Information,Competition,Shut down 2015; thin margins; lost to TaskRabbit,Margins matter
EyeEm,Information,Competition,Shut down 2023; lost to Getty; Unsplash,Scale beats niche
Factual,Information,Competition,Closed 2022; merged into Foursquare; lost to Google Maps,Data's only gold if sold
Foursquare Swarm,Information,Competition,Ended 2021; check-ins faded; lost to Instagram,Trends fade fast
Friendster,Information,Competition,Faded 2014; slow servers; lost to Facebook,Speed and UX trump
GetGlue,Information,Competition,Closed 2016; Twitter; streaming outpaced; sold off,Niche trends risky
Gowalla,Information,Competition,Shut down 2012; lost to Foursquare; Facebook acquired,Winners take all
Grooveshark,Information,Competition,Shut down 2017; lawsuits over piracy; lost to Spotify,Legality's key
HootSuite Media,Information,Competition,Scaled back 2023; lost to Sprout Social; native tools,Cash can't outrun
Houseparty,Information,Competition,Shut down 2021; Epic acquired; lost to Zoom,Peaks don't last
Huddle,Information,Competition,Faded 2018; lost to Slack; Teams; sold off,Ecosystems win
Hulu Japan,Information,Competition,Shut down 2019; sold to Nippon TV; lost to Netflix,Local beats generic
IFTTT,Information,Competition,Scaled back 2022; free users didn't pay; lost to Zapier,Free can trap
Inkling,Information,Competition,Closed 2020; lost to Kindle; Google Books,Niche needs demand
Instagram Live,Information,Competition,Phased out 2021; lost to TikTok; Meta shifted,Features can fade
Intercom,Information,Competition,"Startup phase ""shut down"" 2023; lost to Zendesk",Giants catch up
Invision,Information,Competition,Scaled back 2023; lost to Figma; Adobe,Better beats big
Jawbone,Information,Competition,Shut down 2017; lost to Fitbit; buggy tech,Execution outranks cash
Kik,Information,Competition,Shut down 2022; privacy scandals; lost to WhatsApp,Trust is king
Knewton,Information,Competition,Sold 2020; overhyped AI; lost to Pearson,Prove the pudding
Medium One,Information,Competition,Shut down 2020; lost to AWS IoT; low visibility,Giants dominate IoT
Mixpanel,Information,Competition,"Startup phase ""shut down"" 2023; lost to Amplitude",Lead or lose
Mobli,Information,Competition,Shut down 2017; lost to Instagram,Stars don't guarantee
MySpace,Information,Competition,Faded 2018; lost to Facebook; News Corp mismanaged,UX trumps leads
Notion AI,Information,Competition,Phased out 2023; didn't stand out,Features need identity
Nuzzel,Information,Competition,Shut down 2019; Scroll acquired; lost to Twitter,Platforms evolve
Path,Information,Competition,Closed 2018; niche; privacy scandal,Privacy's tightrope
Periscope,Information,Competition,Shut down 2020; lost to Instagram Live,Trends shift platforms
Photobucket,Information,Competition,Faded 2018; lost to Instagram; paywall backlash,Don't alienate base
Piston Cloud,Information,Competition,Sold 2017; lost to AWS; OpenStack free,Free kills premium
Plex,Information,Competition,"Startup phase ""shut down"" 2023; lost to Netflix",Niche caps growth
Pocket,Information,Competition,"Acquired 2017; ""closed"" 2018; lost to Evernote",Free limits scale
Pulse,Information,Competition,Sold to LinkedIn 2013; faded 2017; lost to Flipboard,Buyers can bury
Quibb,Information,Competition,Shut down 2019; too niche; lost to LinkedIn,Niche needs scale
Quid,Information,Competition,Merged 2020; lost to Google Trends,Differentiation's key
Rap Genius,Information,Competition,Pivoted 2020; couldn't monetize; lost to Spotify,Monetize or fade
Readability,Information,Competition,Shut down 2015; lost to Pocket's free model,Free wins over paid
RethinkDB,Information,Competition,Shut down 2019; couldn't monetize; lost to MongoDB,Open source needs pay
Rockmelt,Information,Competition,Shut down 2014; lost to Chrome; Yahoo bought,Simple beats quirky
Secret,Information,Competition,Shut down 2018; toxicity scared users; lost to Whisper,Anonymity's messy
Songza,Information,Competition,"Acquired 2014; ""closed"" 2017; lost to Spotify",Small fries eaten
SoundCloud Go,Information,Competition,Phased out 2022; free users didn't convert,Free roots deep
Soundwave,Information,Competition,Shut down 2016; lost to Spotify,Crowds beat cults
Spoke,Information,Competition,Closed 2021; lost to Slack bots,Giants gobble niches
Tango,Information,Competition,Faded 2020; lost to Zoom,Cash can't crowd out
TinyChat,Information,Competition,Faded 2018; lost to Zoom,Basics beat quirky
Tinder Social,Information,Competition,Shut down 2021; confused users,Stick to your lane
TokBox,Information,Competition,"Acquired 2012; ""closed"" 2018; lost to Zoom",APIs eat pioneers
Top Hat,Information,Competition,"Startup phase ""shut down"" 2022; lost to Google Classroom",Niche edtech ceilings
Trello Gold,Information,Competition,Phased out 2022; free sufficed,Free trumps upsell
Treehouse,Information,Competition,Sold 2022; lost to free resources,Free eats paid
TuneIn Premium,Information,Competition,Phased out 2021; free users didn't pay,Free roots stifle
Twilio SendGrid,Information,Competition,"Startup phase ""shut down"" 2023; lost to Mailchimp",Giants crowd out
Twitter Fabric,Information,Competition,Shut down 2020; Google bought parts,Focus drifts kill
Twitter Music,Information,Competition,Shut down 2015; lost to Spotify,Stick to core
Udacity Blitz,Information,Competition,Shut down 2022; lost to Upwork,Extensions need traction
Vdio,Information,Competition,Shut down 2015; lost to Netflix,Timing's everything
Vine,Information,Competition,Shut down 2017; Twitter neglected; lost to Snapchat,Neglect kills hits
VisiCalc,Information,Competition,Faded 1984; lost to Lotus 1-2-3,Innovate or die
Whisper,Information,Competition,Faded 2020; toxicity; lost to Snapchat,Anonymity's gamble
Wickr,Information,Competition,"Acquired 2020; ""closed"" as standalone; lost to Signal",Privacy's crowded
Wishbone,Information,Competition,Faded 2019; lost to Instagram Stories,Fads burn out
Woo,Information,Competition,Closed 2018; lost to Tinder,Giants rule dating
Workable,Information,Competition,"Startup phase ""shut down"" 2022; lost to Lever",Scale or stall
Yahoo Answers,Information,Competition,Shut down 2020; spam; lost to Quora,Quality beats chaos
Yahoo Buzz,Information,Competition,Closed 2012; lost to Digg,Latecomers lose
Yahoo Groups,Information,Competition,Shut down 2013; Yahoo neglect,Neglect kills legacy
Yammer,Information,Competition,"Acquired 2012; ""closed"" 2018; lost to Slack",Buyouts can bury
Yik Yak,Information,Competition,Shut down 2018; toxicity; lost to Snapchat,Anonymity's beast
Yola,Information,Competition,Faded 2020; lost to Wix,Polish beats early
YouNow,Information,Competition,Faded 2022; lost to Twitch,Scale owns live
Zapier Plus,Information,Competition,Phased out 2023; free sufficed,Free caps premium
Zendesk Chat,Information,Competition,Phased out 2023; lost to Intercom,Features fade
Ziddu,Information,Competition,Faded 2019; lost to Dropbox,Free evolves fast
Zombie Labs,Information,Competition,Shut down 2020; lost to Supercell,Giants crush niches
Zoomdata,Information,Competition,Sold 2021; lost to Tableau,Ecosystems win
Zscaler Shift,Information,Competition,Phased out 2023; lost to CrowdStrike,Sidekicks fade
Zulily,Information,Competition,Sold 2019; lost to Amazon,Deals die fast
Zumper Pro,Information,Competition,Phased out 2021; free listings won,Free trumps tiers
Zurb,Information,Competition,Faded 2013; lost to Figma,Old tools rust
Zuuka,Information,Competition,Shut down 2017; lost to Epic!,Kids' tech brutal
Bitpass,Information,Competition,Shut down 2008; friction; lost to PayPal,Friction kills
Blync,Information,Competition,Faded 2018; lost to Instagram Stories,Trends trump toys
BountyJobs,Information,Competition,Faded 2021; lost to LinkedIn,Scale beats middlemen
BranchOut,Information,Competition,Shut down 2017; lost to LinkedIn,Platforms don't mix
Crunchyroll,Information,Competition,Sold 2021; lost to Netflix,Niches get nabbed
Curse,Information,Competition,"Acquired 2016; ""closed"" 2020; lost to Discord",Newcomers steal
DailyBurn,Information,Competition,Sold 2010; faded 2019; lost to Fitbit,Tiny bets fade
Dailylook,Information,Competition,Faded 2020; lost to Stitch Fix,Scale trumps style
Datto,Information,Competition,Sold 2022; lost to Veeam,Giants catch up
Deem,Information,Competition,Sold 2014; lost to Concur,Old tech rusts
Detour,Information,Competition,Sold 2019; shut down; lost to Google Maps,Free beats curated
Disruptive Media,Information,Competition,Closed 2017; lost to Medium,Giants own content
Divshot,Information,Competition,"Acquired 2015; ""closed"" 2016; lost to Netlify",Small exits quick
Drawbridge,Information,Competition,Sold 2021; privacy regs; lost to Google,Regs reshape ads
Dunwello,Information,Competition,Closed 2018; lost to Upwork,Networks need mass
Everalbum,Information,Competition,Shut down 2019; lost to Google Photos,Giants own storage
Frontback,Information,Competition,Shut down 2016; lost to Instagram,Quirks don't scale
Froyo,Information,Competition,Closed 2016; lost to Candy Crush,Hits beat casual
GoAnimate,Information,Competition,Sold 2021; lost to Powtoon,Scale beats tools
Homer,Information,Competition,Sold 2019; lost to Epic!,Kids' ed needs scale
Hot Potato,Information,Competition,Acquired 2011; shut down; lost to Foursquare,Early exits end
Humanoid,Information,Competition,Closed 2017; lost to Medium,Curation needs clout
Bitpass,Finance,Poor Market Fit,Lost to PayPal and low adoption,Micropayments need mass use
Indiegogo Life,Finance,Poor Market Fit,Lost to GoFundMe and niche focus,Personal funding needs appeal
Isentium,Finance,Poor Market Fit,Lost to Bloomberg and low uptake,Trading tools need traction
Monitor110,Finance,Poor Market Fit,Lost to Bloomberg and early market,Timing is key
Pawngo,Finance,Poor Market Fit,Lost to traditional pawnshops and niche,Niche lending needs demand
Plum Will,Finance,Poor Market Fit,Lost to LegalZoom and low uptake,Estate tech needs traction
Sensible,Finance,Poor Market Fit,Lost to Even and niche,Niche finance needs reach
SoFi Social,Finance,Poor Market Fit,Lost to Robinhood and niche,Social finance needs scale
TrustEgg,Finance,Poor Market Fit,Lost to traditional trusts and niche,Niche needs demand
Venmo Groups,Finance,Poor Market Fit,Lost to Splitwise and niche,Niche payments need use
Wesabe,Finance,Poor Market Fit,Lost to Mint and early market,Timing matters
Cafe X,Food service,Poor Market Fit,Closed 2021; low adoption; lost to Starbucks,Humans trump robots
Dinner Lab,Food service,Poor Market Fit,Closed 2017; high costs; low demand,Events need economics
Flowtab,Food service,Poor Market Fit,Closed 2014; low adoption; lost to POS systems,Convenience needs converts
Grubwithus,Food service,Poor Market Fit,Closed 2015; waned demand; high costs,Social dining needs crowd
Presto,Food service,Poor Market Fit,Closed 2020; low adoption; lost to Ziosk,Tech needs diners
Tastemade Travel,Food service,Poor Market Fit,Faded 2022; low demand; lost to Airbnb,Travel eats budgets
Aira Health,Health care,Poor Market Fit,Small user base and cash shortage,Niche apps need big audiences
Amino,Health care,Poor Market Fit,Lost to Zocdoc/GoodRx and slow adoption,Narrow focus beats broad
Arivale,Health care,Poor Market Fit,High costs and low demand,Premium needs mass market
Better,Health care,Poor Market Fit,Crowded market and no differentiation,Unique value is critical
BetterHelp,Health care,Poor Market Fit,Trust issues and competition,Trust comes first
Call9,Health care,Poor Market Fit,Slow growth and high costs,Execution must scale
Cardiogram,Health care,Poor Market Fit,Monetization and differentiation woes,Validation is key
CareSync,Health care,Poor Market Fit,No payer contracts and revenue,Need payer buy-in
Dopamine Labs,Health care,Poor Market Fit,Lost focus and faded,Focus wins in health
Driver,Health care,Poor Market Fit,Bad pricing and funding,Validate willingness to pay
Dthera Sciences,Health care,Poor Market Fit,Small market and funding,Niche needs deep pockets
HealthTap+,Health care,Poor Market Fit,Low retention and pivot,Sticky engagement needed
HealthifyMe,Health care,Poor Market Fit,Slow retention and pivot,Evolve or lose
iRhythm,Health care,Poor Market Fit,Reimbursement woes early,Payer alignment is key
Kaiku Health,Health care,Poor Market Fit,Slow adoption and acquired,Traction matters
Kyruus,Health care,Poor Market Fit,Lack of traction and pivot,Validate demand early
Lantern,Health care,Poor Market Fit,Slow adoption and misjudgment,Plan for long cycles
Lumeon,Health care,Poor Market Fit,Slow sales and wind-down,Budget for long runways
MediChain,Health care,Poor Market Fit,Lost to Epic and crypto crash,Real-world buy-in needed
Medicasafe,Health care,Poor Market Fit,High costs and low uptake,Simple beats complex
Mindstrong,Health care,Poor Market Fit,No actionable insights,Prove outcomes
Omada Health,Health care,Poor Market Fit,Slow payer adoption and pivot,Payers drive success
Pear Therapeutics,Health care,Poor Market Fit,Reimbursement woes,Therapeutics need economics
Quit Genius,Health care,Poor Market Fit,Low retention and adoption,Stickiness beyond novelty
Sherpaa,Health care,Poor Market Fit,Slow uptake and sold,Big clients fast
StethoCloud,Health care,Poor Market Fit,Distribution and funding,Mission needs business model
Tinnitracks,Health care,Poor Market Fit,Limited proof and market,Evidence matters
Zeo,Health care,Poor Market Fit,Competition and no viable model,Broad appeal needed
Aptera Motors,Manufacturing,Poor Market Fit,Lost to Tesla and quirky design,EVs need mainstream appeal
Aria Insights,Manufacturing,Poor Market Fit,Small market and lost to DJI/Skydio,Hardware niches need big adopters
BeagleBone,Manufacturing,Poor Market Fit,Lost to Raspberry Pi and small niche,Open-source needs community
Butterfly Network,Manufacturing,Poor Market Fit,Lost to GE/Philips and slow adoption,Medical hardware needs fast inroads
Cubelets,Manufacturing,Poor Market Fit,Lost to Lego/Sphero and niche focus,Edtech needs scale
Osmo Systems,Manufacturing,Poor Market Fit,Niche market vs Hach,IoT needs a big niche
Pearl Automation,Manufacturing,Poor Market Fit,Lost to Tesla/Ford built-ins,Auto tech must beat OEMs
99dresses,Retail,Poor Market Fit,Shut down 2013; low retention; funding fell through,Retention is king
BurstIQ,Retail,Poor Market Fit,Faded 2022; low adoption; lost to data brokers,Tech alone doesn't sell
Catelyn,Retail,Poor Market Fit,Shut down 2018; low demand; lost to Stitch Fix,Niche needs traction
Crate,Retail,Poor Market Fit,Shut down 2018; soft demand; high logistics costs,Niche needs a hook
ElectricObjects,Retail,Poor Market Fit,Closed 2020; niche demand; lost to TVs,Hardware's a gamble
Fashism,Retail,Poor Market Fit,Closed 2014; low engagement; lost to Instagram,Social needs stickiness
Fobo,Retail,Poor Market Fit,Closed 2017; low adoption; lost to DoorDash,Supply needs demand
Imercive,Retail,Poor Market Fit,Closed 2015; lost to Amazon; low adoption,Innovation needs buyers
Ista,Retail,Poor Market Fit,Closed 2018; lost to Rent the Runway; low demand,Rentals need pull
Operator,Retail,Poor Market Fit,Closed 2020; lost to Amazon; low adoption,AI needs buyers
Peerby,Retail,Poor Market Fit,Faded 2021; low uptake; lost to eBay,Rentals need scale
Plum,Retail,Poor Market Fit,Closed 2020; lost to Amazon; low demand,Niche needs kids
Rent the Runway UK,Retail,Poor Market Fit,Faded 2021; lost to local rivals; low demand,Rentals need fit
Selltag,Retail,Poor Market Fit,Closed 2016; lost to eBay; low uptake,Social needs buyers
Slice,Retail,Poor Market Fit,Faded 2021; lost to Amazon; low adoption,Tracking needs pull
ThredUp Goody,Retail,Poor Market Fit,Faded 2023; lost to ThredUp core; low demand,Resale needs core
Thrillist Rewards,Retail,Poor Market Fit,Faded 2018; lost to Amazon; low uptake,Rewards need pull
Try.com,Retail,Poor Market Fit,Faded 2022; lost to Amazon Wardrobe; low adoption,Try needs buyers
Wittlebee,Retail,Poor Market Fit,Closed 2015; lost to Amazon; low demand,Kids need scale
Zappos Local,Retail,Poor Market Fit,Faded 2020; lost to Amazon; low uptake,Local needs pull
Burbn,Information,Poor Market Fit,Closed in 2012 but pivoted to Instagram; too cluttered; users didn't care,Pivots can save
Chirp,Information,Poor Market Fit,Closed in 2016; niche; no real problem solved; adoption lagged,Cool doesn't equal useful
Color Labs,Information,Poor Market Fit,Closed 2014; confused users; lost to Instagram; Apple absorbed,Hype can't save fit
Milk,Information,Poor Market Fit,Closed 2014; Google bought; Oink flopped,Validate before build
NewsTilt,Information,Poor Market Fit,Closed 2012; no journalists or readers; misread need,Markets need sides
Tasty Labs,Information,Poor Market Fit,Shut down 2014; didn't catch on,Pedigree isn't enough
Tinder Social,Information,Poor Market Fit,Shut down 2021; confused users,Stick to your lane
Yahoo Live,Information,Poor Market Fit,Shut down 2010; low adoption,Timing's critical
Yo,Information,Poor Market Fit,Faded 2018; novelty; no depth,Gimmicks don't last
Cake Financial,Finance,Acquisition Stagnation,Lost to Mint and sold to TradeKing,Finance tools need scale
Clarity Money,Finance,Acquisition Stagnation,Lost to Mint/Acorns and sold to Goldman,Finance apps need edge
LendLayer,Finance,Acquisition Stagnation,Lost to Affirm and sold,Small niches get swallowed
PoundPay,Finance,Acquisition Stagnation,Lost to Stripe and sold,Payments need scale
ReadyForZero,Finance,Acquisition Stagnation,Lost to Credit Karma and sold,Debt tools need edge
SigFig,Finance,Acquisition Stagnation,Lost to Wealthfront and sold,Robo-advisors need edge
Simple,Finance,Acquisition Stagnation,Lost to Chime/Ally and shut post-BBVA sale,Neobanks need independence
Taulia,Finance,Acquisition Stagnation,Lost to Coupa and sold,Finance needs edge
Tilt,Finance,Acquisition Stagnation,Lost to GoFundMe and sold,Crowdfunding needs mass
Wepay,Finance,Acquisition Stagnation,Lost to Stripe and sold,Payments need scale
YayPay,Finance,Acquisition Stagnation,Lost to Bill.com and sold,Automation needs scale
Ycharts,Finance,Acquisition Stagnation,Lost to Bloomberg and sold,Data needs dominance
Caviar,Food service,Acquisition Stagnation,Sold 2020; couldn't scale; lost to DoorDash,Premium loses to scale
Foodler,Food service,Acquisition Stagnation,Sold 2018; lost to Grubhub,Aggregators need scale
OrderAhead,Food service,Acquisition Stagnation,Sold 2017; lost to DoorDash,Pickup needs giants
Tonx,Food service,Acquisition Stagnation,Sold 2017; lost to Blue Bottle,Beans need scale
Augmedix,Health care,Acquisition Stagnation,Lost to software rivals and acquired,Flexibility beats rigidity
Avizia,Health care,Acquisition Stagnation,Outpaced by bigger rivals and acquired,Niche needs a moat
BioBeats,Health care,Acquisition Stagnation,Lost to bigger players and acquired,Standout use case needed
CareZone,Health care,Acquisition Stagnation,Lost to free tools and sold,Defensible revenue matters
FitStar,Health care,Acquisition Stagnation,Lost steam and acquired,Killer edge needed
Ginger,Health care,Acquisition Stagnation,High costs and merged,Profitability matters
InTouch Health,Health care,Acquisition Stagnation,Scalability issues and sold,Plan for acquisition
Kaiku Health,Health care,Acquisition Stagnation,Slow adoption and acquired,Traction matters
PillPack,Health care,Acquisition Stagnation,Profitability woes and sold,Scale or get gobbled
Sherpaa,Health care,Acquisition Stagnation,Slow uptake and sold,Big clients fast
August Home,Manufacturing,Acquisition Stagnation,Lost to Ring/Nest and acquired,Smart home needs ecosystem power
MakerBot,Manufacturing,Acquisition Stagnation,Lost to Ultimaker/Prusa post-acquisition,3D printing needs precision
Pebble,Manufacturing,Acquisition Stagnation,Lost to Apple Watch and sold,Smartwatches need ecosystems
Thalmic Labs,Manufacturing,Acquisition Stagnation,Lost to Leap Motion/Oculus and sold,Wearables need a killer app
Drizly,Retail,Acquisition Stagnation,Sold 2021; faded 2023; Uber struggled with regs,Regs and giants choke
Gilt Taste,Retail,Acquisition Stagnation,Shut down 2016; high costs; sold off,Luxury needs volume
Graze,Retail,Acquisition Stagnation,Sold 2019; faded 2020; lost to Amazon,Subscriptions need stickiness
ModCloth,Retail,Acquisition Stagnation,Sold 2017; faded 2020; Walmart diluted it,Identity matters
Shopkick,Retail,Acquisition Stagnation,Faded 2020; sold to Trax; lost to Amazon,Loyalty needs giants
Trunk Club,Retail,Acquisition Stagnation,Shut down 2019; Nordstrom flopped; lost to Stitch Fix,Curation needs scale
Woot,Retail,Acquisition Stagnation,Sold 2010; faded 2016; lost to Amazon; deal fatigue,Deals lose steam
Codeacademy,Information,Acquisition Stagnation,"Acquired 2021; ""closed"" 2022; free tiers didn't convert; lost to Coursera",Freemium's a gamble
Color Labs,Information,Acquisition Stagnation,Closed 2014; confused users; lost to Instagram; Apple absorbed,Hype can't save fit
Evernote,Information,Acquisition Stagnation,Declined 2019; bloated features; lost to OneNote,Simplicity beats bloat
Factual,Information,Acquisition Stagnation,Closed 2022; merged into Foursquare; lost to Google Maps,Data's only gold if sold
GeoCities,Information,Acquisition Stagnation,Shut down 2005; Yahoo neglect; lost to blogs,Adapt or atrophy
GetGlue,Information,Acquisition Stagnation,Closed 2016; Twitter; streaming outpaced; sold off,Niche trends risky
Gigya,Information,Acquisition Stagnation,Ended 2018; SAP acquisition; lost to Google login,Regs and giants choke
Gimlet,Information,Acquisition Stagnation,Sold to Spotify 2021; couldn't scale profitably,Content's costly
Gowalla,Information,Acquisition Stagnation,Shut down 2012; lost to Foursquare; Facebook acquired,Winners take all
GroupMe,Information,Acquisition Stagnation,Acquired 2011; faded 2015; stagnated under Skype,Acquisition dead end
Houseparty,Information,Acquisition Stagnation,Shut down 2021; Epic acquired; lost to Zoom,Peaks don't last
Huddle,Information,Acquisition Stagnation,Faded 2018; lost to Slack; Teams; sold off,Ecosystems win
Jetpac,Information,Acquisition Stagnation,Closed 2016; Google bought; couldn't scale solo,Small can sell
Knewton,Information,Acquisition Stagnation,Sold 2020; overhyped AI; lost to Pearson,Prove the pudding
Mailbox,Information,Acquisition Stagnation,Shut down 2015; Dropbox bought; stagnated,Acquisition stalls
Milk,Information,Acquisition Stagnation,Closed 2014; Google bought; Oink flopped,Validate before build
Music.ly,Information,Acquisition Stagnation,Merged into TikTok 2018; couldn't scale solo,Small fish swallowed
Nuzzel,Information,Acquisition Stagnation,Shut down 2019; Scroll acquired; lost to Twitter,Platforms evolve
Piston Cloud,Information,Acquisition Stagnation,Sold 2017; lost to AWS; OpenStack free,Free kills premium
Pocket,Information,Acquisition Stagnation,"Acquired 2017; ""closed"" 2018; lost to Evernote",Free limits scale
Pulse,Information,Acquisition Stagnation,Sold to LinkedIn 2013; faded 2017; lost to Flipboard,Buyers can bury
Quid,Information,Acquisition Stagnation,Merged 2020; lost to Google Trends,Differentiation's key
Refresh,Information,Acquisition Stagnation,"Acquired 2015; ""closed"" 2016; lost to LinkedIn",Big fish eat ideas
Riffsy,Information,Acquisition Stagnation,"Acquired 2018; ""closed"" 2019; lost to Gboard",Small gets scooped
Rockmelt,Information,Acquisition Stagnation,Shut down 2014; lost to Chrome; Yahoo bought,Simple beats quirky
Songza,Information,Acquisition Stagnation,"Acquired 2014; ""closed"" 2017; lost to Spotify",Small fries eaten
TokBox,Information,Acquisition Stagnation,"Acquired 2012; ""closed"" 2018; lost to Zoom",APIs eat pioneers
Treehouse,Information,Acquisition Stagnation,Sold 2022; lost to free resources,Free eats paid
Twitter Fabric,Information,Acquisition Stagnation,Shut down 2020; Google bought parts,Focus drifts kill
Vine,Information,Acquisition Stagnation,Shut down 2017; Twitter neglected; lost to Snapchat,Neglect kills hits
WhoSay,Information,Acquisition Stagnation,Shut down 2019; lost to X,Middlemen get cut
Wickr,Information,Acquisition Stagnation,"Acquired 2020; ""closed"" as standalone; lost to Signal",Privacy's crowded
Xmarks,Information,Acquisition Stagnation,Shut down 2014; lost to browser sync,Tech shifts bury
Xobni,Information,Acquisition Stagnation,"Acquired 2013; ""closed"" 2013; lost to Gmail",Features swallow
Yammer,Information,Acquisition Stagnation,"Acquired 2012; ""closed"" 2018; lost to Slack",Buyouts can bury
Yik Yak,Information,Acquisition Stagnation,Shut down 2018; toxicity; lost to Snapchat,Anonymity's beast
YouNow,Information,Acquisition Stagnation,Faded 2022; lost to Twitch,Scale owns live
Zencoder,Information,Acquisition Stagnation,"Acquired 2012; ""closed"" 2017; lost to Brightcove",Small exits fast
Zoomdata,Information,Acquisition Stagnation,Sold 2021; lost to Tableau,Ecosystems win
Zopim,Information,Acquisition Stagnation,"Acquired 2014; ""closed"" 2016; lost to Zendesk",Small sells
Zulily,Information,Acquisition Stagnation,Sold 2019; lost to Amazon,Deals die fast
Zynga Games,Information,Acquisition Stagnation,Faded 2019; mobile shift; sold 2022,Platforms shift
Burstly,Information,Acquisition Stagnation,"Acquired 2014; ""closed"" 2014; lost to Apple",Buyouts can end
Crunchyroll,Information,Acquisition Stagnation,Sold 2021; lost to Netflix,Niches get nabbed
Curse,Information,Acquisition Stagnation,"Acquired 2016; ""closed"" 2020; lost to Discord",Newcomers steal
DailyBurn,Information,Acquisition Stagnation,Sold 2010; faded 2019; lost to Fitbit,Tiny bets fade
Datto,Information,Acquisition Stagnation,Sold 2022; lost to Veeam,Giants catch up
Deem,Information,Acquisition Stagnation,Sold 2014; lost to Concur,Old tech rusts
Detour,Information,Acquisition Stagnation,Sold 2019; shut down; lost to Google Maps,Free beats curated
Divshot,Information,Acquisition Stagnation,"Acquired 2015; ""closed"" 2016; lost to Netlify",Small exits quick
Drawbridge,Information,Acquisition Stagnation,Sold 2021; privacy regs; lost to Google,Regs reshape ads
GoAnimate,Information,Acquisition Stagnation,Sold 2021; lost to Powtoon,Scale beats tools
Homer,Information,Acquisition Stagnation,Sold 2019; lost to Epic!,Kids' ed needs scale
Hot Potato,Information,Acquisition Stagnation,Acquired 2011; shut down; lost to Foursquare,Early exits end
Fisker Automotive,Manufacturing,Platform Dependency,Lost to Tesla and supplier failure,Luxury EVs need reliability
Shopkick,Retail,Platform Dependency,Faded 2020; sold to Trax; lost to Amazon,Loyalty needs giants
Connect,Information,Platform Dependency,Shut down 2016; lost to Facebook's own features; privacy issues,Don't bet on turf
Nuzzel,Information,Platform Dependency,Shut down 2019; Scroll acquired; lost to Twitter,Platforms evolve
ShareThis,Information,Platform Dependency,Faded 2020; lost to native sharing,Platforms steal thunder
Zynga Games,Information,Platform Dependency,Faded 2019; mobile shift; sold 2022,Platforms shift
BranchOut,Information,Platform Dependency,Shut down 2017; lost to LinkedIn,Platforms don't mix
FundersClub,Finance,Monetization Failure,Lost to Kickstarter and low ROI,Crowdfunding needs hits
SpoonRocket,Food service,Monetization Failure,Closed 2017; thin margins; lost to DoorDash,Speed costs too much
Zesty,Food service,Monetization Failure,Closed 2019; high costs; lost to DoorDash,Health needs scale
Aira Health,Health care,Monetization Failure,Small user base and cash shortage,Niche apps need big audiences
Amino,Health care,Monetization Failure,Lost to Zocdoc/GoodRx and slow adoption,Narrow focus beats broad
Arivale,Health care,Monetization Failure,High costs and low demand,Premium needs mass market
Call9,Health care,Monetization Failure,Slow growth and high costs,Execution must scale
Cardiogram,Health care,Monetization Failure,Monetization and differentiation woes,Validation is key
CareSync,Health care,Monetization Failure,No payer contracts and revenue,Need payer buy-in
CareZone,Health care,Monetization Failure,Lost to free tools and sold,Defensible revenue matters
Doxy.me,Health care,Monetization Failure,Free model unsustainable,Monetization is key
Driver,Health care,Monetization Failure,Bad pricing and funding,Validate willingness to pay
iRhythm,Health care,Monetization Failure,Reimbursement woes early,Payer alignment is key
Lantern,Health care,Monetization Failure,Slow adoption and misjudgment,Plan for long cycles
Lumeon,Health care,Monetization Failure,Slow sales and wind-down,Budget for long runways
Mindstrong,Health care,Monetization Failure,No actionable insights,Prove outcomes
Omada Health,Health care,Monetization Failure,Slow payer adoption and pivot,Payers drive success
Pear Therapeutics,Health care,Monetization Failure,Reimbursement woes,Therapeutics need economics
PillPack,Health care,Monetization Failure,Profitability woes and sold,Scale or get gobbled
Quit Genius,Health care,Monetization Failure,Low retention and adoption,Stickiness beyond novelty
Zeo,Health care,Monetization Failure,Competition and no viable model,Broad appeal needed
Ahalife,Retail,Monetization Failure,Closed 2017; high marketing costs; lost to Amazon,Niche doesn't defend
AllRomance,Retail,Monetization Failure,Closed 2016; financial losses; lost to Kindle,Adapt or die
Beepi,Retail,Monetization Failure,Shut down 2017; high shipping costs; cash burned out,Costs can kill
Boxed,Retail,Monetization Failure,Bankruptcy 2021; lost to Amazon; high shipping costs,Scale trumps convenience
Chinictown,Retail,Monetization Failure,Closed 2017; lost to Amazon; shipping delays,Speed beats novelty
Drync,Retail,Monetization Failure,Closed 2019; lost to Wine.com; low margins,Niche needs volume
Fancy,Retail,Monetization Failure,Faded 2019; low conversion; lost to Amazon,Curation needs cash flow
Fiksu,Retail,Monetization Failure,Faded 2018; lost to Google/Facebook ads,Giants own ads
Gilt Taste,Retail,Monetization Failure,Shut down 2016; high costs; sold off,Luxury needs volume
Goldbely,Retail,Monetization Failure,Sold 2019; shipping costs; lost to DoorDash,Logistics eat profits
Kozmo.com,Retail,Monetization Failure,Closed 2002; free delivery killed margins; dot-com bust,Free's a trap
Lot18,Retail,Monetization Failure,Faded 2018; lost to Wine.com; low margins,Niche needs profit
MoveLoot,Retail,Monetization Failure,Closed 2017; logistics costs; lost to eBay,Logistics sink niches
Pets.com,Retail,Monetization Failure,Shut down 2000; high shipping costs; dot-com bust,Margins beat hype
Raise,Retail,Monetization Failure,Faded 2022; lost to Amazon; low margins,Gift cards need scale
Teespring,Retail,Monetization Failure,Faded 2021; lost to Amazon; low margins,Custom needs profit
Webvan,Retail,Monetization Failure,Shut down 1999; overspent on warehouses; dot-com bust,Scale needs demand
Change.org,Information,Monetization Failure,"Startup phase ""shut down"" 2022; monetization alienated users; growth slowed",Mission drift costs
Codeacademy,Information,Monetization Failure,"Acquired 2021; ""closed"" 2022; free tiers didn't convert; lost to Coursera",Freemium's a gamble
Coub,Information,Monetization Failure,Closed 2021; couldn't monetize; lost to TikTok,Timing and scale brutal
Drifty,Information,Monetization Failure,Closed 2019; open-source didn't monetize; lost to React Native,Free doesn't pay
Gimlet,Information,Monetization Failure,Sold to Spotify 2021; couldn't scale profitably,Content's costly
IFTTT,Information,Monetization Failure,Scaled back 2022; free users didn't pay; lost to Zapier,Free can trap
Knewton,Information,Monetization Failure,Sold 2020; overhyped AI; lost to Pearson,Prove the pudding
Maker Media,Information,Monetization Failure,Closed 2019; print declined; events didn't cover costs,Passion doesn't pay
Plex,Information,Monetization Failure,"Startup phase ""shut down"" 2023; lost to Netflix",Niche caps growth
Pocket,Information,Monetization Failure,"Acquired 2017; ""closed"" 2018; lost to Evernote",Free limits scale
Rap Genius,Information,Monetization Failure,Pivoted 2020; couldn't monetize; lost to Spotify,Monetize or fade
Readability,Information,Monetization Failure,Shut down 2015; lost to Pocket's free model,Free wins over paid
RethinkDB,Information,Monetization Failure,Shut down 2019; couldn't monetize; lost to MongoDB,Open source needs pay
SoundCloud Go,Information,Monetization Failure,Phased out 2022; free users didn't convert,Free roots deep
Substack Local,Information,Monetization Failure,Shut down 2023; costly; low readership,Local's tough sell
Trello Gold,Information,Monetization Failure,Phased out 2022; free sufficed,Free trumps upsell
TuneIn Premium,Information,Monetization Failure,Phased out 2021; free users didn't pay,Free roots stifle
Zapier Plus,Information,Monetization Failure,Phased out 2023; free sufficed,Free caps premium
Zumper Pro,Information,Monetization Failure,Phased out 2021; free listings won,Free trumps tiers
Fuze Network,Finance,Niche Limits,Lost to Green Dot and small scale,Prepaid needs reach
Indiegogo Life,Finance,Niche Limits,Lost to GoFundMe and niche focus,Personal funding needs appeal
LendLayer,Finance,Niche Limits,Lost to Affirm and sold,Small niches get swallowed
Pawngo,Finance,Niche Limits,Lost to traditional pawnshops and niche,Niche lending needs demand
Sensible,Finance,Niche Limits,Lost to Even and niche,Niche finance needs reach
SoFi Social,Finance,Niche Limits,Lost to Robinhood and niche,Social finance needs scale
TrustEgg,Finance,Niche Limits,Lost to traditional trusts and niche,Niche needs demand
Venmo Groups,Finance,Niche Limits,Lost to Splitwise and niche,Niche payments need use
Vittana,Finance,Niche Limits,Lost to SoFi and low scale,Microloans need reach
Clover,Food service,Niche Limits,Closed 2020; niche; lost to McDonald's,Niche eats need taste
Deskbeers,Food service,Niche Limits,Closed 2019; niche; lost to local bars,Booze needs breadth
Tavour,Food service,Niche Limits,Faded 2022; lost to Total Wine,Craft needs scale
Aira Health,Health care,Niche Limits,Small user base and cash shortage,Niche apps need big audiences
Dthera Sciences,Health care,Niche Limits,Small market and funding,Niche needs deep pockets
HealthRiser,Health care,Niche Limits,Lost to Fitbit and costs,Mass appeal needed
Medicasafe,Health care,Niche Limits,High costs and low uptake,Simple beats complex
StethoCloud,Health care,Niche Limits,Distribution and funding,Mission needs business model
Tinnitracks,Health care,Niche Limits,Limited proof and market,Evidence matters
Zeo,Health care,Niche Limits,Competition and no viable model,Broad appeal needed
Aria Insights,Manufacturing,Niche Limits,Small market and lost to DJI/Skydio,Hardware niches need big adopters
BeagleBone,Manufacturing,Niche Limits,Lost to Raspberry Pi and small niche,Open-source needs community
Cubelets,Manufacturing,Niche Limits,Lost to Lego/Sphero and niche focus,Edtech needs scale
Osmo Systems,Manufacturing,Niche Limits,Niche market vs Hach,IoT needs a big niche
99dresses,Retail,Niche Limits,Shut down 2013; low retention; funding fell through,Retention is king
Ahalife,Retail,Niche Limits,Closed 2017; high marketing costs; lost to Amazon,Niche doesn't defend
Augury Books,Retail,Niche Limits,Closed 2017; couldn't scale; lost to Amazon,Niche retail bleeds
BurstIQ,Retail,Niche Limits,Faded 2022; low adoption; lost to data brokers,Tech alone doesn't sell
Catelyn,Retail,Niche Limits,Shut down 2018; low demand; lost to Stitch Fix,Niche needs traction
Crate,Retail,Niche Limits,Shut down 2018; soft demand; high logistics costs,Niche needs a hook
Din,Retail,Niche Limits,Closed 2016; local limits; lost to Instacart,Local limits growth
Drync,Retail,Niche Limits,Closed 2019; lost to Wine.com; low margins,Niche needs volume
ElectricObjects,Retail,Niche Limits,Closed 2020; niche demand; lost to TVs,Hardware's a gamble
Fashism,Retail,Niche Limits,Closed 2014; low engagement; lost to Instagram,Social needs stickiness
Gilt Taste,Retail,Niche Limits,Shut down 2016; high costs; sold off,Luxury needs volume
HobbyDB,Retail,Niche Limits,Faded 2022; too niche; lost to eBay,Niche needs traffic
Hush,Retail,Niche Limits,Closed 2020; lost to Casper; low scale,Niche needs edge
Incredibowl,Retail,Niche Limits,Closed 2015; lost to Amazon; niche limits,Niche needs volume
Karma,Retail,Niche Limits,Closed 2018; lost to Groupon; low scale,Deals need reach
Lot18,Retail,Niche Limits,Faded 2018; lost to Wine.com; low margins,Niche needs profit
Massdrop,Retail,Niche Limits,Faded 2022; lost to Amazon; niche limits,Niche caps growth
Mayvenn,Retail,Niche Limits,Faded 2022; lost to Amazon; high costs,Niche needs scale
MoveLoot,Retail,Niche Limits,Closed 2017; logistics costs; lost to eBay,Logistics sink niches
PetCube,Retail,Niche Limits,Faded 2020; lost to Amazon; niche limits,Niche caps tech
Plum,Retail,Niche Limits,Closed 2020; lost to Amazon; low demand,Niche needs kids
PopSugar Shop,Retail,Niche Limits,Faded 2021; lost to Amazon; low scale,Lifestyle needs reach
Sampling Lab,Retail,Niche Limits,Closed 2017; lost to Amazon; low scale,Samples need reach
Shoptiques,Retail,Niche Limits,Faded 2020; lost to Etsy; low scale,Boutiques need reach
ThriftBooks Indie,Retail,Niche Limits,Faded 2020; lost to Amazon; low scale,Books need giants
Tradesy,Retail,Niche Limits,Faded 2021; lost to The RealReal; low scale,Luxury needs reach
Wittlebee,Retail,Niche Limits,Closed 2015; lost to Amazon; low demand,Kids need scale
Zaarly,Retail,Niche Limits,Faded 2017; lost to TaskRabbit; low scale,Services need reach
Zing,Retail,Niche Limits,Closed 2018; lost to Amazon; low scale,Gadgets need giants
Zola Books,Retail,Niche Limits,Faded 2019; lost to Amazon; low demand,Books need scale
Chirp,Information,Niche Limits,Closed in 2016; niche; no real problem solved; adoption lagged,Cool doesn't equal useful
CollabFinder,Information,Niche Limits,Shut down 2018; too niche; lost to GitHub; LinkedIn,Networks need mass
Jetpac,Information,Niche Limits,Closed 2016; Google bought; couldn't scale solo,Small can sell
Path,Information,Niche Limits,Closed 2018; niche; privacy scandal,Privacy's tightrope
Plex,Information,Niche Limits,"Startup phase ""shut down"" 2023; lost to Netflix",Niche caps growth
Quibb,Information,Niche Limits,Shut down 2019; too niche; lost to LinkedIn,Niche needs scale
Soundwave,Information,Niche Limits,Shut down 2016; lost to Spotify,Crowds beat cults
Substack Local,Information,Niche Limits,Shut down 2023; costly; low readership,Local's tough sell
Top Hat,Information,Niche Limits,"Startup phase ""shut down"" 2022; lost to Google Classroom",Niche edtech ceilings
Wishbone,Information,Niche Limits,Faded 2019; lost to Instagram Stories,Fads burn out
Zombie Labs,Information,Niche Limits,Shut down 2020; lost to Supercell,Giants crush niches
Zuuka,Information,Niche Limits,Shut down 2017; lost to Epic!,Kids' tech brutal
Dunwello,Information,Niche Limits,Closed 2018; lost to Upwork,Networks need mass
Frontback,Information,Niche Limits,Shut down 2016; lost to Instagram,Quirks don't scale
Froyo,Information,Niche Limits,Closed 2016; lost to Candy Crush,Hits beat casual
Hitpost,Information,Niche Limits,Closed 2013; lost to X,Giants own fandom
Clinkle,Finance,Execution Flaws,No product vs Apple Pay/PayPal,Execution over promises
Mozido,Finance,Execution Flaws,Lost to Square and mismanagement,Payments need execution
Pay By Touch,Finance,Execution Flaws,Lost to PayPal and tech issues,Biometrics need reliability
Curb Food,Food service,Execution Flaws,Closed 2023; tech glitches; lost to DoorDash,Robots need results
Munchery,Food service,Execution Flaws,Bankruptcy 2018; overexpansion; lost to Grubhub,Expansion eats cash
Babylon Health,Health care,Execution Flaws,Overexpansion and losses,Quality must match scale
Basis,Health care,Execution Flaws,Overheating and competition,Reliability is make-or-break
Call9,Health care,Execution Flaws,Slow growth and high costs,Execution must scale
Clarityn,Health care,Execution Flaws,Lost to IDx and regulatory delays,Regulatory wins are key
Clinkle,Health care,Execution Flaws,Leadership and no product,Execution over promises
Dopamine Labs,Health care,Execution Flaws,Lost focus and faded,Focus wins in health
Goldfinch Bio,Health care,Execution Flaws,Funding dried up and slow progress,Timing is critical
Healx,Health care,Execution Flaws,Funding crunch and slow results,Deliver or downsize
Health IQ,Health care,Execution Flaws,Risk models and scrutiny,Math and compliance matter
iRhythm,Health care,Execution Flaws,Reimbursement woes early,Payer alignment is key
Jawbone,Health care,Execution Flaws,Competition and quality issues,Differentiate or die
Lantern Pharma,Health care,Execution Flaws,Slow results and pivot,Quick wins matter
Modern Health,Health care,Execution Flaws,Layoffs and valuation cuts,Growth must match fundamentals
Olive,Health care,Execution Flaws,Downturn and mismanagement,Adapt to shifts
Outset Medical,Health care,Execution Flaws,Production snags and competition,Flawless execution needed
Proteus Digital Health,Health care,Execution Flaws,Failed partnership and costs,Don’t bet on one partner
Elio Motors,Manufacturing,Execution Flaws,Lost to Toyota/Honda and delays,Cheap cars need delivery
Faraday Future,Manufacturing,Execution Flaws,Mismanagement and Tesla/Rivian competition,EV hype needs execution
Fisker Automotive,Manufacturing,Execution Flaws,Lost to Tesla and supplier failure,Luxury EVs need reliability
GoPro Karma,Manufacturing,Execution Flaws,Lost to DJI and recall issues,Drones need perfection
Juicero,Manufacturing,Execution Flaws,Overkill product vs Ninja/Breville,Hardware must solve real problems
Lily Robotics,Manufacturing,Execution Flaws,Couldn’t deliver vs DJI,Don’t overpromise hardware
MakerBot,Manufacturing,Execution Flaws,Lost to Ultimaker/Prusa post-acquisition,3D printing needs precision
Skully Helmets,Manufacturing,Execution Flaws,Mismanagement and no product vs Nolan/Shoei,AR needs execution
AllRomance,Retail,Execution Flaws,Closed 2016; financial losses; lost to Kindle,Adapt or die
Auctionata,Retail,Execution Flaws,Shut down 2018; high costs; lost to eBay; valuation scandal,Trust and economics matter
Beepi,Retail,Execution Flaws,Shut down 2017; high shipping costs; cash burned out,Costs can kill
Combatant Gentlemen,Retail,Execution Flaws,Bankruptcy 2020; overexpansion; quality issues,Quality over growth
Dot & Bo,Retail,Execution Flaws,Shut down 2018; overexpansion; lost to Wayfair,Cash burn kills curation
Ecomom,Retail,Execution Flaws,Shut down 2013; mismanagement; lost to Amazon,Execution beats ethos
Fab.com,Retail,Execution Flaws,Sold 2018; overexpansion; lost to Amazon,Growth needs profit
Good Eggs,Retail,Execution Flaws,Scaled back 2022; high costs; lost to Amazon Fresh,Freshness costs
Heyday,Retail,Execution Flaws,Closed 2023; lost to Sephora; high costs,Personalization's pricey
Homejoy,Retail,Execution Flaws,Shut down 2016; legal issues; lost to Handy,Service needs trust
Markafoni,Retail,Execution Flaws,Closed 2018; lost to local rivals; high costs,Local giants win
Mayvenn,Retail,Execution Flaws,Faded 2022; lost to Amazon; high costs,Niche needs scale
ModCloth,Retail,Execution Flaws,Sold 2017; faded 2020; Walmart diluted it,Identity matters
Nasty Gal,Retail,Execution Flaws,Bankruptcy 2017; mismanagement; lost to ASOS,Growth needs control
One Kings Lane,Retail,Execution Flaws,Sold 2019; lost to Wayfair; high costs,Scale beats decor
Outdoor Voices,Retail,Execution Flaws,Faded 2022; lost to Lululemon; overexpansion,Fashion needs edge
Quirky,Retail,Execution Flaws,Bankruptcy 2019; high costs; lost to Amazon,Crowds don't profit
Spring,Retail,Execution Flaws,Faded 2019; lost to Amazon; high costs,Fashion needs scale
Thrive Market Organic,Retail,Execution Flaws,Faded 2023; lost to Whole Foods; high costs,Organic needs scale
Webvan,Retail,Execution Flaws,Shut down 1999; overspent on warehouses; dot-com bust,Scale needs demand
Airy Labs,Information,Execution Flaws,Shut down in 2012 after chaotic sprint; too many games; no focus; cash ran out,Focus beats frenzy
Bebo,Information,Execution Flaws,Shut down in 2019; lost to Facebook; AOL mismanagement; sold cheap,Network effects can crush
Digg,Information,Execution Flaws,Faded 2018; redesign tanked; lost to Reddit; sold cheap,User loyalty fragile
Evernote,Information,Execution Flaws,Declined 2019; bloated features; lost to OneNote,Simplicity beats bloat
Friendster,Information,Execution Flaws,Faded 2014; slow servers; lost to Facebook,Speed and UX trump
Jawbone,Information,Execution Flaws,Shut down 2017; lost to Fitbit; buggy tech,Execution outranks cash
MySpace,Information,Execution Flaws,Faded 2018; lost to Facebook; News Corp mismanaged,UX trumps leads
Tumblr,Information,Execution Flaws,Faded 2020; Yahoo mismanaged; porn ban,Mismanagement burns
Yahoo Answers,Information,Execution Flaws,Shut down 2020; spam; lost to Quora,Quality beats chaos
Yahoo Groups,Information,Execution Flaws,Shut down 2013; Yahoo neglect,Neglect kills legacy
Zume,Information,Execution Flaws,Shut down 2022; robots flopped,Tech needs results
Circle,Finance,Trend Shifts,Lost to Coinbase and market shifts,Crypto needs stability
Coinbase NFT,Finance,Trend Shifts,Lost to OpenSea and NFT crash,NFTs need timing
OrderAhead,Food service,Trend Shifts,Sold 2017; lost to DoorDash,Pickup needs giants
Ritual,Food service,Trend Shifts,Faded 2022; lost to DoorDash; pickup waned,Delivery beats pickup
Cue Health,Health care,Trend Shifts,Post-COVID crash and costs,Plan for cycles
Goldfinch Bio,Health care,Trend Shifts,Funding dried up and slow progress,Timing is critical
Healx,Health care,Trend Shifts,Funding crunch and slow results,Deliver or downsize
MediChain,Health care,Trend Shifts,Lost to Epic and crypto crash,Real-world buy-in needed
Olive,Health care,Trend Shifts,Downturn and mismanagement,Adapt to shifts
Hello,Manufacturing,Trend Shifts,Lost to Fitbit/Apple Watch,Sleep tech must be wearable
Jawbone,Manufacturing,Trend Shifts,Competition and quality issues,Fitness hardware needs quality
Juicero,Manufacturing,Trend Shifts,Overkill product vs Ninja/Breville,Hardware must solve real problems
Light,Manufacturing,Trend Shifts,Smartphones caught up,Cameras can’t outrun trends
Lytro,Manufacturing,Trend Shifts,Smartphones matched it vs Canon/Nikon,Cameras can’t beat smartphones
ContextLogic,Retail,Trend Shifts,Faded 2023; low-quality goods; lost to Amazon,Cheap doesn't last
Groupon Now,Retail,Trend Shifts,Phased out 2015; low need; lost to Yelp,Timing trumps deals
Kozmo.com,Retail,Trend Shifts,Closed 2002; free delivery killed margins; dot-com bust,Free's a trap
Pets.com,Retail,Trend Shifts,Shut down 2000; high shipping costs; dot-com bust,Margins beat hype
Plum District,Retail,Trend Shifts,Faded 2017; lost to Groupon; deal fatigue,Deals fade fast
Quirky,Retail,Trend Shifts,Bankruptcy 2019; high costs; lost to Amazon,Crowds don't profit
RetailMeNot UK,Retail,Trend Shifts,Faded 2020; lost to local sites; deal fatigue,Coupons fade too
ToVieFor,Retail,Trend Shifts,Closed 2015; lost to Gilt; deal fatigue,Deals tire out
Webvan,Retail,Trend Shifts,Shut down 1999; overspent on warehouses; dot-com bust,Scale needs demand
Woot,Retail,Trend Shifts,Sold 2010; faded 2016; lost to Amazon; deal fatigue,Deals lose steam
Yelp Deals,Retail,Trend Shifts,Faded 2019; lost to Groupon; deal fatigue,Deals fade out
Coub,Information,Trend Shifts,Closed 2021; couldn't monetize; lost to TikTok,Timing and scale brutal
Foursquare Swarm,Information,Trend Shifts,Ended 2021; check-ins faded; lost to Instagram,Trends fade fast
GeoCities,Information,Trend Shifts,Shut down 2005; Yahoo neglect; lost to blogs,Adapt or atrophy
GetGlue,Information,Trend Shifts,Closed 2016; Twitter; streaming outpaced; sold off,Niche trends risky
Houseparty,Information,Trend Shifts,Shut down 2021; Epic acquired; lost to Zoom,Peaks don't last
Maker Media,Information,Trend Shifts,Closed 2019; print declined; events didn't cover costs,Passion doesn't pay
Periscope,Information,Trend Shifts,Shut down 2020; lost to Instagram Live,Trends shift platforms
Photobucket,Information,Trend Shifts,Faded 2018; lost to Instagram; paywall backlash,Don't alienate base
Quixey,Information,Trend Shifts,Shut down 2017; lost to Apple/Google search,Solve a real pain
Topix,Information,Trend Shifts,Shut down 2018; lost to Facebook,Social kills local
Vdio,Information,Trend Shifts,Shut down 2015; lost to Netflix,Timing's everything
VisiCalc,Information,Trend Shifts,Faded 1984; lost to Lotus 1-2-3,Innovate or die
Wishbone,Information,Trend Shifts,Faded 2019; lost to Instagram Stories,Fads burn out
Xmarks,Information,Trend Shifts,Shut down 2014; lost to browser sync,Tech shifts bury
Yahoo Live,Information,Trend Shifts,Shut down 2010; low adoption,Timing's critical
Zulily,Information,Trend Shifts,Sold 2019; lost to Amazon,Deals die fast
Zynga Games,Information,Trend Shifts,Faded 2019; mobile shift; sold 2022,Platforms shift
Blync,Information,Trend Shifts,Faded 2018; lost to Instagram Stories,Trends trump toys
Friend.ly,Information,Trend Shifts,Closed 2013; lost to X,Fads need legs
LendUp,Finance,Toxicity/Trust Issues,Regulatory fines and OppLoans competition,Fintech can’t skirt regs
LendingClub,Finance,Toxicity/Trust Issues,Lost to banks and trust issues,P2P needs trust
RushCard,Finance,Toxicity/Trust Issues,Lost to Chime and trust issues,Prepaid needs trust
BetterHelp,Health care,Toxicity/Trust Issues,Trust issues and competition,Trust comes first
Eargo,Health care,Toxicity/Trust Issues,Fraud allegations and competition,Trust is king
Health IQ,Health care,Toxicity/Trust Issues,Risk models and scrutiny,Math and compliance matter
Theranos,Health care,Toxicity/Trust Issues,Fraud and tech didn’t work,Transparency is key
uBiome,Health care,Toxicity/Trust Issues,Fraudulent billing,Ethics are non-negotiable
Auctionata,Retail,Toxicity/Trust Issues,Shut down 2018; high costs; lost to eBay; valuation scandal,Trust and economics matter
ContextLogic,Retail,Toxicity/Trust Issues,Faded 2023; low-quality goods; lost to Amazon,Cheap doesn't last
Ecomom,Retail,Toxicity/Trust Issues,Shut down 2013; mismanagement; lost to Amazon,Execution beats ethos
Homejoy,Retail,Toxicity/Trust Issues,Shut down 2016; legal issues; lost to Handy,Service needs trust
JustFab,Retail,Toxicity/Trust Issues,Faded 2022; billing complaints; lost to Nordstrom,Trust trumps trends
Nasty Gal,Retail,Toxicity/Trust Issues,Bankruptcy 2017; mismanagement; lost to ASOS,Growth needs control
Cocoon,Information,Toxicity/Trust Issues,Shut down 2022; lost to VPNs; Chrome; trust waned,Trust is currency
Connect,Information,Toxicity/Trust Issues,Shut down 2016; lost to Facebook's own features; privacy issues,Don't bet on turf
Formspring,Information,Toxicity/Trust Issues,Shut down 2016; bullying scared users; lost to Facebook,Toxicity's a sword
Kik,Information,Toxicity/Trust Issues,Shut down 2022; privacy scandals; lost to WhatsApp,Trust is king
Path,Information,Toxicity/Trust Issues,Closed 2018; niche; privacy scandal,Privacy's tightrope
Secret,Information,Toxicity/Trust Issues,Shut down 2018; toxicity scared users; lost to Whisper,Anonymity's messy
Topix,Information,Toxicity/Trust Issues,Shut down 2018; lost to Facebook,Social kills local
Whisper,Information,Toxicity/Trust Issues,Faded 2020; toxicity; lost to Snapchat,Anonymity's gamble
Yik Yak,Information,Toxicity/Trust Issues,Shut down 2018; toxicity; lost to Snapchat,Anonymity's beast
LendUp,Finance,Regulatory Pressure,Regulatory fines and OppLoans competition,Fintech can’t skirt regs
Vemo,Finance,Regulatory Pressure,Lost to Lambda School and regs,ISAs need traction
ZestFinance,Finance,Regulatory Pressure,Lost to Upstart and regs,Lending needs compliance
Clarityn,Health care,Regulatory Pressure,Lost to IDx and regulatory delays,Regulatory wins are key
Health IQ,Health care,Regulatory Pressure,Risk models and scrutiny,Math and compliance matter
Nurx,Health care,Regulatory Pressure,Reg hurdles and competition,Scale and compliance
Proteus Digital Health,Health care,Regulatory Pressure,Failed partnership and costs,Don’t bet on one partner
Scanadu,Health care,Regulatory Pressure,Regulatory delays and competition,Speed to market matters
BurstIQ,Retail,Regulatory Pressure,Faded 2022; low adoption; lost to data brokers,Tech alone doesn't sell
Drizly,Retail,Regulatory Pressure,Sold 2021; faded 2023; Uber struggled with regs,Regs and giants choke
Homejoy,Retail,Regulatory Pressure,Shut down 2016; legal issues; lost to Handy,Service needs trust
Gigya,Information,Regulatory Pressure,Ended 2018; SAP acquisition; lost to Google login,Regs and giants choke
Grooveshark,Information,Regulatory Pressure,Shut down 2017; lawsuits over piracy; lost to Spotify,Legality's key
Drawbridge,Information,Regulatory Pressure,Sold 2021; privacy regs; lost to Google,Regs reshape ads
Clinkle,Finance,Overhype,No product vs Apple Pay/PayPal,Execution over promises
Driver,Health care,Overhype,Bad pricing and funding,Validate willingness to pay
Lantern,Health care,Overhype,Slow adoption and misjudgment,Plan for long cycles
Lantern Pharma,Health care,Overhype,Slow results and pivot,Quick wins matter
Mindstrong,Health care,Overhype,No actionable insights,Prove outcomes
Theranos,Health care,Overhype,Fraud and tech didn’t work,Transparency is key
Dyson's EV Project,Manufacturing,Overhype,Lost to Tesla/Nio and high costs,EVs are a giant’s game
Essential Products,Manufacturing,Overhype,Poor sales vs Apple/Samsung,Smartphone giants are unbeatable
Faraday Future,Manufacturing,Overhype,Mismanagement and Tesla/Rivian competition,EV hype needs execution
Lily Robotics,Manufacturing,Overhype,Couldn’t deliver vs DJI,Don’t overpromise hardware
Skully Helmets,Manufacturing,Overhype,Mismanagement and no product vs Nolan/Shoei,AR needs execution
Fab.com,Retail,Overhype,Sold 2018; overexpansion; lost to Amazon,Growth needs profit
Kozmo.com,Retail,Overhype,Closed 2002; free delivery killed margins; dot-com bust,Free's a trap
Pets.com,Retail,Overhype,Shut down 2000; high shipping costs; dot-com bust,Margins beat hype
Quirky,Retail,Overhype,Bankruptcy 2019; high costs; lost to Amazon,Crowds don't profit
Webvan,Retail,Overhype,Shut down 1999; overspent on warehouses; dot-com bust,Scale needs demand
Color Labs,Information,Overhype,Closed 2014; confused users; lost to Instagram; Apple absorbed,Hype can't save fit
Knewton,Information,Overhype,Sold 2020; overhyped AI; lost to Pearson,Prove the pudding
Quixey,Information,Overhype,Shut down 2017; lost to Apple/Google search,Solve a real pain
Yo,Information,Overhype,Faded 2018; novelty; no depth,Gimmicks don't last
Cafe X,Food service,High Operational Costs,Closed 2021; low adoption; lost to Starbucks,Humans trump robots
Chef'd,Food service,High Operational Costs,Closed 2019; high costs; lost to Blue Apron,Costs cook meal kits
Clover,Food service,High Operational Costs,Closed 2020; niche; lost to McDonald's,Niche eats need taste
Curb Food,Food service,High Operational Costs,Closed 2023; tech glitches; lost to DoorDash,Robots need results
Dinner Lab,Food service,High Operational Costs,Closed 2017; high costs; low demand,Events need economics
Grubwithus,Food service,High Operational Costs,Closed 2015; waned demand; high costs,Social dining needs crowd
Maple,Food service,High Operational Costs,Closed 2019; high costs; lost to DoorDash,Premium food needs profit
Munchery,Food service,High Operational Costs,Bankruptcy 2018; overexpansion; lost to Grubhub,Expansion eats cash
Nosh,Food service,High Operational Costs,Closed 2017; low demand; lost to HelloFresh,Health needs scale
Presto,Food service,High Operational Costs,Closed 2020; low adoption; lost to Ziosk,Tech needs diners
Revolution Foods,Food service,High Operational Costs,Faded 2021; high costs; lost to Aramark,Schools squeeze margins
Ritual,Food service,High Operational Costs,Faded 2022; lost to DoorDash; pickup waned,Delivery beats pickup
Sprig,Food service,High Operational Costs,Closed 2017; high costs; lost to Uber Eats,Organic's pricey
Zesty,Food service,High Operational Costs,Closed 2019; high costs; lost to DoorDash,Health needs scale
