slug,name,founded,failed,country,industry,category,funding_raised_usd_millions,funding_raised_label,peak_valuation,employees_at_peak,failure_reason,investors,lesson,url
milkrun,MilkRun,2018,2023,Australia,Quick Commerce/Grocery,major,75,$75M,,,Unsustainable Unit Economics,"AirTree Ventures, Blackbird Ventures, Tiger Global, Grok Ventures",Sydney's quick-commerce darling raised AUD$75M+ then collapsed inside 18 months when capital tightened. Australian density couldn't support 10-minute grocery economics.,https://ideaproof.io/failure/milkrun
send-au,Send,2020,2022,Australia,Quick Commerce/Grocery,notable,11,$11M,,,Quick-Commerce Collapse,"Atlassian co-founder Mike Cannon-Brookes (Grok), Folklore","Smaller Australian quick-commerce competitor that collapsed before MilkRun, signaling the entire category's unviability locally.",https://ideaproof.io/failure/send-au
metigy,Metigy,2015,2022,Australia,MarTech/AI,notable,28,$28M,,,Cash Burn & Founder Issues,"Cygnet Capital, Regal Funds, Five V Capital",Sydney AI-marketing platform raised AUD$28M then collapsed amid allegations the founder used company funds for personal property. A governance failure case study.,https://ideaproof.io/failure/metigy
vollie,Volt Bank,2017,2022,Australia,Fintech/Neobank,major,220,$220M,,,Could Not Raise Series F,"Collection House, ASX-listed strategic investors",Australia's first neobank to receive a banking licence handed it back in 2022 after failing to raise the AUD$200M needed to become profitable.,https://ideaproof.io/failure/vollie
scouted-au,Brighte (Down Round),2015,2023,Australia,Fintech/BNPL Solar,notable,200,$200M,,,Rates & BNPL Reckoning,"Atlassian co-founder Mike Cannon-Brookes (Grok), Airtree, Skip Capital","Australia's solar-financing BNPL hit the same wall as global BNPL: rising rates, rising defaults, no path to profitability at peak valuation.",https://ideaproof.io/failure/scouted-au
scouted-pty,Plenti (Stock Collapse),2014,2023,Australia,Fintech/Lending,notable,70,$70M,,,Margin Compression & Equity Collapse,"ASX (IPO), Carsales.com, AGL",ASX-listed Plenti's stock fell over 80% as Australian P2P lending margins evaporated under the rate cycle.,https://ideaproof.io/failure/scouted-pty
olive-ai,Olive AI,2012,2023,USA,Healthcare AI,mega,902,$902M,$4B (2021),1300,"Overpromised RPA as 'AI', under-delivered ROI to hospitals","Vista Equity, Tiger Global, General Catalyst, Base10, Drive Capital","Selling AI to hospitals requires proven ROI per workflow, not a $4B narrative. Olive's automation broke on messy edge cases and clients cancelled.",https://ideaproof.io/failure/olive-ai
arrival,Arrival,2015,2024,UK,Electric Vehicles,mega,1700,$1.7B,$13B (2021),2400,Microfactory model never produced vehicles at scale,"Hyundai, Kia, BlackRock, UPS, CIIG (SPAC)","'Microfactories' sound capital-light in a pitch deck. In reality auto manufacturing rewards scale, and Arrival never built one.",https://ideaproof.io/failure/arrival
argo-ai,Argo AI,2016,2022,USA,Autonomous Vehicles,mega,3600,$3.6B,$7.25B (2021),2000,Backers Ford and VW pulled the plug on robotaxi timeline,"Ford, Volkswagen","When your only two customers stop believing L4 arrives this decade, no independent balance sheet survives it.",https://ideaproof.io/failure/argo-ai
iron-ox,Iron Ox,2015,2023,USA,AgTech / Robotics,notable,98,$98M,$500M+ (2021),200,Robotic greenhouse capex could not beat commodity produce prices,"Y Combinator, Crosslink, Eniac, R7, Amplo",Robotics + agriculture forces you to compete on lettuce price. Automation gains rarely offset the extra capital cost of the greenhouse.,https://ideaproof.io/failure/iron-ox
veev,Veev,2008,2023,USA,PropTech / Modular Housing,major,600,$600M,$1B (2022),400,Modular home factory economics broke as housing demand cooled,"LennarX, Zeev Ventures, JLL Spark, Zeev, Fifth Wall","Modular housing has killed serial unicorns — Katerra, Veev — because factory throughput doesn't beat conventional builders once demand drops.",https://ideaproof.io/failure/veev
electric-last-mile-solutions,Electric Last Mile Solutions,2020,2022,USA,Electric Vehicles,major,300,$300M,$1.4B (2021),400,"SEC probe, founder exits, and unable to raise more capital","Forum Merger III (SPAC), public shareholders",Post-SPAC EV plays with unresolved SEC issues can't raise follow-on capital. ELMS ran out of runway in 18 months.,https://ideaproof.io/failure/electric-last-mile-solutions
hopin,Hopin,2019,2023,UK,Virtual Events,mega,1020,$1.02B,$7.75B (2021),1100,"Pandemic tailwind evaporated overnight, valuation cratered","IVP, Andreessen Horowitz, Tiger Global, General Catalyst, Coatue",A pandemic tailwind is not a durable market. Hopin raised at $7.75B in a category that shrank 80% once offices reopened.,https://ideaproof.io/failure/hopin
thrasio,Thrasio,2018,2024,USA,E-commerce Aggregator,mega,3400,$3.4B,$10B (2021),1100,"Bought Amazon brands at 2021 multiples, couldn't service debt","Silver Lake, Advent, Oaktree, PEAK6, Upper90","Aggregators paid 5x EBITDA for FBA brands in 2021. When Amazon fees rose and ad costs doubled, the debt stack sank them all.",https://ideaproof.io/failure/thrasio
perch-hq,Perch,2019,2024,USA,E-commerce Aggregator,major,909,$909M,$2B+ (2021),350,"Aggregator model collapsed, sold to Razor Group in distress","SoftBank, Spark Capital, Tectonic Ventures","Perch was the 'quality' Amazon roll-up. When rates rose, quality didn't matter — every aggregator got repriced together.",https://ideaproof.io/failure/perch-hq
frank-financial-aid,Frank (JPMorgan),2016,2023,USA,Fintech / EdTech,notable,20,$20M+,$175M (acquisition),50,Founder Charlie Javice convicted of $175M JPMorgan sale fraud,"Aleph, Marc Rowan, Apollo (angel), Chris Sacca",The most spectacular startup failures aren't insolvencies — they're founder-driven fraud that unwinds a nine-figure acquisition.,https://ideaproof.io/failure/frank-financial-aid
purplebricks,Purplebricks,2012,2023,UK,PropTech / Real Estate,major,108,£108M IPO,£1.35B (2017),800,Flat-fee model couldn't cover marketing spend as UK market cooled,"Neil Woodford, Axel Springer, public shareholders (LSE:PURP)","In real estate, £1,000-flat-fee revenue can't fund £70M TV campaigns — the LTV/CAC math breaks the moment listings slow.",https://ideaproof.io/failure/purplebricks
shift-technologies,Shift Technologies,2014,2023,USA,AutoTech / E-commerce,major,820,$820M,$1.5B (2021),1000,"Used-car e-commerce economics broke, merger with CarLotz failed","DCM, Goldman Sachs, DFJ, Highland Capital, Great Oaks",Consolidating two failing used-car startups doesn't create a winning one — it doubles operational drag.,https://ideaproof.io/failure/shift-technologies
reali,Reali,2015,2022,USA,PropTech / Real Estate,notable,146,$146M,$500M+ (2021),200,Cash-offer / power-buyer model unworkable as rates spiked,"Signia Venture Partners, Zeev Ventures","Power-buyer models depend on cheap capital and stable prices. When mortgage rates doubled in 2022, every buy-before-sell player broke.",https://ideaproof.io/failure/reali
enjoy-technology,Enjoy Technology,2014,2022,USA,Retail Tech,notable,300,$300M,$1.2B (2021),1600,"Home-visit retail model unprofitable, Apple contract insufficient","Kleiner Perkins, Highland Capital, Andreessen Horowitz, Marvin Traub","Ex-Apple retail chief Ron Johnson learned twice (JCPenney, Enjoy) that reinventing retail from famous credentials still requires unit economics.",https://ideaproof.io/failure/enjoy-technology
buzzfeed-news,BuzzFeed News,2011,2023,USA,Digital Media,notable,,N/A (division),N/A,100,Pulitzer-winning newsroom couldn't outrun ad revenue collapse,BuzzFeed parent (NASDAQ:BZFD),Prestige journalism does not monetize on programmatic ads. BuzzFeed News won a Pulitzer and was still shuttered.,https://ideaproof.io/failure/buzzfeed-news
vice-media,Vice Media,1994,2023,USA,Digital Media,mega,1500,$1.5B+,$5.7B (2017),3000,"Once valued at $5.7B, filed Chapter 11 in 2023 and shuttered flagship site in 2024","Disney, TPG, Sixth Street, Fortress, A&E","A cool brand, a $5.7B valuation, and a TV network still can't survive if programmatic ads and Facebook traffic evaporate together.",https://ideaproof.io/failure/vice-media
volta-charging,Volta Charging,2010,2023,USA,EV Charging,notable,400,$400M+,$2B (2021),300,"Ad-subsidized charging model unproven, sold to Shell for $169M","Tortoise SPAC, Energy Impact Partners",'Free' charging paid by ad impressions on the station screen was a beautiful pitch. It never actually paid for the electrons.,https://ideaproof.io/failure/volta-charging
adept-ai,Adept AI,2022,2024,USA,AI Agents / Foundation Models,major,415,$415M,$1B+ (2023),100,Founding team acqui-hired by Amazon; company left as licensor,"General Catalyst, Spark Capital, Greylock, Microsoft, Nvidia",The 2024 AI 'reverse acqui-hire' invented a new failure mode: the company survives on paper while its brain moves to Big Tech.,https://ideaproof.io/failure/adept-ai
inflection-ai-original,Inflection AI (original),2022,2024,USA,AI / Foundation Models,mega,1500,$1.5B,$4B (2023),70,"Microsoft hired Mustafa Suleyman and team, gutting the original consumer plan","Microsoft, Nvidia, Reid Hoffman, Bill Gates, Eric Schmidt",A $1.5B raise doesn't guarantee a business — sometimes the best exit is your investor hiring your founders directly.,https://ideaproof.io/failure/inflection-ai-original
character-ai-original,Character.AI (original),2021,2024,USA,AI / Consumer,mega,193,$193M,$1B+ (2023),130,Google hired founders and licensed tech; consumer plan effectively over,"Andreessen Horowitz, SV Angel, Google","The third 2024 reverse acqui-hire — Google-Character followed Microsoft-Inflection and Amazon-Adept, formalizing a new category of AI failure.",https://ideaproof.io/failure/character-ai-original
convoy-freight,Convoy,2015,2023,USA,Logistics / Freight Tech,mega,1100,$1.1B,$3.8B (2022),1500,Digital freight brokerage margins vanished in freight recession,"Generation IM, T. Rowe Price, Y Combinator, Bezos Expeditions","Freight brokerage is a spread business. When the freight cycle turns, the spread turns negative for everyone chasing GMV.",https://ideaproof.io/failure/convoy-freight
hyperloop-one,Hyperloop One,2014,2023,USA,Transportation,notable,450,$450M,$1B+ (2019),250,"Ten years, one test track, zero commercial route","DP World, Richard Branson (Virgin), Sherpa Capital, GE Ventures",The most seductive hardware pitches (500 mph vacuum tubes) still need regulatory reality and cost per mile below rail.,https://ideaproof.io/failure/hyperloop-one
divvy-homes,Divvy Homes,2017,2025,USA,PropTech / Rent-to-Own,major,735,$735M,$2.3B (2021),400,Rent-to-own economics broken by rates; sold to Brookfield at half valuation,"Tiger Global, GGV, Andreessen Horowitz, Caffeinated Capital",Even the 'right' rent-to-own model at $2B valuation had to sell to Brookfield for half that. Housing beta ate the alpha.,https://ideaproof.io/failure/divvy-homes
rally-collectibles,Rally (Rally Rd),2016,2024,USA,Fintech / Fractional Investing,notable,40,$40M,$400M+ (2021),100,Fractional collectibles secondary market never had liquidity,"Upfront Ventures, Alexis Ohanian, Anthos Capital, Porsche Ventures","Fractional collectibles work as a marketing gimmick, not as a liquid secondary market. Every player in the category has stalled.",https://ideaproof.io/failure/rally-collectibles
argo-blockchain-hosting,Argo Blockchain (US Mining ops),2017,2022,UK,Crypto / Bitcoin Mining,notable,100,£100M+,$2B (2021),100,Sold flagship Helios Texas facility to Galaxy Digital to avoid Chapter 11,"AIM public shareholders, Nasdaq ADSs","Bitcoin mining is a leveraged bet on hashprice. When BTC halved and energy prices doubled in 2022, over-levered miners had to sell flagship assets to survive.",https://ideaproof.io/failure/argo-blockchain-hosting
core-scientific,Core Scientific,2017,2022,USA,Crypto / Bitcoin Mining,major,1200,$1.2B+,$4.3B (2022),900,BTC crash + Celsius exposure forced Chapter 11,"Ascend Capital, XMS Capital, public shareholders",Public miners that lent hashrate to Celsius discovered the counter-party risk when Celsius defaulted mid-2022. The debt stack did the rest.,https://ideaproof.io/failure/core-scientific
compute-north,Compute North,2017,2022,USA,Crypto / Data Center Hosting,notable,385,$385M,$500M+ (2022),40,Debt-financed data center build tripped when BTC crashed and Compute North's own customers defaulted,"Generate Capital, Marathon Digital, National Grid Partners",Crypto data center capex is only cheap if BTC and hashprice stay high. Compute North built through 2022 and never recovered.,https://ideaproof.io/failure/compute-north
olist-down-round,Olist (Down Round & Layoffs),2015,2023,Brazil,E-commerce SaaS,major,220,$220M,$1.5B,,Macro Reversal & Profitability Push,"SoftBank, Wellington, Goldman Sachs, Redpoint",Brazil's 2021 unicorns face a brutal 2023-24 reality: SoftBank-funded growth collapsed when capital tightened and Olist-style marketplaces had to cut deep.,https://ideaproof.io/failure/olist-down-round
loft-down-round,Loft (Down Round),2018,2023,Brazil,Real Estate/PropTech,major,800,$800M,$2.9B,,iBuying Model & Brazilian Rates,"SoftBank, Andreessen Horowitz, D1 Capital, Tiger Global",Brazilian iBuying never made sense at 13% interest rates. Loft's $2.9B peak valuation collapsed as the inventory model bled cash.,https://ideaproof.io/failure/loft-down-round
facily,Facily,2018,2023,Brazil,Social Commerce,major,300,$300M,,,Unsustainable Unit Economics,"Andreessen Horowitz, Citius, Quona, Monashees",Brazil's answer to Pinduoduo couldn't replicate the Chinese model's logistics density. Group-buying with subsidies burned $300M before shutdown.,https://ideaproof.io/failure/facily
olist-vnda,Vnda (Closed),2014,2023,Brazil,E-commerce SaaS,notable,15,$15M,,,Acquired & Sunsetted,Acquired by Olist in 2021,Brazilian e-commerce SaaS Vnda was acquired by Olist at the 2021 peak — only to be shut down two years later when the parent company restructured.,https://ideaproof.io/failure/olist-vnda
kavak-brazil-exit,Kavak (Brazil Exit),2016,2023,Brazil,Used Car Marketplace,major,1500,$1.5B,$8.7B,,Capital-Intensive Inventory Model,"SoftBank, General Catalyst, Tiger Global","Even with $1.5B raised, Kavak couldn't make Brazilian used-car economics work and exited the country in 2023.",https://ideaproof.io/failure/kavak-brazil-exit
vc-buggy,Buggy,2020,2023,Brazil,Used Car/E-commerce,notable,25,$25M,,,Unviable Inventory Economics,"Riverwood Capital, Endeavor Catalyst",A smaller used-car play that ran into the same inventory wall as Kavak — but with one-tenth the cushion.,https://ideaproof.io/failure/vc-buggy
yellow-bikes-br,Yellow (Grow Mobility),2017,2020,Brazil,Micromobility,notable,150,$150M,,,Unit Economics & COVID,"GGV Capital, Monashees, Base Partners","Brazil's biggest bike-and-scooter sharing startup couldn't reach unit economics, then COVID sealed its fate.",https://ideaproof.io/failure/yellow-bikes-br
easynvest-troubles,Easynvest (Sold at Discount),2010,2020,Brazil,Fintech/Brokerage,notable,50,$50M,,,Outcompeted by XP & Nubank,Advent International,Easynvest pioneered Brazilian discount brokerage but was outscaled by XP Inc and folded into Nubank at a price below its 2018 mark.,https://ideaproof.io/failure/easynvest-troubles
ledn-canada-troubles,Wealthsimple (Down Round),2014,2023,Canada,Fintech/Wealth,major,900,$900M,CAD$5B,,Crypto Winter & Margin Compression,"Power Corporation, TCV, Allianz X, Greylock","Canada's flagship fintech raised at CAD$5B in 2021, then accepted a CAD$1.5B mark in 2023 — destroying CAD$3.5B+ in paper value.",https://ideaproof.io/failure/ledn-canada-troubles
tehama-acquired,Tehama (Wind-Down),2017,2023,Canada,SaaS/Remote Work,notable,30,$30M,,,Post-COVID Demand Collapse,"Pelorus Venture Capital, Espresso Capital",Ottawa-based virtual-desktop startup Tehama was a COVID darling that couldn't sustain growth as remote-work tooling consolidated.,https://ideaproof.io/failure/tehama-acquired
thinkific-stock-collapse,Thinkific (Stock Collapse),2012,2023,Canada,EdTech/SaaS,notable,200,$200M,CAD$1.4B,,Post-COVID Demand Decline,"TSX (IPO), Rhino Ventures",Vancouver-based Thinkific listed on the TSX in 2021 then lost over 90% of its market cap as creator-economy spending collapsed.,https://ideaproof.io/failure/thinkific-stock-collapse
mejuri-down-round,ApplyBoard (Down Round & Layoffs),2015,2023,Canada,EdTech/Enrollment,major,600,$600M,CAD$3.2B,,Visa Policy Risk & Layoffs,"Ontario Teachers, Drive Capital, Garage Capital",Canada's CAD$3.2B unicorn ApplyBoard accepted a deep recap and laid off ~40% of staff as Canadian student-visa caps decimated its core market.,https://ideaproof.io/failure/mejuri-down-round
lightspeed-stock,Lightspeed Commerce (Value Destruction),2005,2024,Canada,POS/SaaS,major,1000,$1B,CAD$30B,,Short Report & Stock Collapse,"TSX/NYSE (IPO), Caisse de dépôt","Montreal-based Lightspeed peaked at CAD$30B in 2021 then lost over 80% after short-seller accusations. While still operating, billions in shareholder value evaporated.",https://ideaproof.io/failure/lightspeed-stock
delphia,Delphia,2018,2024,Canada,Fintech/AI,notable,60,$60M,,,SEC Settlement & Wind-Down,"Multicoin Capital, Real Ventures","Toronto AI-investing startup paid an SEC fine for AI-washing claims, then wound down — a fintech case of overstating AI capabilities.",https://ideaproof.io/failure/delphia
mt-gox,Mt. Gox,2010,2014,Japan,Crypto/Fintech,mega,,$0,N/A (private),20,Hack & Mismanagement,"Self-funded, Tibanne Co.","Handling other people's money requires enterprise-grade security and compliance, not hobbyist infrastructure. Mt. Gox proved that being first-to-market means nothing if you can't protect customer assets.",https://ideaproof.io/failure/mt-gox
bitconnect,BitConnect,2016,2018,India,Crypto/Fintech,mega,2500,$0,$2.7B,50,Ponzi Scheme,No institutional investors — retail-driven,Guaranteed returns in volatile markets are the hallmark of fraud. BitConnect's promised 1% daily returns were mathematically impossible and classic Ponzi mechanics.,https://ideaproof.io/failure/bitconnect
quadriga-cx,QuadrigaCX,2013,2019,Canada,Crypto/Fintech,major,190,$0,N/A,15,Fraud & Mysterious Death of Founder,"Self-funded, no institutional backing",Single points of failure — especially a single person controlling all private keys — create existential risk. QuadrigaCX showed that 'key man risk' can be literal.,https://ideaproof.io/failure/quadriga-cx
wirecard,Wirecard,1999,2020,Germany,Fintech/Payments,mega,24000,$1.9B,€24B,5800,Massive Accounting Fraud,"SoftBank, Public markets (DAX 30)",Even DAX-30 companies with Big Four auditors can be complete frauds. Wirecard proved that regulatory capture and national pride can blind everyone to obvious red flags.,https://ideaproof.io/failure/wirecard
greensill-capital,Greensill Capital,2011,2021,UK,Fintech/Supply Chain Finance,mega,7000,$1.7B,$7B,1000,Concentrated Risk & Insurance Loss,"SoftBank Vision Fund, General Atlantic",Supply chain finance works when risk is diversified. Greensill concentrated exposure on a few troubled borrowers and relied on a single insurer — creating a house of cards.,https://ideaproof.io/failure/greensill-capital
bitmex,BitMEX,2014,2020,Hong Kong,Crypto/Fintech,major,100000,$0,"N/A (private, estimated $3.6B)",50,Regulatory Evasion & Criminal Charges,Self-funded (bootstrapped to billions in revenue),You cannot build a financial empire by deliberately evading regulations. BitMEX's founders chose offshore structures over compliance and paid with criminal convictions.,https://ideaproof.io/failure/bitmex
n26-us,N26 US,2013,2022,Germany,Fintech/Neobank,major,9000,$1.8B,$9B (global),1500,Regulatory Failures & Market Misfit,"Third Point Ventures, Coatue, Insight Partners, Peter Thiel, Tencent","European fintech success doesn't automatically translate to the US market. N26's failure in America shows that regulatory environments, competitive landscapes, and customer expectations differ dramatically.",https://ideaproof.io/failure/n26-us
health-iq,Health IQ,2013,2023,USA,InsurTech/HealthTech,notable,450,$130M,$450M,300,Fraud — Fabricated Metrics & False Claims,"Andreessen Horowitz, Ribbit Capital, Aquiline Capital Partners",Insurance is a heavily regulated industry where fabricated data doesn't just mislead investors — it violates insurance regulations. Health IQ's founder couldn't fake actuarial science.,https://ideaproof.io/failure/health-iq
vicarious-ai,Vicarious,2010,2022,USA,AI/Robotics,notable,250,$250M,$1B+ (estimated),100,Over-ambition & No Product-Market Fit,"Mark Zuckerberg, Elon Musk, Jeff Bezos, Founders Fund, Khosla Ventures",Having the most famous investors in the world cannot compensate for failing to ship a product. Vicarious spent 12 years chasing artificial general intelligence without finding a commercial application.,https://ideaproof.io/failure/vicarious-ai
kindred-ai,Kindred AI,2014,2023,Canada,AI/Robotics,notable,93,$93M,$400M (estimated),150,Failed Commercialization,"Google Ventures, Horizons Ventures, Eclipse Ventures",Building AI robots that learn from human demonstrations is brilliant research but requires massive scale to become economically viable. Kindred never found enough customers to justify the R&D investment.,https://ideaproof.io/failure/kindred-ai
outdoor-voices,Outdoor Voices,2013,2024,USA,DTC/Fashion,notable,110,$64M,$110M,200,Founder Drama & Unsustainable Spending,"General Catalyst, GV (Google Ventures), Forerunner Ventures, J.Crew's Mickey Drexler",A beloved brand with a passionate community can still fail if the business burns cash faster than it generates revenue. Outdoor Voices proved that Instagram-worthy branding doesn't equal a sustainable business.,https://ideaproof.io/failure/outdoor-voices
hq-trivia,HQ Trivia,2017,2020,USA,Media/Entertainment,notable,100,$15M,$100M,35,"Founder Death, No Revenue Model & User Decline","Founders Fund, Lightspeed Venture Partners","A viral moment isn't a business model. HQ Trivia captured lightning in a bottle but never figured out how to monetize it, and the death of its co-founder accelerated a spiral that was already underway.",https://ideaproof.io/failure/hq-trivia
ozy-media,Ozy Media,2013,2021,USA,Media/News,notable,70,$70M+,$250M (claimed),75,Fabricated Metrics & Fraud,"Axel Springer, Laurene Powell Jobs, Marc Lasry","In media, inflated metrics are easy to fabricate and hard to verify. Ozy's CEO impersonated a YouTube executive on a Goldman Sachs due diligence call — the moment fraud crossed from deception into delusion.",https://ideaproof.io/failure/ozy-media
frank-jpmorgan,Frank (JPMorgan Fraud),2017,2023,USA,Fintech/EdTech,notable,175,$20M,$175M (acquisition price),50,Fabricated User Data — $175M Acquisition Fraud,"Aleph, Reach Capital, Chegg, Marc Rowan","When JPMorgan Chase — the largest bank in the world — can be defrauded by a startup founder who fabricated 4 million fake users, it proves that acquisition due diligence failures exist at every level.",https://ideaproof.io/failure/frank-jpmorgan
zenefits,Zenefits,2013,2022,USA,HR Tech/SaaS,major,4500,$584M,$4.5B,1600,Compliance Violations & Hypergrowth Chaos,"Andreessen Horowitz, Fidelity, TPG, Insight Ventures","Zenefits grew at 'break-neck speed' by selling insurance without proper licenses — proving that in regulated industries, compliance isn't a growth constraint to hack around.",https://ideaproof.io/failure/zenefits
rethink-robotics,Rethink Robotics,2008,2018,USA,Robotics/Manufacturing,notable,150,$150M,$500M (estimated),150,Over-engineering & Market Mismatch,"Bezos Expeditions, CRV, Highland Capital Partners, GE Ventures","Collaborative robots are a brilliant concept, but Rethink's Baxter was too slow and imprecise for manufacturing, and too expensive for its target market of small manufacturers.",https://ideaproof.io/failure/rethink-robotics
faraday-future,Faraday Future,2014,2024,USA,EV/Automotive,mega,3000,$3B+,$5B+ (SPAC implied),1400,"Founder Fraud, Governance Failures & Endless Delays","Public markets (SPAC), Ares Management, Birch Lake Partners",Faraday Future is what happens when a founder wanted by Chinese authorities for fraud convinces American investors to fund a car company that barely produces any cars.,https://ideaproof.io/failure/faraday-future
datarobot,DataRobot,2012,2024,USA,AI/ML,recent,6300,$1B+,$6.3B,1500,Commoditization & Failed Enterprise Pivot,"Sapphire Ventures, Iconiq, T. Rowe Price, Tiger Global, Mubadala","AutoML was a brilliant concept when data science was scarce. But as AI tools became ubiquitous and cloud providers offered their own AutoML, DataRobot's $6.3B valuation evaporated.",https://ideaproof.io/failure/datarobot
clarifai,Clarifai,2013,2024,USA,AI/Computer Vision,notable,100,$100M+,$500M+ (estimated),250,Commoditization by Cloud AI APIs,"New Enterprise Associates, Union Square Ventures, LDV Capital, Nvidia","Clarifai built world-class computer vision when it was novel. Then Google, Amazon, and Microsoft offered the same thing as a $1-per-1000-images API call, destroying the premium market.",https://ideaproof.io/failure/clarifai
x-ai-scheduling,x.ai (Scheduling AI),2014,2021,USA,AI/Productivity,notable,44,$44M,$100M (estimated),150,AI Couldn't Replace Calendar Coordination,"Two Sigma, Work-Bench, Firsthand Technology, Pritzker Group",Scheduling meetings seems simple but involves nuanced human preferences that early AI couldn't handle. x.ai spent $44M and 7 years on a problem that calendar links solved for free.,https://ideaproof.io/failure/x-ai-scheduling
mighty-ai,Mighty AI,2014,2019,USA,AI/Data Labeling,notable,27,$27M,$80M (estimated),70,Race to Bottom in Training Data,"Foundry Group, Madrona Venture Group, Intel Capital",Training data labeling was critical for AI development but became a commodity service where price — not quality — won contracts. Mighty AI built a premium product in a market racing to the bottom.,https://ideaproof.io/failure/mighty-ai
narrative-science,Narrative Science,2010,2022,USA,AI/Natural Language Generation,notable,43,$43M,$200M (estimated),100,Niche Market & GPT Disruption,"Sapphire Ventures, Jump Capital, Battery Ventures, In-Q-Tel",Narrative Science spent 12 years building proprietary NLG technology. Then GPT made natural language generation a commodity capability anyone could access through an API.,https://ideaproof.io/failure/narrative-science
anodot-ai,Anodot,2014,2024,Israel,AI/Analytics,notable,65,$65M,$250M (estimated),150,Niche Market & Cloud Platform Competition,"Aleph, Samsung NEXT, Intel Capital, Redline Capital",AI anomaly detection is a valuable feature but not a company-defining product. Anodot built impressive technology that cloud monitoring platforms absorbed as just another capability.,https://ideaproof.io/failure/anodot-ai
c3-ai-struggles,C3.ai,2009,2024,USA,AI/Enterprise,recent,10000,$300M+ (pre-IPO),$10B+ (IPO peak),900,"Slow Growth, Stock Collapse & Customer Concentration","Public markets (IPO), Baker Hughes, TPG, Breakthrough Energy","C3.ai is what happens when enterprise AI promises outpace enterprise adoption. Despite a billionaire founder and a $10B IPO valuation, revenue barely grew while the stock lost 85%+.",https://ideaproof.io/failure/c3-ai-struggles
determined-ai,Determined AI,2017,2021,USA,AI/ML Infrastructure,notable,14,$14M,$50M (estimated),30,Open-Source Competition & Cloud Platform Bundling,"GV (Google Ventures), Sequoia Capital",ML training infrastructure was a crowded space where cloud platforms and open-source tools squeezed out standalone vendors. Even Google Ventures and Sequoia couldn't save a product without a moat.,https://ideaproof.io/failure/determined-ai
clover-health,Clover Health,2014,2024,USA,HealthTech/Insurance,major,3700,$1.3B+,$3.7B (SPAC),600,SPAC Fraud Allegations & Unsustainable Losses,"Public markets (SPAC via Chamath), Sequoia Capital, First Round Capital, Greenoaks Capital",Chamath Palihapitiya's SPAC empire promised to democratize investing. Clover Health proved it mostly democratized losses — the stock dropped 95% while short sellers exposed undisclosed DOJ investigations.,https://ideaproof.io/failure/clover-health
nurx-health,Nurx,2015,2023,USA,HealthTech/Telehealth,notable,150,$150M+,$500M (estimated),400,Regulatory Issues & Unsustainable Unit Economics,"Union Square Ventures, Kleiner Perkins, Y Combinator","Telehealth for birth control prescriptions seemed like a perfect digital health use case. But pharmacy fulfillment costs, regulatory complexity, and insurance billing challenges made every prescription unprofitable.",https://ideaproof.io/failure/nurx-health
practice-fusion,Practice Fusion,2005,2020,USA,HealthTech/EHR,major,700,$150M,$700M,600,DOJ Kickback Fraud & Failed Business Model,"Kleiner Perkins, Peter Thiel, Founders Fund, Salesforce Ventures",Free EHR software monetized by pharmaceutical advertising created a fatal conflict of interest. Practice Fusion's CEO went to prison for taking pharma kickbacks that influenced prescribing decisions.,https://ideaproof.io/failure/practice-fusion
wheel-health,Wheel Health,2018,2024,USA,HealthTech/Telehealth Infrastructure,recent,216,$216M,$1.5B+ (estimated),400,Post-COVID Telehealth Collapse,"Tiger Global, Lightspeed, CRV, Silverton Partners","Wheel built telehealth infrastructure for the COVID era. When the pandemic ended and telehealth demand normalized, the company's growth thesis evaporated along with its customers' volumes.",https://ideaproof.io/failure/wheel-health
zuora-struggles,Zuora,2007,2024,USA,Enterprise SaaS/Billing,recent,3000,$250M+ (pre-IPO),$3B+ (IPO peak),1200,Slow Growth & Failed IPO Promise,"Public markets (IPO), Benchmark, Redpoint, Tenaya Capital, Greylock","Zuora coined 'The Subscription Economy' and built the billing infrastructure for it. But subscription billing turned out to be a feature, not a platform — and Zuora's stock lost 85%+ proving it.",https://ideaproof.io/failure/zuora-struggles
domo-struggles,Domo,2010,2024,USA,Enterprise SaaS/BI,major,2000,$690M,$2B+ (private peak),800,"Overfunding, Slow Growth & BI Market Shift","Public markets (IPO), Benchmark, Greylock, IVP, Jeff Bezos","Domo raised nearly $700M to build a BI platform and still couldn't compete with Tableau, Looker, or Power BI. Sometimes the most well-funded company in a category still loses.",https://ideaproof.io/failure/domo-struggles
sumo-logic,Sumo Logic,2010,2024,USA,Enterprise SaaS/Observability,recent,1600,$340M (pre-IPO),$3B+ (public peak),750,Lost to Datadog & Cloud Platform Bundling,"Public markets (IPO), Greylock, Sutter Hill, DFJ, Battery Ventures","Sumo Logic was an early cloud-native log analytics pioneer. But Datadog executed better, cloud providers bundled observability, and Sumo Logic was taken private at a fraction of its peak valuation.",https://ideaproof.io/failure/sumo-logic
fastly-struggles,Fastly,2011,2024,USA,Enterprise SaaS/Edge Computing,recent,10000,$219M (pre-IPO),$10B+ (public peak),1000,"Customer Concentration, TikTok Dependency & CDN Commoditization","Public markets (IPO), August Capital, Iconiq, IDG Capital","Fastly was the 'developer-friendly CDN' that rode TikTok's growth to a $10B market cap. When TikTok optimized its CDN spend, Fastly lost its largest customer and 85% of its stock value.",https://ideaproof.io/failure/fastly-struggles
cloudera-hortonworks,Cloudera,2008,2021,USA,Enterprise SaaS/Big Data,major,3500,$1B+ (pre-IPO),$5B+ (post-IPO peak),3000,Hadoop Obsolescence & Cloud Data Platform Shift,"Public markets (IPO), Intel Capital, Accel, Greylock, T. Rowe Price","Cloudera bet everything on Hadoop — the technology that was supposed to revolutionize big data. When the world moved to cloud data platforms and Hadoop became legacy, Cloudera's $5B valuation crumbled.",https://ideaproof.io/failure/cloudera-hortonworks
apttus,Apttus,2006,2020,USA,Enterprise SaaS/CPQ,major,400,$400M+,$1.3B (estimated),1000,"Overfunding, Complex Product & CRM Platform Dependency","K1 Investment Management, IBM, Salesforce Ventures, Goldman Sachs","Apttus raised $400M+ to build a Configure-Price-Quote platform that lived on top of Salesforce. When Salesforce built its own CPQ, Apttus lost its biggest distribution channel and its strategic moat.",https://ideaproof.io/failure/apttus
radius-intelligence,Radius Intelligence,2012,2019,USA,Enterprise SaaS/Data,notable,49,$49M,$200M (estimated),100,B2B Data Became Commoditized,"American Express Ventures, Georgian Partners, Founders Fund","Radius built a B2B data platform for sales intelligence. But ZoomInfo, LinkedIn Sales Navigator, and dozens of competitors commoditized B2B data, making Radius's standalone data product uncompetitive.",https://ideaproof.io/failure/radius-intelligence
sprinklr-struggles,Sprinklr,2009,2024,USA,Enterprise SaaS/Social Media Management,recent,4400,$580M (pre-IPO),$4.4B (IPO peak),2400,Complex Enterprise Sales & Stock Decline,"Public markets (IPO), Battery Ventures, ICONIQ, Hellman & Friedman, Temasek","Sprinklr built the most comprehensive social media management platform in the world. But 'comprehensive' meant 'complex,' and most customers wanted simple tools, not a $500K/year enterprise platform.",https://ideaproof.io/failure/sprinklr-struggles
glossier-struggles,Glossier,2014,2024,USA,E-commerce/Beauty,major,266,$266M,$1.8B,500,DTC Model Collapse & Retail Pivot Too Late,"Sequoia Capital, IVP, Forerunner Ventures, Index Ventures",DTC-only brands face existential risk when customer acquisition costs rise and wholesale channels are ignored too long.,https://ideaproof.io/failure/glossier-struggles
casper-ipo-decline,Casper (Post-IPO),2014,2021,USA,E-commerce/DTC,major,340,$340M,$1.1B,800,Unsustainable Unit Economics & Commoditized Product,"Target, IVP, NEA, Lerer Hippeau",Venture-scaling a commodity product with thin margins and high return rates creates a race to the bottom that no amount of branding can win.,https://ideaproof.io/failure/casper-ipo-decline
boxed-wholesale,Boxed,2013,2023,USA,E-commerce/Wholesale,notable,300,$300M+,$900M,600,SPAC Implosion & Failed Costco Challenger Model,"GGV Capital, SoftBank, SPAC merger","Challenging entrenched wholesale giants requires massive scale advantages that most startups cannot achieve, especially through SPAC shortcuts.",https://ideaproof.io/failure/boxed-wholesale
allbirds-decline,Allbirds (Post-IPO),2016,2024,USA,E-commerce/DTC Fashion,major,202,$202M,$4.1B,1100,DTC Shoe Brand Failed to Scale Beyond Niche,"Tiger Global, T. Rowe Price, Franklin Templeton",Sustainability-focused DTC brands face brutal economics when they can't expand beyond their initial audience and face competition from incumbent brands adopting similar messaging.,https://ideaproof.io/failure/allbirds-decline
jet-com,Jet.com,2014,2020,USA,E-commerce,major,565,$565M,$3.3B (acquisition),1500,Failed Amazon Challenger Absorbed & Shut Down,"Bain Capital, Fidelity, Goldman Sachs, GV",Even $3.3B acquisitions can't save a business model that can't differentiate from the dominant marketplace.,https://ideaproof.io/failure/jet-com
groupon-decline,Groupon,2008,2024,USA,E-commerce/Local Deals,mega,1140,$1.14B,$16.7B,12000,Daily Deals Model Proved Unsustainable for Merchants,"New Enterprise Associates, Accel Partners, Greylock, Battery Ventures",Business models that primarily attract deal-seekers who never become loyal customers create a death spiral for merchant partners and the platform itself.,https://ideaproof.io/failure/groupon-decline
farmstead-grocery,Farmstead,2016,2023,USA,Food/Grocery Delivery,notable,16,$16M,$60M,80,Online Grocery Margins Too Thin to Build Standalone Business,"Y Combinator, Forerunner Ventures, Moment Ventures",Online grocery delivery has the thinnest margins in e-commerce — even well-run startups can't compete with incumbents' existing infrastructure.,https://ideaproof.io/failure/farmstead-grocery
deliveroo-losses,Deliveroo,2013,2024,UK,Food Delivery,major,1700,$1.7B,$7B (IPO target),2800,Chronic Unprofitability Despite Massive Scale,"Amazon, T. Rowe Price, Fidelity, Greenoaks Capital","Even with $1.7B in funding and Amazon's backing, food delivery platforms struggle to achieve sustainable profitability due to structural margin challenges.",https://ideaproof.io/failure/deliveroo-losses
getir-collapse,Getir (Detailed),2015,2024,Turkey,Food/Instant Delivery,mega,5500,$5.5B,$11.8B,32000,Instant Grocery Delivery Model Burned Through $5.5B,"Sequoia Capital, Tiger Global, Mubadala, Abu Dhabi sovereign wealth",Instant grocery delivery requires such massive subsidies per order that even $5.5B in funding can't bridge the gap to profitability.,https://ideaproof.io/failure/getir-collapse
jokr-delivery,Jokr,2021,2023,USA,Food/Instant Delivery,notable,430,$430M,$1.2B,4000,Burned $430M in 2 Years on Failed Quick Commerce,"GGV Capital, Tiger Global, Balderton Capital",Launching an instant delivery startup after the model was already failing for others is peak VC FOMO — the failure was predictable before the first dark store opened.,https://ideaproof.io/failure/jokr-delivery
didi-struggles,Didi (DiDi Global),2012,2024,China,Transportation/Ride-hailing,mega,20000,$20B+,$87B (IPO day),16000,Regulatory Crackdown After Controversial US IPO,"SoftBank, Uber, Apple, Tencent, Alibaba",Going public in the US against your home government's wishes can trigger an existential regulatory response that no amount of funding can overcome.,https://ideaproof.io/failure/didi-struggles
getaround-carsharing,Getaround,2011,2024,USA,Transportation/Car Sharing,notable,600,$600M+,$1.7B (SPAC),700,Peer-to-Peer Car Sharing Never Achieved Profitability,"SoftBank, Menlo Ventures, Braemar Energy","Peer-to-peer car sharing has structural challenges — supply quality is inconsistent, utilization rates are low, and the model can't compete with professional fleet operators on reliability.",https://ideaproof.io/failure/getaround-carsharing
zum-transport,Zum,2015,2024,USA,Transportation/School,notable,230,$230M,$1B+,600,School Transportation Tech Faced Razor-Thin Public Sector Margins,"SoftBank Vision Fund, GGV Capital, BMW i Ventures","Modernizing public sector services (school buses) sounds transformative but faces procurement bureaucracy, budget constraints, and razor-thin margins that don't support venture returns.",https://ideaproof.io/failure/zum-transport
grab-losses,Grab Holdings,2012,2024,Singapore,Transportation/Super-app,mega,12000,$12B+,$40B (SPAC),8500,Southeast Asia's Super-App Struggles to Reach Profitability,"SoftBank, Uber, Toyota, Microsoft, Didi","Building a super-app across fragmented Southeast Asian markets with ride-hailing, delivery, and fintech requires massive capital and patience — profitability may take a decade or more.",https://ideaproof.io/failure/grab-losses
better-com-mortgage,Better.com,2016,2024,USA,Real Estate/Fintech,major,900,$900M+,$7.7B (planned SPAC),10000,Toxic CEO Culture & Market Timing Disaster,"SoftBank, Activant Capital, Goldman Sachs, L Catterton",A toxic founder who fires 900 employees via Zoom can destroy a billion-dollar company even when the underlying product has genuine value.,https://ideaproof.io/failure/better-com-mortgage
clubhouse-social,Clubhouse (Social Audio),2020,2024,USA,Media/Social,major,310,$310M,$4B,100,Audio-Only Social Network Was a Pandemic Fad,"Andreessen Horowitz, DST Global, Tiger Global",Products that thrive in pandemic lockdown conditions may have zero product-market fit in the real world where people have alternatives to sitting in audio rooms.,https://ideaproof.io/failure/clubhouse-social
tumblr-yahoo,Tumblr (Yahoo Acquisition),2007,2019,USA,Media/Social,mega,1100,$125M (pre-acquisition),$1.1B (acquisition price),400,$1.1B Acquisition Wrote Down to $3M — 99.7% Value Destruction,"Yahoo (acquired for $1.1B), Union Square Ventures, Spark Capital","Acquiring a social platform for $1.1B without a monetization plan, then banning the content that drives engagement, is a masterclass in value destruction.",https://ideaproof.io/failure/tumblr-yahoo
solarcity-tesla-acquisition,SolarCity (Tesla Acquisition),2006,2016,,CleanTech/Solar,cleantech,2900,$2.9B,$7B,,Unsustainable economics & bailout acquisition,,"Customer acquisition costs exceeded lifetime value in residential solar, requiring Tesla bailout that destroyed $2B+ in shareholder value.",https://ideaproof.io/failure/solarcity-tesla-acquisition
bloom-energy-struggles,Bloom Energy,2001,2024,,CleanTech/Energy,cleantech,1700,$1.7B,$4.5B,,Chronic unprofitability & accounting issues,,Two decades of losses despite $1.7B in funding proved that fuel cell technology couldn't achieve cost competitiveness with cheaper alternatives.,https://ideaproof.io/failure/bloom-energy-struggles
sunedison-bankruptcy,SunEdison,1959,2016,,CleanTech/Solar,cleantech,12000,$12B+ (debt),$10B,,Massive debt-fueled acquisition spree,,The largest renewable energy bankruptcy in history ($16.1B in debts) was caused by reckless acquisitions financed with unsustainable debt structures.,https://ideaproof.io/failure/sunedison-bankruptcy
lordstown-ev-fraud,Lordstown Motors (Detailed),2018,2023,,CleanTech/EV,cleantech,1700,$1.7B,$5B,,Fake pre-orders & failed production,,SPAC-listed EV startup collapsed after SEC investigation revealed fake pre-orders and the company failed to deliver a viable product.,https://ideaproof.io/failure/lordstown-ev-fraud
quanergy-lidar,Quanergy Systems,2012,2022,,Hardware/LiDAR,hardware,350,$350M,$1.5B,,Failed to deliver solid-state LiDAR,,Promised revolutionary solid-state LiDAR at $100/unit but never delivered a competitive product as the market was flooded with cheaper alternatives.,https://ideaproof.io/failure/quanergy-lidar
desktop-metal-3d,Desktop Metal,2015,2023,,Hardware/3D Printing,hardware,800,$800M,$6.3B,,Revenue never matched valuation,,"Despite $800M raised and a $6.3B peak valuation, Desktop Metal never achieved profitability in metal 3D printing as adoption remained niche.",https://ideaproof.io/failure/desktop-metal-3d
rethink-robotics-baxter,Rethink Robotics (Detailed),2008,2018,,Robotics/Manufacturing,robotics,150,$150M,$500M,,Product didn't meet industrial needs,,"Pioneer of collaborative robots failed because Baxter was too slow and imprecise for real manufacturing, while cheaper and better alternatives emerged.",https://ideaproof.io/failure/rethink-robotics-baxter
softbank-robotics-pepper,SoftBank Robotics (Pepper),2012,2021,,Robotics/Consumer,robotics,2000,$2B+ (SoftBank funded),N/A (subsidiary),,No clear use case for humanoid robot,,"Despite $2B+ investment, Pepper the humanoid robot never found a sustainable use case as businesses couldn't justify the cost for a glorified greeter.",https://ideaproof.io/failure/softbank-robotics-pepper
starship-technologies-delivery,Starship Technologies,2014,2024,,Robotics/Delivery,robotics,200,$200M,$500M,,Unit economics didn't scale,,Sidewalk delivery robots were a technical marvel but couldn't achieve cost-effectiveness versus human delivery at scale outside of campus environments.,https://ideaproof.io/failure/starship-technologies-delivery
social-finance-sofi-decline,SoFi Technologies,2011,2024,,FinTech/Lending,fintech,3100,$3.1B,$24B,,Student loan moratorium & competition,,SoFi's core student loan refinancing business was destroyed by the federal student loan moratorium while its pivot to becoming a full bank faced intense competition.,https://ideaproof.io/failure/social-finance-sofi-decline
luma-ai-hardware,Luma (Camera Hardware),2013,2017,,Hardware/Consumer,hardware,48,$48M,$100M,,Smart home camera in overcrowded market,,"Attempted to build premium smart home camera competing against Amazon, Google, and Netgear with insufficient scale and brand recognition.",https://ideaproof.io/failure/luma-ai-hardware
kuri-robot-mayfield,Kuri (Mayfield Robotics),2015,2018,,Robotics/Consumer,robotics,75,$N/A (Bosch-funded),N/A (subsidiary),,No compelling use case for home robot,,Bosch-backed home robot was adorable but useless — couldn't justify $799 price when it did less than a $50 smart speaker.,https://ideaproof.io/failure/kuri-robot-mayfield
electric-last-mile-detailed,Electric Last Mile Solutions (Detailed),2020,2022,,CleanTech/EV,cleantech,480,$480M,$1.4B,,Insider trading & failed product,,SPAC-listed EV delivery van company collapsed in under 2 years after SEC investigation revealed executives bought shares before the SPAC deal was announced.,https://ideaproof.io/failure/electric-last-mile-detailed
velodyne-lidar-decline,Velodyne Lidar,2005,2023,,Hardware/LiDAR,hardware,350,$350M,$4B,,Pioneer overtaken by cheaper competitors,,The company that invented modern LiDAR for autonomous vehicles was overtaken by cheaper competitors and sold for just $4.40/share after peaking at $24.,https://ideaproof.io/failure/velodyne-lidar-decline
karma-automotive,Karma Automotive,2014,2024,,CleanTech/EV,cleantech,1000,$1B+,$1B,,Luxury EV with no market,,"The successor to Fisker Automotive burned through $1B+ trying to sell luxury plug-in hybrids that nobody wanted, producing fewer than 3,000 cars in a decade.",https://ideaproof.io/failure/karma-automotive
body-labs-3d,Body Labs,2013,2017,,Hardware/AI/3D,hardware,10,$10M,$30M,,B2B 3D body scanning market too small,,Pioneering 3D body scanning technology from Brown University couldn't find enough paying customers in fashion/fitness to sustain operations.,https://ideaproof.io/failure/body-labs-3d
carbon-robotics-weeding,Carbon Robotics,2018,2024,,Robotics/AgTech,robotics,157,$157M,$400M,,Hardware costs exceeded farmer ROI,,"AI-powered laser weeding robots were technically impressive but too expensive for most farmers, with each unit costing $1M+ and requiring specialized operation.",https://ideaproof.io/failure/carbon-robotics-weeding
ecobee-smart-home,ecobee,2007,2024,,Hardware/Smart Home,hardware,200,$200M,$500M,,Couldn't compete with Google/Amazon smart home,,Canadian smart thermostat pioneer raised $200M but couldn't compete against Nest (Google) and Amazon in the smart home ecosystem war.,https://ideaproof.io/failure/ecobee-smart-home
impossible-aerospace-drone,Impossible Aerospace,2016,2021,,Hardware/Drones,hardware,18,$18M,$50M,,Battery-centric drone design couldn't compete,,Ex-Tesla engineer's 'flying battery' drone concept couldn't achieve price-performance parity with established drone makers DJI and Skydio.,https://ideaproof.io/failure/impossible-aerospace-drone
plastc-card,Plastc Card,2014,2017,,Hardware/FinTech,hardware,9,$9M (pre-orders),N/A,,Failed to ship smart card product,,"Collected $9M in pre-orders for a smart credit card that could store multiple cards, but never shipped the product as Apple Pay and Google Wallet made it obsolete.",https://ideaproof.io/failure/plastc-card
essential-products-phone,Essential Products (Detailed),2015,2020,,Hardware/Mobile,hardware,330,$330M,$1.2B,,Android founder couldn't compete with Apple/Samsung,,"Even Andy Rubin (Android creator) couldn't build a competitive smartphone brand, as the Essential Phone sold fewer than 150K units despite massive hype.",https://ideaproof.io/failure/essential-products-phone
zume-pizza-robotics,Zume Pizza (Detailed),2015,2023,,Robotics/Food,robotics,445,$445M,$2.25B,,Robot pizza was a solution looking for a problem,,"SoftBank poured $375M into robot-made pizza, then the company pivoted to compostable packaging before collapsing — a textbook case of technology in search of a market.",https://ideaproof.io/failure/zume-pizza-robotics
lilium-air-taxi,Lilium (Detailed),2015,2024,,Hardware/Aviation,hardware,1500,$1.5B,$3.3B,,eVTOL physics don't work economically,,"European air taxi startup burned $1.5B developing an electric vertical takeoff jet that couldn't achieve the range, speed, or cost targets needed for commercial viability.",https://ideaproof.io/failure/lilium-air-taxi
icon-3d-printing-homes,ICON (3D-Printed Homes),2017,2024,,Hardware/Construction,hardware,451,$451M,$2B,,3D-printed homes not cheaper than traditional,,"Despite $451M raised and massive media hype, 3D-printed homes couldn't achieve cost savings over traditional construction when factoring in land, permits, plumbing, and electrical.",https://ideaproof.io/failure/icon-3d-printing-homes
peloton-decline-detailed,Peloton (Detailed Decline),2012,2024,,Hardware/Fitness,hardware,1700,$1.7B (pre-IPO),$50B,,"COVID boom was temporary, not permanent",,"Peloton mistook pandemic-driven demand for permanent market shift, expanded manufacturing capacity just as gyms reopened and demand collapsed 80%.",https://ideaproof.io/failure/peloton-decline-detailed
tripadvisor-decline,TripAdvisor (Decline),2000,2024,,Travel/Reviews,travel,3500,$3.5B (Public),$16B,,Google dominance & shifting travel behavior,,"TripAdvisor's review empire crumbled as Google integrated reviews directly into search, eliminating the need for a separate review destination.",https://ideaproof.io/failure/tripadvisor-decline
getaway-house-struggles,Getaway House,2015,2024,,Travel/Hospitality,travel,82,$82M,$300M,,Overexpansion & thin margins in cabin rental,,Getaway expanded to 15+ outposts chasing growth but discovered that building and maintaining remote cabins had razor-thin margins that couldn't support venture-scale returns.,https://ideaproof.io/failure/getaway-house-struggles
sonder-hospitality,Sonder Holdings,2014,2024,,Travel/Hospitality,travel,600,$600M,$2.2B,,Cash burn & unsustainable lease commitments,,"Sonder leased apartments and operated them as hotels, but the model required massive upfront investment in each unit while generating hotel-like margins — the worst of both worlds.",https://ideaproof.io/failure/sonder-hospitality
kiwi-travel-struggles,Kiwi.com,2012,2024,,Travel/Flights,travel,200,$200M,$1.2B,,Virtual interlining model collapse & airline pushback,,Kiwi.com's innovation of combining flights from different airlines fell apart when airlines blocked screen scraping and refused to honor connecting itineraries they didn't sell.,https://ideaproof.io/failure/kiwi-travel-struggles
flyr-airline-tech,Flyr,2013,2024,,Travel/Airline Tech,travel,225,$225M,$800M,,Overambitious airline SaaS pivot & cash burn,,"Flyr pivoted from consumer fare prediction to enterprise airline revenue management SaaS, but the sales cycles were 18-24 months and airline customers were notoriously slow adopters.",https://ideaproof.io/failure/flyr-airline-tech
atrium-legal-tech,Atrium (Legal Tech),2017,2020,,Legal Tech/Law Firm,legaltech,75,$75M,$300M,,Technology couldn't replace lawyer judgment,,Justin Kan's attempt to build a tech-enabled law firm discovered that legal work's complexity makes it resistant to the automation and scaling that works in software.,https://ideaproof.io/failure/atrium-legal-tech
luminance-legal-struggles,Luminance,2015,2025,,Legal Tech/AI,legaltech,120,$120M,$500M,,AI overpromise & slow legal enterprise sales,,"Luminance promised AI-powered contract review would replace junior lawyers, but law firms discovered the technology required more human oversight than advertised, limiting ROI.",https://ideaproof.io/failure/luminance-legal-struggles
do-not-pay-legal,DoNotPay,2015,2024,,Legal Tech/Consumer,legaltech,25,$25M,$210M,,Legal accuracy failures & unauthorized practice claims,,"DoNotPay marketed itself as a 'robot lawyer' but was accused of providing inaccurate legal information that could harm consumers, and faced unauthorized practice of law complaints.",https://ideaproof.io/failure/do-not-pay-legal
clio-legal-challenges,Clio (Growth Challenges),2008,2025,,Legal Tech/Practice Management,legaltech,900,$900M,$3B,,Overfunding & LLM disruption threat to premium pricing,,Clio raised nearly $1B for legal practice management software but faces existential pressure as AI-powered alternatives threaten its premium pricing model.,https://ideaproof.io/failure/clio-legal-challenges
notarize-legal-platform,Notarize,2015,2024,,Legal Tech/Notary,legaltech,213,$213M,$760M,,Post-COVID demand collapse & regulatory fragmentation,,"Notarize exploded during COVID when remote notarization became essential, but demand collapsed as in-person services resumed and state-by-state regulations limited growth.",https://ideaproof.io/failure/notarize-legal-platform
lemonade-insurance-struggles,Lemonade (Detailed),2015,2025,,InsurTech/Home,insurtech,480,$480M,$10.6B,,Unsustainable loss ratios & failed AI underwriting,,"Lemonade promised AI would revolutionize insurance underwriting, but its loss ratios remained above 90% — far worse than traditional insurers — proving that technology alone can't fix insurance economics.",https://ideaproof.io/failure/lemonade-insurance-struggles
hippo-insurance-decline,Hippo Insurance,2015,2024,,InsurTech/Home,insurtech,709,$709M,$5B,,Catastrophic loss ratios & climate risk underpricing,,"Hippo's home insurance model dramatically underpriced climate risk, leading to 166% loss ratios during wildfire and hurricane seasons that wiped out years of premium income.",https://ideaproof.io/failure/hippo-insurance-decline
metromile-insurance,Metromile (Detailed),2011,2022,,InsurTech/Auto,insurtech,530,$530M,$1.3B,,Per-mile pricing attracted wrong customer base,,"Metromile's pay-per-mile car insurance attracted low-mileage drivers who also happened to be the lowest-risk, lowest-premium customers — the ones traditional insurers wanted most.",https://ideaproof.io/failure/metromile-insurance
root-insurance-struggles,Root Insurance (Detailed),2015,2025,,InsurTech/Auto,insurtech,1200,$1.2B,$6.7B,,Telematics data didn't improve underwriting profitably,,"Root raised $1.2B betting that smartphone telematics would revolutionize car insurance pricing, but the data wasn't predictive enough to beat traditional actuarial models at scale.",https://ideaproof.io/failure/root-insurance-struggles
wefox-insurance,wefox (Detailed),2015,2024,,InsurTech/Platform,insurtech,1600,$1.6B,$4.5B,,Governance scandals & unsustainable growth at any cost,,"Europe's most-funded insurtech raised $1.6B but faced allegations of inflated metrics, governance failures, and loss ratios that proved the business was buying revenue at unsustainable costs.",https://ideaproof.io/failure/wefox-insurance
vine-social-detailed,Vine (Detailed),2012,2017,,Social Media/Video,social,30,$30M (Twitter acquisition),$200M (estimated),,Twitter neglect & Instagram/Snapchat competition,,"Vine invented short-form video but Twitter failed to invest in creator monetization, allowing Instagram and Snapchat to poach Vine's top creators by offering money and better tools.",https://ideaproof.io/failure/vine-social-detailed
parler-social-media,Parler,2018,2023,,Social Media/Political,social,56,$56M,$200M,,Platform deplatforming & content moderation failure,,"Parler positioned itself as a free-speech alternative to Twitter but discovered that platform infrastructure providers (AWS, Apple, Google) have their own content policies that override your business model.",https://ideaproof.io/failure/parler-social-media
friendster-social-pioneer,Friendster,2002,2015,,Social Media/Pioneer,social,50,$50M,$1B (rejected Google offer),,Technical failures & Facebook competition,,Friendster was the original social network but suffered from chronic site performance issues (20+ second load times) that drove users to MySpace and then Facebook.,https://ideaproof.io/failure/friendster-social-pioneer
ello-social-network,Ello,2014,2023,,Social Media/Anti-Ad,social,11,$11M,$50M,,No business model beyond anti-advertising manifesto,,"Ello attracted millions of users who hated Facebook's ads, but discovered that an ad-free social network with no subscription revenue has no way to sustain itself.",https://ideaproof.io/failure/ello-social-network
path-social-network,Path,2010,2018,,Social Media/Private,social,77,$77M,$500M,,150-friend limit & failed monetization,,"Path's intentional 150-friend cap created intimate social sharing but severely limited growth potential and network effects, making it impossible to compete with Facebook's expanding ecosystem.",https://ideaproof.io/failure/path-social-network
google-plus-social,Google+,2011,2019,,Social Media/Big Tech,social,,$0 (Google internal),N/A (Google product),,Forced adoption & no differentiation from Facebook,,"Even Google's massive resources and distribution (forcing G+ onto YouTube, Gmail, Android) couldn't create a social network that users actually wanted to use.",https://ideaproof.io/failure/google-plus-social
oscar-health-insurtech,Oscar Health,2012,2025,,InsurTech/Health,insurtech,1600,$1.6B,$7.7B,,Healthcare costs outpaced tech savings,,"Oscar raised $1.6B to make health insurance user-friendly with a consumer tech approach, but discovered that great UX can't fix the fundamental problem of rising healthcare costs.",https://ideaproof.io/failure/oscar-health-insurtech
mastodon-social-struggles,Mastodon,2016,2025,,Social Media/Decentralized,social,5,$5M (donations),N/A (Non-profit),,Complexity barrier & post-Twitter hype collapse,,"Mastodon's decentralized architecture appealed to idealists but confused mainstream users. Server selection, federation rules, and content fragmentation created friction that prevented mass adoption.",https://ideaproof.io/failure/mastodon-social-struggles
honestpolicy-insurtech,Honest Policy / PolicyGenius Struggles,2014,2024,,InsurTech/Comparison,insurtech,250,$250M,$1B,,Insurance comparison margins too thin for VC returns,,Insurance comparison platforms generate leads but can't capture enough value in the transaction. Insurers pay $20-50 per lead while it costs $100+ in digital advertising to acquire each shopper.,https://ideaproof.io/failure/honestpolicy-insurtech
take-eat-easy,Take Eat Easy,2012,2016,France,Food Delivery,notable,16000000,€16M,~€50M (2015),160,"Brussels-founded (later Paris-headquartered) food-delivery startup Take Eat Easy, launched in 2012 by siblings Adrien and Chloé Roose with Karim Slaoui, ceased trading on 26 Jul 2016 — the same week it announced its 1-millionth delivery. After raising €16M and expanding to Paris, London, Madrid and Berlin, Take Eat Easy failed to close a Series C round it needed to compete with Deliveroo and UberEats, and filed for juridical reorganisation. It was one of the first high-profile 2010s food-delivery casualties in Europe.","Rocket Internet, DN Capital, Piton Capital",Belgian-French food-delivery pioneer ran out of cash before reaching scale. The Series B that didn't close became one of Europe's most-cited startup failure post-mortems.,https://ideaproof.io/failure/take-eat-easy
cityscoot,Cityscoot (Insolvency),2014,2024,France,Mobility/Scooter Sharing,notable,70000000,€70M ($75M),~€150M (2019),168,"Paris-based free-floating electric scooter service Cityscoot, founded 2014 by Bertrand Fleurose, raised €70M+ from RATP, Allianz and BPI France to run one of Europe's largest shared-moped fleets. After the free-floating micromobility crash of 2022-23, Cityscoot entered insolvency proceedings at the Paris commercial court. On 21 Feb 2024 the court accepted Spanish competitor Cooltra's takeover bid for just €400k — retaining only 30 of 157-168 employees and effectively wiping shareholders.","Allianz, RATP Group, BNP Paribas",Paris electric-scooter-sharing pioneer Cityscoot raised €60M from RATP and Allianz then filed for liquidation in 2024 — France's defining shared-mobility failure.,https://ideaproof.io/failure/cityscoot
luko,Luko,2016,2023,France,Insurtech,notable,73000000,$73M (€65M),€250M (late 2020),200,"Paris-based home-insurance startup Luko, founded 2016 by Raphaël Vullierme and Benoît Bourdel, raised €65M and was valued at €250M in late 2020. After failing to reach profitability, Luko announced an acquisition by UK insurer Admiral in Oct 2023 for €14M — a deal Admiral pulled after audits in Nov 2023. Luko was placed in receivership in Dec 2023 and finally acquired by Allianz Direct on 25 Jan 2024 for just €4.3M (~$4.65M) at the Paris commercial court, wiping out shareholders.","EQT Ventures, Founders Fund, Speedinvest, Accel, Xavier Niel","Paris home-insurance unicorn-aspirant Luko was acquired by Allianz Direct subsidiary Admiral in 2023 at a steep discount, then its German subsidiary entered insolvency.",https://ideaproof.io/failure/luko
habx,Habx (Acquired in Distress),2016,2024,France,PropTech/Real Estate,notable,45,$45M,$180M,80,French Property Market Collapse,"Alven, Idinvest, Quadrille Capital",Paris PropTech Habx raised €40M to digitalize new-build property pre-sales then filed for insolvency in 2024 as the French property market collapsed.,https://ideaproof.io/failure/habx
ynsect,Ÿnsect,2011,2025,France,AgTech/Insect Protein,major,625000000,€600M+ ($625M),$1B+ (2020),400,French insect-protein pioneer Ÿnsect (founded 2011) raised over €600M — the largest agtech funding round outside the US — to build the world's largest vertical insect farm at Amiens for pet food and aquaculture feed. The Amiens facility ran years behind schedule with severe cost overruns. In Jul 2025 Ÿnsect took an €8.6M emergency bridge from historical investors alongside mass layoffs. A commercial court placed the company in supervised restructuring and extended the observation period to 12 Jan 2026. TechCrunch's Dec 2025 investigation described 'how reality crushed Ÿnsect'.,"Astanor, Robert Downey Jr's FootPrint Coalition, Upfront Ventures","France's most-funded AgTech, insect-protein producer Ÿnsect, raised $625M then entered French safeguard proceedings in 2024 as capital-intensive scaling proved unviable.",https://ideaproof.io/failure/ynsect
tilkee-decline,Tilkee (Acquired Distress),2013,2023,France,B2B SaaS/Sales Enablement,notable,8,$8M,$32M,40,Failed to Scale Internationally,"Bpifrance, ISAI",Lyon B2B SaaS Tilkee raised €8M from Bpifrance then was acquired in distress in 2023 — a representative case for French SMB SaaS unable to scale beyond France.,https://ideaproof.io/failure/tilkee-decline
cazoo-france-exit,Cazoo France (Market Exit),2018,2023,France,Auto/E-commerce,major,2000,$2B,$12.0B,1000,Pan-European Retreat,"SoftBank, D1 Capital, General Catalyst (parent)","UK used-car unicorn Cazoo entered France in 2021 with massive marketing then withdrew entirely from France, Italy, Spain and Germany in 2023 — wiping out hundreds of millions in continental investment.",https://ideaproof.io/failure/cazoo-france-exit
withings-nokia,Withings (Nokia Acquisition Crisis),2008,2017,France,ConnectedHealth Hardware,notable,30,$30M,$120M,80,Nokia Write-Down & Failed Integration,"Idinvest, BPI, Nokia (acquirer)","Paris connected-health pioneer Withings was acquired by Nokia for €170M in 2016, then written down to near-zero by 2017 — Nokia eventually sold it back to its founder for a symbolic price. A canonical French acqui-failure.",https://ideaproof.io/failure/withings-nokia
manomano-correction,ManoMano (Massive Down Round),2013,2023,France,E-commerce/DIY Marketplace,major,725,$725M,$2.6B,1000,Post-COVID Demand & Profitability Push,"General Atlantic, Eurazeo, Bpifrance, Aglaé Ventures",Paris DIY-marketplace unicorn ManoMano raised $725M then conducted multiple rounds of layoffs and reportedly accepted a steep down-round in 2024 as post-COVID DIY demand collapsed.,https://ideaproof.io/failure/manomano-correction
ledger-correction,Ledger (Crypto-Winter Down Round),2014,2024,France,Crypto/Hardware Wallets,notable,575,$575M,$1.5B,1000,Crypto Winter & Markdown,"10T Holdings, Cathay Innovation, Digital Currency Group","Paris crypto-hardware unicorn Ledger reached $1.5B valuation in 2021, then conducted layoffs and reportedly accepted significant valuation markdowns through 2023-2024.",https://ideaproof.io/failure/ledger-correction
sorare-decline,Sorare (Markdown),2018,2023,France,Web3/Fantasy Sports NFTs,major,735,$735M,$4.3B,1000,NFT Crash & Volume Collapse,"SoftBank Vision Fund, Atomico, Benchmark, Accel","Paris fantasy-sports-NFT unicorn Sorare raised $680M from SoftBank at $4.3B in 2021, then reportedly suffered massive valuation markdowns and revenue collapse as the NFT market crashed.",https://ideaproof.io/failure/sorare-decline
believe-take-private,Believe (Public Markdown),2005,2024,France,Music/Digital Distribution,notable,338,$338M,$2.2B,600,Public-Market Failure & Take-Private,Public market (Euronext IPO 2021),"Paris-listed digital-music distributor Believe IPOed at €19.50 in 2021, then was taken private at €15 in 2024 after a value-destructive public-market journey — a major French IPO failure.",https://ideaproof.io/failure/believe-take-private
ornikar-correction,Ornikar (Down Round & Layoffs),2013,2023,France,EdTech/Driving Schools,notable,170,$170M,$750M,300,Failed International Expansion & Layoffs,"KKR, Idinvest, Bpifrance, H14","Paris driving-school unicorn Ornikar reached $750M valuation in 2021, then conducted significant layoffs and exited Spain in 2023 as international scaling failed.",https://ideaproof.io/failure/ornikar-correction
platform-sh-correction,Meero (Founder-Driven Crisis),2016,2023,France,Marketplace/Photography,major,293,$293M,$1B,600,Mass Layoffs & Restructuring,"Eurazeo, Prime Ventures, Alven, Idinvest, White Star Capital","Paris on-demand-photography unicorn Meero raised $293M at $1B valuation in 2019, then conducted brutal layoffs (80%+ of staff) in 2020-23 — a defining French unicorn meltdown.",https://ideaproof.io/failure/platform-sh-correction
sono-motors,Sono Motors,2016,2023,Germany,Automotive/Solar EV,major,400000000,$400M+ (incl. NASDAQ IPO),~$1.6B (Nov 2021 IPO),400,"Munich-based Sono Motors listed on NASDAQ in Nov 2021 promising the Sion — a €25,000 partly solar-powered EV backed by 21,000+ pre-orders. On Feb 24 2023 the company cancelled the Sion program and laid off ~75% of staff, pivoting to a B2B solar-integration business. On May 15 2023 Sono Group NV and Sono Motors GmbH filed for self-administration (Eigenverwaltung) under the German Insolvency Act after failing to secure the ~$100M needed to bring the Sion to production.","Public crowdfunding, Nasdaq IPO investors","Munich-based solar-powered car startup Sono Motors raised hundreds of millions including a Nasdaq IPO, but cancelled its consumer Sion vehicle in early 2023 and filed for insolvency three months later.",https://ideaproof.io/failure/sono-motors
auxmoney-decline,Auxmoney (Down Round),2007,2023,Germany,Fintech/Lending,notable,370,$370M,$1.9B,600,Rate Hikes & Default Spike,"Centerbridge, Foundation Capital, Index Ventures",Düsseldorf-based P2P consumer-lender Auxmoney conducted layoffs and a flat-to-down round as German interest-rate hikes spiked default rates and crushed P2P-lending economics in 2022-23.,https://ideaproof.io/failure/auxmoney-decline
vay-germany-exit,Vay (Berlin Exit),2018,2024,Germany,Mobility/Teledriving,notable,110,$110M,$440M,300,Pivot Away from Berlin Market,"Coatue, Atomico, Eurazeo, Project A","Berlin teledriving startup Vay, after raising $110M, exited its German operations in 2024 to focus solely on Las Vegas — leaving its home market and laying off most Berlin staff.",https://ideaproof.io/failure/vay-germany-exit
coya,Coya,2016,2022,Germany,Insurtech,notable,70,$70M,$280M,150,Acquisition at Steep Discount,"Valar Ventures, e.ventures, Peter Thiel","Berlin Thiel-backed digital insurer Coya raised $70M+ and was sold to Luko in 2022 at a steep discount, then collapsed entirely with Luko's own insolvency in 2023.",https://ideaproof.io/failure/coya
kiwigrid,Kiwigrid,2011,2024,Germany,Cleantech/Energy IoT,notable,80,$80M,$320M,150,Insolvency After Strategic Investor Pullback,"innogy/E.ON, AQTON, LG Electronics",Dresden energy-IoT startup Kiwigrid filed insolvency in 2024 after corporate strategic investors LG and E.ON pulled support — a classic German corporate-VC dependency failure.,https://ideaproof.io/failure/kiwigrid
veact,VEACT,2011,2023,Germany,Automotive SaaS/CRM,notable,45,$45M,$180M,80,Customer Concentration & Insolvency,"Wellington Partners, Munich VCs",Munich automotive-CRM SaaS VEACT filed insolvency in 2023 after over-reliance on a small group of large dealer-group customers — one of the German automotive-tech failures of the year.,https://ideaproof.io/failure/veact
infarm,Infarm,2013,2023,Germany,AgTech/Vertical Farming,major,600000000,$600M+,$1B+ (Dec 2021),1000,"Berlin-based vertical farming unicorn Infarm, founded by Israeli siblings Erez & Guy Galonska and Osnat Michaeli, raised over $500M and reached $1B+ valuation in Dec 2021. In Nov 2022 the company announced a mass restructuring, closing operations in the UK, France, Netherlands, Spain, Portugal, US and Denmark to focus on 'Growing Centers' in fewer, larger locations. Its Dutch arm was declared bankrupt in 2023, and by Dec 2023 Sifted reported Infarm had 'all but disappeared' — a textbook case of vertical-farming unit economics failing at scale.","Atomico, Lightrock, Qatar Investment Authority, Hanaco","Berlin's vertical-farming unicorn raised $600M to grow herbs in supermarkets across Europe, then exited every European market in 2023 as the energy crisis destroyed already-thin unit economics.",https://ideaproof.io/failure/infarm
forto,Forto (Down Round & Layoffs),2016,2023,Germany,Logistics/Freight Forwarding,major,590,$590M,$2.1B,1000,Freight Rate Collapse & Layoffs,"SoftBank Vision Fund, Citi Ventures, Maersk",Berlin digital-freight unicorn Forto raised $590M from SoftBank then conducted multiple layoff rounds and a reported steep down-round as ocean freight rates normalized in 2023.,https://ideaproof.io/failure/forto
flink-down,Flink (Down Round & Retreat),2020,2024,Germany,Quick Commerce/Grocery,major,1100000000,$1.1B+,$5B (2022) → ~$1B (Sep 2024),12000,"Berlin quick-commerce startup Flink hit a $5B valuation at the peak of the 2022 speedy-grocery bubble, then watched its category collapse — Gorillas was acquired by Getir, Getir itself exited the US/UK/Europe, and Gopuff retreated. In Sep 2024 Flink raised $150M ($115M equity + $35M debt) from Mubadala, Bond, Northzone and REWE at a valuation of just under $1B — an ~80% down round. Flink is now one of Europe's last surviving speedy-grocery players but the equity story of 2021 is fully unwound.","Mubadala, Prosus, BOND, REWE Group, DoorDash","Berlin quick-commerce challenger Flink raised $1.1B at $5B valuation, then exited France in 2023 and accepted a steep down-round in 2024 as the entire q-commerce category collapsed.",https://ideaproof.io/failure/flink-down
solaris-crisis,Solaris SE Crisis,2016,2024,Germany,Banking-as-a-Service,major,430000000,$430M+,€1.6B (2022) → sharply cut (2025),700,"Berlin banking-as-a-service pioneer Solaris SE (formerly Solarisbank) reached a €1.6B valuation in 2022 as European fintechs raced to embed banking. In March 2024 BaFin fined the company €6.5M for systematically late suspicious-activity reports — a record fine that highlighted compliance failures. Solaris raised a €96M Series F in March 2024 to stabilise, then agreed in Dec 2024 / Jan 2025 to sell a >70% majority stake to Japan's SBI Holdings for ~€100M in a round that slashed the valuation to a fraction of its 2022 peak.","SBI Group, BBVA, ABN AMRO, Vulcan Capital, Lakestar","Berlin BaaS unicorn Solaris faced BaFin regulatory restrictions, multiple rounds of layoffs, and a 2024 rescue round at a sharp down valuation — the largest German BaaS crisis to date.",https://ideaproof.io/failure/solaris-crisis
snapdeal,Snapdeal,2010,2022,India,E-commerce,major,1800,$1.8B,$6.5B,10000,Intense Competition & Cash Burn,"SoftBank, Alibaba, Foxconn, BlackRock, eBay",Snapdeal was once India's #1 e-commerce platform but lost to Flipkart and Amazon India by trying to be everything at once instead of finding a defensible niche.,https://ideaproof.io/failure/snapdeal
housing-com,Housing.com,2012,2016,India,Real Estate/PropTech,notable,150,$150M,$250M,2500,Founder Misconduct & Cash Burn,"SoftBank, Falcon Edge, Helion Ventures, Nexus Venture Partners",A brilliant product cannot survive a toxic founder. Rahul Yadav's public feuds with investors led to his firing and the company's decline.,https://ideaproof.io/failure/housing-com
hike-messenger,Hike Messenger,2012,2021,India,Social/Consumer,major,261,$261M,$1.4B,900,WhatsApp Dominance & Constant Pivots,"SoftBank, Tencent, Tiger Global, Foxconn",India's WhatsApp killer never found product-market fit despite $261M in funding. Constant pivots — messaging to social to content to crypto — signaled a lack of clear vision.,https://ideaproof.io/failure/hike-messenger
koo-app,Koo,2020,2024,India,Social Media,notable,60,$60M,$300M,400,User Retention & Monetization Failure,"Tiger Global, Accel, 3one4 Capital, Blume Ventures","Being the 'Indian Twitter' with government support wasn't enough. Without organic user engagement and a monetization model, Koo couldn't survive.",https://ideaproof.io/failure/koo-app
lido-learning,Lido Learning,2019,2022,India,EdTech,notable,20,$20M,$50M,1200,Post-COVID Demand Collapse & Cash Burn,"BAce Capital, Ronnie Screwvala, LetsVenture","Lido expanded from 300 to 1,200 employees during COVID but couldn't sustain growth when schools reopened. The company shut down overnight, leaving employees without their last salary.",https://ideaproof.io/failure/lido-learning
vedantu,Vedantu,2014,2023,India,EdTech,major,290,$290M,$1B,5500,Post-COVID Demand Decline & Cash Burn,"Tiger Global, Coatue, GGV Capital, WestBridge",Vedantu achieved unicorn status during COVID but laid off 40% of staff in 2022. The live tutoring model was too expensive for India's price-sensitive parents.,https://ideaproof.io/failure/vedantu
shopclues,ShopClues,2011,2020,India,E-commerce,major,200,$200M,$1.1B,2000,Founder Disputes & Competition,"Tiger Global, Nexus Venture Partners, GIC",ShopClues reached unicorn status targeting Tier 2-3 India but collapsed due to founder disputes and inability to compete with Flipkart/Amazon.,https://ideaproof.io/failure/shopclues
peppertap,PepperTap,2014,2016,India,Grocery/E-commerce,notable,51,$51M,$60M,1300,Unsustainable Unit Economics,"Sequoia India, SAIF Partners, Snapdeal",India's hyperlocal grocery delivery economics didn't work in 2015. PepperTap spent ₹300 to deliver a ₹150 order. It was 8 years too early for quick commerce.,https://ideaproof.io/failure/peppertap
tinyowl,TinyOwl,2014,2016,India,Food Delivery,notable,27,$27M,$40M,800,Mismanagement & Premature Scaling,"Matrix Partners, Sequoia India, Nexus Venture Partners","TinyOwl expanded from 1 to 11 cities, then retreated to 1. Employees held the founder hostage when layoffs were announced without severance. A cautionary tale of startup chaos.",https://ideaproof.io/failure/tinyowl
paytm-mall,Paytm Mall,2017,2023,India,E-commerce,major,660,$660M,$3B,3000,Cashback Fraud & Strategic Confusion,"SoftBank, Alibaba, SAIF Partners",Paytm Mall's O2O (online-to-offline) model confused merchants and customers. Rampant cashback fraud by sellers inflated GMV artificially.,https://ideaproof.io/failure/paytm-mall
bharatpe-crisis,BharatPe,2018,2023,India,Fintech,major,638,$638M,$2.85B,3000,Governance Crisis & Founder Scandal,"Tiger Global, Sequoia India, Coatue, Dragoneer",BharatPe's co-founder Ashneer Grover became famous on Shark Tank India but was ousted over alleged financial fraud. The company survived but was severely damaged.,https://ideaproof.io/failure/bharatpe-crisis
zilingo,Zilingo,2015,2023,India,Fashion/E-commerce,major,310,$310M,$970M,900,Accounting Fraud & Governance Failure,"Sequoia India, Temasek, SoftBank, EDBI",Zilingo's Indian-origin CEO was suspended for alleged accounting irregularities. The Sequoia-backed fashion platform was liquidated after a forensic audit revealed revenue inflation.,https://ideaproof.io/failure/zilingo
freshworks-decline,FreshMenu,2014,2022,India,Food/Cloud Kitchen,notable,26,$26M,$50M,600,Cloud Kitchen Economics & Competition,"Lightspeed India, Zodius Capital",FreshMenu built cloud kitchens before it was trendy but couldn't compete with Swiggy and Zomato's aggregation model. Vertical integration in food delivery is capital-intensive.,https://ideaproof.io/failure/freshworks-decline
udaan-struggles,Udaan,2016,2024,India,B2B E-commerce,major,1850,$1.85B,$3.1B,5000,Cash Burn & B2B Marketplace Challenges,"DST Global, Lightspeed, GGV Capital, Altimeter, Microsoft",Udaan became the fastest Indian unicorn but discovered that digitizing India's fragmented B2B trade required enormous capital and patience.,https://ideaproof.io/failure/udaan-struggles
commonfloor,CommonFloor,2007,2016,India,Real Estate/PropTech,notable,42,$42M,$120M,1100,Competition & Market Timing,"Tiger Global, Google Capital, Accel","CommonFloor was acquired and shut down by Quikr. Despite innovation (3D property tours, community features), it couldn't build a sustainable business in India's fractured real estate market.",https://ideaproof.io/failure/commonfloor
rivigo,Rivigo,2014,2024,India,Logistics/Trucking,major,325,$325M,$1.05B,3500,Capital-Intensive Model & Market Challenges,"Warburg Pincus, SAIF Partners, Spring Capital",Rivigo tried to revolutionize Indian trucking with relay-based logistics but the asset-heavy model burned through $325M without achieving profitability.,https://ideaproof.io/failure/rivigo
portea-medical,Portea Medical,2013,2023,India,HealthTech,notable,75,$75M,$150M,5000,Unit Economics & Scaling Challenges,"Accel, Qualcomm Ventures, Sabre Partners, IFC",Home healthcare in India sounds perfect on paper but Portea discovered that managing thousands of healthcare workers across cities with razor-thin margins is incredibly difficult.,https://ideaproof.io/failure/portea-medical
curefit-pivot,CureFit (Cult.fit),2016,2023,India,Health & Fitness,major,620,$620M,$1.5B,7000,Over-Diversification & COVID Impact,"Tata Digital, Zomato, Accel, Chiratae","CureFit tried to be everything — gym, food, mental health, primary care — at once. The 'super app for health' vision required infinite capital in a price-sensitive market.",https://ideaproof.io/failure/curefit-pivot
bounce-scooters,Bounce,2014,2023,India,Mobility/EV,notable,220,$220M,$800M,2000,Asset-Heavy Model & EV Pivot Failure,"Accel, B Capital, Falcon Edge, Chiratae","Bounce went from scooter rentals to EV manufacturing and back, burning $220M in pivots. The company couldn't decide if it was a rental service or a vehicle manufacturer.",https://ideaproof.io/failure/bounce-scooters
whitehat-jr,WhiteHat Jr,2018,2023,India,EdTech,notable,300,$10M,$300M,5000,Misleading Marketing & Post-Acquisition Write-Down,"Byju's (acquirer), Owl Ventures, Nexus Venture Partners","WhiteHat Jr's aggressive marketing — featuring fake student success stories and dubious coding claims for 6-year-olds — made it a poster child for EdTech hype. Acquired by Byju's for $300M, it was later written down to near zero.",https://ideaproof.io/failure/whitehat-jr
dazo-food,Dazo,2015,2016,India,Food Delivery,notable,2.5,$2.5M,$5M,200,Unit Economics & Market Timing,"Flipkart co-founders (angel), others","Dazo tried to deliver home-cooked meals from households but the model couldn't ensure quality, hygiene, or consistency at scale.",https://ideaproof.io/failure/dazo-food
unacademy-decline,Unacademy,2015,2024,India,EdTech,major,860,$860M,$3.44B,6000,Excessive Acquisitions & Post-COVID Decline,"SoftBank, Tiger Global, General Atlantic, Sequoia India","Unacademy made 10 acquisitions including PrepLadder ($50M), CodeChef, and Relevel but couldn't integrate them. When EdTech demand fell, the conglomerate structure bled cash from every direction.",https://ideaproof.io/failure/unacademy-decline
meesho-struggles,Meesho (Challenges),2015,2023,India,Social Commerce,notable,1100,$1.1B,$4.9B,2500,Profitability Struggles & Model Pivots,"SoftBank, Prosus, Meta, B Capital, Sequoia India","Meesho pivoted from social commerce to zero-commission marketplace, capturing massive volumes but with razor-thin margins. Profitability remained elusive despite 150M+ transacting users.",https://ideaproof.io/failure/meesho-struggles
vogo-scooters,Vogo,2016,2023,India,Mobility,notable,70,$70M,$120M,500,COVID Impact & Asset-Heavy Model,"Ola, Lightrock, Matrix Partners, Stellaris","Vogo's scooter rental business was devastated by COVID. Maintaining 10,000+ scooters across cities required massive capital that dried up when shared mobility demand collapsed.",https://ideaproof.io/failure/vogo-scooters
stayzilla,Stayzilla,2005,2017,India,Hospitality/Travel,notable,33,$33M,$55M,500,Competition & Founder Arrest,"Nexus Venture Partners, Matrix Partners",Stayzilla was one of India's oldest startups. Its founder was arrested over a vendor payment dispute after shutdown — highlighting the legal risks of startup failures in India.,https://ideaproof.io/failure/stayzilla
grofers-pivot,Grofers (pre-Blinkit),2013,2022,India,Grocery Delivery,major,537,$537M,$1B,4000,Model Failure & Forced Pivot,"SoftBank, Tiger Global, Sequoia India",Grofers' original same-day grocery delivery model failed. Only after pivoting to 10-minute delivery (Blinkit) and selling to Zomato for $568M did it find a sustainable path — but as a different company entirely.,https://ideaproof.io/failure/grofers-pivot
fabelio,Fabelio,2015,2022,Indonesia,E-commerce/Furniture,major,30,$30M,,,Cash Burn & Failed Funding Round,"AppWorks, MDI Ventures, Aavishkaar Capital",Indonesia's Wayfair-style furniture e-commerce raised US$30M then declared bankruptcy in 2022 after failing to secure a Series C.,https://ideaproof.io/failure/fabelio
fabelio-pluang,TaniHub,2016,2023,Indonesia,AgTech/Marketplace,major,110,$110M,,,Pivot Fatigue & Layoffs,"MDI Ventures, BRI Ventures, Openspace Ventures, Intudo Ventures",Indonesia's flagship AgTech raised US$110M then conducted multiple rounds of layoffs as commodity-margin AgTech proved harder than projected.,https://ideaproof.io/failure/fabelio-pluang
ayoconnect,Pluang (Down Round),2019,2023,Indonesia,Fintech/Wealth,notable,160,$160M,,,Crypto Winter & Path to Profit,"Square Peg, Accel, BRI Ventures",Indonesia's wealth-app Pluang raised US$160M during the crypto boom then conducted layoffs and reportedly accepted a flat-to-down round.,https://ideaproof.io/failure/ayoconnect
ula-indonesia,Ula,2020,2023,Indonesia,B2B E-commerce,major,140,$140M,,,Capital-Intensive Inventory Model,"Tiger Global, Bezos Expeditions, Sequoia India, Lightspeed",Tiger-Global-and-Bezos-backed Ula raised US$140M then shut down its core B2B Indonesia operations in 2023 — a major regional B2B e-commerce failure.,https://ideaproof.io/failure/ula-indonesia
j-t-pluang,Sirclo (Layoffs),2013,2023,Indonesia,E-commerce SaaS,notable,130,$130M,,,Post-COVID Demand & Profitability Push,"EV Growth, OTP, Sumitomo Mitsui",Indonesia's Shopify-equivalent Sirclo raised US$130M then conducted significant layoffs and shut acquired brands as Indonesian e-commerce SaaS margins disappointed.,https://ideaproof.io/failure/j-t-pluang
halofina,Halofina (Wind-Down),2018,2023,Indonesia,Fintech/Wealth,notable,3,$3M,,,Failed to Reach Scale,"BRI Ventures, Mandiri Capital",Indonesian financial-planning app Halofina shut down in 2023 — a representative example of smaller Indonesian fintech apps failing to reach scale.,https://ideaproof.io/failure/halofina
mosaicoon,Mosaicoon,2010,2019,Italy,AdTech/Video,notable,15,$15M,$60M,40,Pivot Fatigue & Cash Burn,"United Ventures, Vertis, Atlante Ventures, Intesa Sanpaolo",Italy's most-hyped video-content startup pivoted three times in five years and ran out of runway before finding scalable revenue.,https://ideaproof.io/failure/mosaicoon
cortilia-correction,Cortilia (Down Round),2011,2023,Italy,E-commerce/Grocery,notable,25,$25M,$100M,80,Failed to Reach Profitability,"P101, Indaco Venture Partners",Milan grocery e-commerce Cortilia raised €20M+ then conducted multiple layoff rounds and a flat-to-down financing in 2023 as Italian grocery-e-commerce demand normalized post-COVID.,https://ideaproof.io/failure/cortilia-correction
jobrapido-decline,Jobrapido (Symphony Pull),2006,2023,Italy,HR Tech/Job Search,notable,30,$30M,$120M,80,US Parent Strategic Pullback,Symphony Technology Group (parent),Milan-founded job-search aggregator Jobrapido was wound down by US parent Symphony in 2023 after years of Italian operations — a defining Italian acqui-failure.,https://ideaproof.io/failure/jobrapido-decline
hype-postepay,Hype/Banca Sella Pivot,2015,2023,Italy,Fintech/Neobank,notable,80,$80M,$320M,150,Strategic Failure & Banca Sella Buyback,"Banca Sella (parent), Illimity","Italian neobank Hype, after raising €80M+ in a JV with Illimity, was bought back by Banca Sella in 2023 at a discount as the JV failed to reach scale.",https://ideaproof.io/failure/hype-postepay
musement-acquired,Musement (TUI Write-Down),2013,2023,Italy,Travel/Experiences,notable,25,$25M,$100M,80,Acquired & Largely Wound Down,"P101, 360 Capital Partners, TUI Group (acquirer)","Milan tours-and-experiences platform Musement was acquired by TUI for €60M in 2018, then largely wound down post-COVID in 2023 — destroying most acquisition value.",https://ideaproof.io/failure/musement-acquired
moneyfarm-flat,MoneyFarm (Flat Round & Layoffs),2011,2023,Italy,Fintech/WealthTech,notable,190,$190M,$760M,300,Failed to Reach Profitability,"Poste Italiane, M&G, Allianz Asset Management, United Ventures",Italian wealthtech MoneyFarm raised €170M+ then conducted layoffs and reportedly accepted a flat-to-down round in 2023 as European wealthtech profitability remained elusive.,https://ideaproof.io/failure/moneyfarm-flat
velasca-distress,Velasca (Distress),2013,2024,Italy,DTC/Footwear,notable,15,$15M,$60M,40,DTC Footwear Margins,"Boost Heroes, Italian angels","Milan DTC men's-shoe brand Velasca, after raising €15M+, restructured in 2024 amid intense pressure on Italian DTC fashion brands.",https://ideaproof.io/failure/velasca-distress
everli,Everli (Supermercato24),2014,2024,Italy,Quick Commerce/Grocery Delivery,major,200000000,$200M+,€450M+ (2021),400,"Milan grocery-delivery scaleup Everli (formerly Supermercato24) raised $200M+ and was valued at over €450M in 2021, backed by Verlinvest and DN Capital. After failing to raise a follow-on round in 2023, Everli was sold for €1 to Palella Holdings in Feb 2024 through a €21M capital increase — one of the most public down-and-out exits in Italian tech. The company had already exited France, Poland and Czechia and made mass redundancies before the sale.","Verlinvest, Luxor Capital, FITEC, DN Capital",Milan grocery-delivery unicorn Everli raised $200M+ then conducted mass layoffs and exited multiple countries in 2023 as European q-commerce collapsed.,https://ideaproof.io/failure/everli
casavo-distress,Casavo (Distress & Layoffs),2017,2024,Italy,PropTech/iBuyer,major,525,$525M,$1B,1000,iBuyer Model & Italian Property Slowdown,"Exor, Project A, 360 Capital, Greenoaks","Milan iBuyer Casavo raised over €400M including from Exor (Agnelli) at a unicorn valuation, then conducted multiple layoff rounds and was reported to be in significant financial distress in 2024.",https://ideaproof.io/failure/casavo-distress
scalapay-markdown,Scalapay,2019,2024,Italy,Fintech/BNPL,major,808500000,$808.5M,$1B (Feb 2022),350,"Milan BNPL unicorn Scalapay raised $808.5M across 5 rounds and hit $1B valuation in Feb 2022 backed by Tencent, Tiger Global and Willoughby Capital. As the global BNPL bubble burst (Klarna's valuation fell 85%, Affirm halved), Scalapay never raised a priced up-round after 2022 and quietly shifted to debt financing — a $81.5M debt facility in Dec 2025 signalled that equity markets had closed. Layoffs and market retrenchment followed as unit economics on 'pay in 3' collapsed under rising rates and defaults.","Tencent, Tiger Global, Willoughby Capital, Gangwal, Fasanara","Milan BNPL unicorn Scalapay reached $1B valuation in 2022, then suffered significant reported markdowns and layoffs as the global BNPL sector collapsed (Klarna -85%, Affirm -90%).",https://ideaproof.io/failure/scalapay-markdown
mainstreaming,MainStreaming (Insolvency),2014,2024,Italy,Video Streaming/CDN,notable,30,$30M,$120M,80,Liquidation & Asset Sale,"Italian VCs, family offices",Milan video-streaming infrastructure startup MainStreaming filed liquidation in 2024 after over a decade trying to compete with hyperscale CDNs.,https://ideaproof.io/failure/mainstreaming
supplyme,Supplyme,2017,2023,Italy,B2B SaaS/Procurement,notable,8,$8M,$32M,40,Failed to Find PMF in Italian SMBs,"Italian angels, Club degli Investitori",Turin B2B SaaS Supplyme failed to scale Italian SMB procurement and shut down in 2023 — representative of dozens of small Italian SaaS failures of the early-2020s wave.,https://ideaproof.io/failure/supplyme
depop-italian-founder,Depop (Etsy Write-Down),2011,2023,Italy,Marketplace/Fashion,major,1600,$1.6B,$1.6B,1000,Etsy Acquisition Write-Down,"Etsy (acquirer), General Atlantic, Octopus Ventures","Italian-founded fashion-marketplace Depop was acquired by Etsy for $1.6B in 2021, then written down by 50%+ within two years as Etsy struggled to integrate it.",https://ideaproof.io/failure/depop-italian-founder
yoox-net-a-porter-richemont,YOOX Net-A-Porter (Richemont Write-Down),2000,2023,Italy,E-commerce/Luxury Fashion,major,5000,$5B,$5B,1000,Strategic Failure & €2.7B Impairment,"Richemont (parent), public markets",Milan-founded luxury e-commerce pioneer YOOX-Net-A-Porter was written down by Richemont by €2.7B in 2023 then sold to Mytheresa at a near-zero price — the largest Italian e-commerce value destruction.,https://ideaproof.io/failure/yoox-net-a-porter-richemont
milkman-distress,Milkman (Insolvency),2015,2024,Italy,Logistics/Last-Mile Delivery,notable,30,$30M,$120M,80,Last-Mile Unit Economics,"Italian VCs, Poste Italiane, 360 Capital",Milan last-mile-delivery startup Milkman raised €30M then filed for restructuring in 2024 as Italian last-mile delivery unit economics collapsed.,https://ideaproof.io/failure/milkman-distress
treedom-correction,Treedom (Layoffs & Restructure),2010,2024,Italy,ClimateTech/Reforestation,notable,15,$15M,$60M,40,Corporate ESG Spending Pullback,"Italian climate funds, family offices","Florence climate-tech Treedom, after raising €15M, conducted significant layoffs in 2024 as corporate ESG spending pulled back globally.",https://ideaproof.io/failure/treedom-correction
smiledirectclub,SmileDirectClub,2014,2023,USA,HealthTech / D2C Dentistry,mega,900,$900M+ (incl. 2019 IPO),$8.9B (IPO Sep 2019),6000,"Regulatory fights, dentist opposition, unit-economics collapse post-IPO","Kleiner Perkins, Clayton Dubilier & Rice, public markets (NASDAQ: SDC)",Regulated categories don't reward 'move fast and break things'. SDC's IPO peak was $8.9B; investor dentists and 30+ state dental boards eventually broke the D2C aligner model.,https://ideaproof.io/failure/smiledirectclub
cue-health,Cue Health,2010,2024,USA,HealthTech / Molecular Diagnostics,mega,480,$480M+ (incl. 2021 IPO),$3B+ (IPO Sep 2021),1500,"Post-Covid demand collapse, FDA authorization issues, cash-out failure","Decheng Capital, Madrone Capital, ACME Capital, public markets (NASDAQ: HLTH)",Pandemic-boom hardware companies rarely survive normalisation. Cue's at-home molecular test was clinically excellent but had no non-Covid demand curve.,https://ideaproof.io/failure/cue-health
plastiq,Plastiq,2012,2023,USA,Fintech / B2B Payments,major,226,$226M,$480M (canceled SPAC),200,"SPAC deal collapse, failed to reach profitability in embedded finance","Kleiner Perkins, Khosla Ventures, Top Tier Capital, Accomplice",SPAC merger cancellations often precede bankruptcy: they represent the last public-market signal that professional investors won't underwrite a business at claimed value.,https://ideaproof.io/failure/plastiq
tally-fintech,Tally,2015,2024,USA,Fintech / Credit-Card Debt Management,major,172,$172M,$855M (2022),300,"Failed to raise follow-on round, high cost of consumer credit under rising rates","Andreessen Horowitz (a16z), Kleiner Perkins, Sway Ventures, Cowboy Ventures",a16z-scale funding doesn't inoculate against category math: consumer-credit refinancers can't out-earn the interest rates they refinance at when their own cost of capital rises.,https://ideaproof.io/failure/tally-fintech
modsy,Modsy,2015,2022,USA,Consumer / 3D Interior Design,notable,73,$72.7M,$250M+ (2019),200,Post-pandemic e-commerce home spending crash + service unit economics never worked,"Norwest Venture Partners, Comcast Ventures, GV, TCV, BBG Ventures",Marketplace + service hybrids rarely reach margin at consumer prices. Modsy's $89 room design fee never covered the human-hour cost of a 3D-rendered layout.,https://ideaproof.io/failure/modsy
parse-facebook-shutdown,Parse (Facebook),2011,2017,USA,SaaS / Mobile Backend as a Service,notable,85,$85M (incl. $85M Facebook acquisition),$85M (2013 Facebook acquisition),60,Strategic abandonment by Facebook after 2013 acquisition; open-sourced and shut down,"Y Combinator, Andreessen Horowitz, Google Ventures — acquired by Facebook in 2013","Building on a proprietary backend is a bet on the acquirer's roadmap. When Facebook shifted focus, thousands of apps had to migrate in 12 months.",https://ideaproof.io/failure/parse-facebook-shutdown
rain-ai,Rain AI,2017,2025,USA,AI Hardware / Neuromorphic Chips,major,118,$118M,$500M+ (2024),150,Failed $150M fundraise despite Sam Altman backing; forced sale,"Sam Altman (personal), Prosperity7 Ventures, Baidu Ventures, Grep VC",AI-hardware startups need billions to challenge NVIDIA. Rain's brain-inspired chip design was novel but couldn't out-run TSMC-scale capex on a $118M budget.,https://ideaproof.io/failure/rain-ai
synapse-financial,Synapse Financial,2014,2024,USA,Fintech / Banking-as-a-Service Middleware,major,50,$50M+,$180M (2019),100,"BaaS ledger collapse froze $265M of consumer deposits across Yotta, Juno, Copper and others","Andreessen Horowitz, Trinity Ventures, Core Innovation Capital","BaaS middleware failures have systemic consequences: 100,000+ Americans lost access to $265M in deposits when Synapse's reconciliation collapsed with Evolve Bank.",https://ideaproof.io/failure/synapse-financial
plenty-unlimited,Plenty Unlimited,2014,2025,USA,AgTech / Vertical Farming,mega,940,~$1B,$1.9B (Jan 2022),500,Vertical farming unit economics never worked at scale; last-ditch pivot to strawberries too late,"SoftBank Vision Fund, Jeff Bezos (Bezos Expeditions), Walmart, DCM Ventures, Driscoll's",The third $1B vertical farming failure of the decade (after AeroFarms and Infarm). LED + labour + water costs kept category unit economics permanently negative at consumer prices.,https://ideaproof.io/failure/plenty-unlimited
flip-social-commerce,Flip (TikTok Rival),2019,2025,USA,Social Commerce / Short-Form Video,major,200,$200M+,$1B+ (2024),400,Failed to reach TikTok-scale engagement; social commerce economics never justified $1B valuation,"GV, Streamlined Ventures, Institutional Venture Partners (IVP)",Direct TikTok clones with paid GMV incentives can juice topline but not creator retention. Flip's $1B valuation assumed viral organic growth that never happened.,https://ideaproof.io/failure/flip-social-commerce
fair-com-car-subscription,Fair.com (Car Subscription),2016,2022,USA,Auto / Subscription Marketplace,mega,2100,$2.1B,$1.2B (2018 SoftBank round),900,SoftBank-scale funding met catastrophic unit economics on used-car depreciation,"SoftBank Vision Fund, BMW, Uber","Fair burned $2.1B on the belief that a weekly car-subscription would unlock rideshare drivers. When Uber renegotiated the partnership in 2020, the volume base disappeared overnight.",https://ideaproof.io/failure/fair-com-car-subscription
bitfront-line,Bitfront (LINE),2020,2023,USA,Crypto Exchange,notable,10,$10M+ (LINE-funded),N/A (LINE subsidiary),60,Strategic exit by parent LINE Corp; crypto winter and FTX contagion,LINE Corp (parent company),Corporate-parent crypto exchanges shut down first when the parent's core business faces pressure — Bitfront closed 5 months after FTX collapsed.,https://ideaproof.io/failure/bitfront-line
corinthian-colleges,Corinthian Colleges,1995,2015,USA,Education / For-Profit Colleges,mega,1000,$1.0B (public company),$3B+ (2007 peak market cap),15000,CFPB and DOE fraud investigations; predatory lending scheme against low-income students,Public markets (NASDAQ: COCO),Business models built on federal student-loan arbitrage collapse when regulators finally act. Corinthian's students received $480M+ in federal loan discharges — the largest borrower-defense relief in US history at the time.,https://ideaproof.io/failure/corinthian-colleges
lesports-leeco,LeSports (LeEco Sports),2014,2018,China,Sports Streaming / Media,mega,1700,$1.7B,$3B (2016 Series B),3000,Parent company LeEco's cash crisis; over-paid sports rights collapsed,"LeEco (parent), Yunfeng Capital (Jack Ma), Legend Capital",China's second-largest sports rights collapse of the 2010s. LeSports paid unsustainable prices for Premier League and NBA rights that its parent LeEco couldn't cover.,https://ideaproof.io/failure/lesports-leeco
digital-river-saas,Digital River (SaaS Division),1994,2025,USA,E-commerce Infrastructure / Merchant of Record,major,200,$200M+ (private equity),$1.5B (dot-com peak),1200,Loss of anchor Microsoft contract; commoditisation of Merchant-of-Record services,Siris Capital (2015 take-private for $840M),Merchant-of-Record providers depend on 1-2 anchor clients for 30-60% of revenue. Losing Microsoft in 2023 removed Digital River's revenue base while Stripe/Paddle competed for what remained.,https://ideaproof.io/failure/digital-river-saas
byju-alpha-us-collapse,Byju's (Global Collapse),2011,2025,India,EdTech / K-12 Learning App,mega,6000,$6.0B+,$22B (2022) → written to $0 (2024),50000,Insolvency proceedings on BCCI petition; largest edtech collapse in history,"Naspers/Prosus, Tiger Global, General Atlantic, Sequoia, BlackRock, Silver Lake","Byju's collapse is the most-cited edtech unravelling in history: $6B+ raised, $22B peak valuation, insolvency triggered by a $19M cricket-board sponsorship default.",https://ideaproof.io/failure/byju-alpha-us-collapse
dash-nigeria,Dash,2019,2022,Nigeria,Fintech/Payments,major,33,$33M,,,Mismanagement & Missing Funds,"Insight Partners, ASK Capital, 4DX Ventures","Ghanaian-founded, Nigeria-active payments startup Dash raised US$33M in seed (largest ever in Africa at the time) then was wound down by investors after $25M+ went unaccounted.",https://ideaproof.io/failure/dash-nigeria
54gene,54gene,2019,2023,Nigeria,Healthcare/Genomics,major,45,$45M,,,Strategic Confusion & Founder Departure,"Adjuvant Capital, Cathay AfricInvest, Y Combinator","Africa's most-funded genomics startup, 54gene, shut down after founder departed amid governance disputes and capital exhaustion.",https://ideaproof.io/failure/54gene
lazerpay,Lazerpay,2021,2023,Nigeria,Crypto/Payments,notable,1,$1.1M,,,Failed to Raise Seed & Crypto Winter,Y Combinator (W22),"Nigerian crypto-payments startup Lazerpay shut down after a year, a representative case of African crypto startups hit by both crypto winter and Nigerian regulatory crackdowns.",https://ideaproof.io/failure/lazerpay
okhi,OkHi (Pivot/Wind-Down),2014,2023,Nigeria,Geospatial/Identity,notable,8,$8M,,,Slow B2B Sales Cycles,"GreenHouse Capital, family offices",Kenyan-Nigerian addressing startup OkHi raised US$8M to digitize African addresses then largely wound down as banks built in-house solutions.,https://ideaproof.io/failure/okhi
vibra-nigeria,Vibra,2021,2023,Nigeria,Crypto/Exchange,notable,6,$6M,,,Crypto Winter & Regulation,"Nestcoin, Adaverse, Ascend Vietnam Ventures","Nigerian crypto-exchange Vibra shut down in 2023, another casualty of the African crypto regulatory crackdown.",https://ideaproof.io/failure/vibra-nigeria
thepeer,Thepeer,2021,2024,Nigeria,Fintech/API,notable,2,$2.6M,,,Slow Adoption & Failed Product-Market Fit,"Raba Capital, LocalGlobe, Musha Ventures",Lagos B2B fintech-API startup Thepeer shut down in April 2024 after failing to find sufficient adoption — a transparent founder post-mortem.,https://ideaproof.io/failure/thepeer
doohickey-ai,Doohickey AI,,2026,USA,AI,notable,,$5m,,,"Product-market fit, rapid AI changes","Drive Capital, Techstars",Even accelerator pedigree and fresh VC capital can't save a startup that hasn't nailed product-market fit before the underlying technology landscape shifts beneath it.,https://ideaproof.io/failure/doohickey-ai
basf-chemvator,Chemovator,2018,2025,Germany,Chemicals,notable,,Unknown,,,Corporate restructuring and cost-cutting,BASF,Corporate venture-building units live and die by the parent company's financial health and strategic priorities—strong execution doesn't guarantee survival when the corporate parent needs to cut costs.,https://ideaproof.io/failure/basf-chemvator
trela,Trela,2020,2026,Brazil,Online Grocery / Q-Commerce,major,28,$28M,,,Failed to close funding round; capital-intensive logistics unsustainable,"Kaszek, Monashees, Y Combinator, Canary",Just-in-time grocery in emerging markets still eats capital faster than it generates margin — Trela's efficient model wasn't enough once Brazilian LatAm funding tightened and rivals also retreated.,https://ideaproof.io/failure/trela
entropy,Entropy,2022,2026,USA,Crypto Custody,notable,25,$25M,,,Failed to reach venture-scale growth; returning capital to investors,Andreessen Horowitz (a16z crypto),"Even top-tier crypto funding doesn't guarantee product-market fit — a16z-backed Entropy chose to wind down and return capital rather than pivot again, illustrating discipline over survival theater.",https://ideaproof.io/failure/entropy
parker,Parker,2019,2026,USA,Fintech,major,200,$200M,"Undisclosed (Series B, Valar Ventures-led)",,"Bankruptcy, acquisition talks failed","Valar Ventures, Y Combinator","Over-hiring and reactive decisions can lead to financial instability, even for well-funded startups with significant revenue.",https://ideaproof.io/failure/parker
prime-7-bar-restaurant,Prime 7 Bar & Restaurant,,2026,USA,Restaurant,notable,,Unknown,,,Bankruptcy filing (Chapter 11),Unknown,"Even beloved, high-traffic restaurants can collapse under debt and rising costs; hospitality businesses need disciplined capital structures to survive seasonal and economic swings.",https://ideaproof.io/failure/prime-7-bar-restaurant
dunzo,Dunzo,2014,2025,India,Hyperlocal Delivery,major,240,$240M+,$775M (2022),,"Mounting debt, failed competition",Reliance Retail,Even significant funding and strategic investors cannot guarantee survival against intense competition and financial mismanagement in a high-burn industry.,https://ideaproof.io/failure/dunzo
blusmart,BluSmart,2019,2025,India,EV Ride-Hailing,notable,180,$180M+,~$300M,,"Founder fraud (SEBI probe), diverted loan funds, cash crunch","BP Ventures, Responsibility, IFC, MayField","Lack of corporate governance and financial impropriety can swiftly lead to the collapse of a promising startup, regardless of its market potential.",https://ideaproof.io/failure/blusmart
hike,Hike,2012,2025,India,Messaging / Consumer Internet,major,261,$261M,$1.4B (2016),,Pivot to real-money gaming banned by India,"Tiger Global, SoftBank, Tencent, Foxconn, Bharti SoftBank",Unicorn status doesn't insulate a startup from a single regulatory shock — Hike's post-messaging pivot into Rush Gaming was wiped out overnight when India banned real-money games in 2025.,https://ideaproof.io/failure/hike
good-glamm-group,Good Glamm Group,2017,2025,India,D2C Beauty / House of Brands,major,270,$270M+,$1.2B (2022),,"Cash crunch, failed refinancing, lenders forced brand-by-brand sale","Prosus, Warburg Pincus, L'Occitane, Bessemer, Accel","A roll-up 'house of brands' only works if the parent can service debt and integrate acquisitions — when a single anchor deal fell through, Good Glamm's entire capital stack collapsed and lenders dismantled the unicorn brand by brand.",https://ideaproof.io/failure/good-glamm-group
otipy,Otipy,2020,2025,India,Agritech / Farm-to-Consumer,major,44,$44M,,,Quick-commerce killed the model; failed to close new funding round,"WestBridge Capital, SIG, Omidyar Network, Cornerstone Venture Partners",10-minute delivery reset consumer expectations across Indian grocery — Otipy's next-day farm-to-fork model became structurally uncompetitive against Blinkit and Zepto no matter how efficient its logistics were.,https://ideaproof.io/failure/otipy
subtl-ai,Subtl.AI,,2025,India,AI,notable,,$200K,,,"Lack of focus, poor product-market fit",Unknown,"A clear, narrow market focus and a credible path to your next funding round matter as much as the technology itself — especially in crowded, fast-moving categories like generative AI.",https://ideaproof.io/failure/subtl-ai
monarch-tractor,Monarch Tractor,2018,2026,USA,AgTech / Electric Vehicles,major,220,$220M+,~$500M,,"Hardware unit economics, failed pivot to software, dealer lawsuits","Astanor Ventures, CNH Industrial, Foothill Ventures, HH-CTBC","Full-stack hardware startups need a working commercial product before pivoting to software — Monarch's $100K autonomous tractors underdelivered, dealer lawsuits piled up, and the software pivot came too late to save the company.",https://ideaproof.io/failure/monarch-tractor
sonex-aircraft,Sonex Aircraft,1998,2026,USA,Aircraft Manufacturing,notable,,Unknown,,,"Severe drop-off in sales, bank pressure",Unknown,A long operating history and loyal niche customer base don't protect a manufacturer from a liquidity crisis — sustained unprofitability plus a credit pullback can force an immediate shutdown with little warning.,https://ideaproof.io/failure/sonex-aircraft
epic-lightning-fast-service,Epic Lightning Fast Service LLC,,2025,USA,Logistics,notable,,Unknown,,,Challenging market conditions,Unknown,"In cyclical industries like trucking and logistics, sustained rate downturns can force even operationally sound companies to close — building in financial buffers for prolonged market downturns is essential.",https://ideaproof.io/failure/epic-lightning-fast-service
hycan-auto,Hycan Auto,2018,2025,China,Electric Vehicles,notable,,Undisclosed (GAC + Pearl River funded),,,"Product misfires, unpaid severance, parent GAC pulled support","GAC Group, NIO (early), Pearl River Investment Management",Even a joint venture between two well-known EV players can die when neither parent fully commits — Hycan was orphaned when NIO exited and GAC deprioritized it as its own Aion and Trumpchi brands took priority.,https://ideaproof.io/failure/hycan-auto
hiphi,HiPhi,2017,2024,China,Electric Vehicles,major,1000,$1B+,$8B (2021),,"Cash crunch, failed to compete with BYD/Tesla in China EV price war","Human Horizons, Ping An, state-linked investors",Chinese luxury EV upstarts couldn't survive the BYD-led price war — HiPhi burned through $1B+ chasing a premium positioning that collapsed the moment scaled incumbents cut prices.,https://ideaproof.io/failure/hiphi
altigreen,Altigreen,2013,2025,India,Electric Vehicles / Commercial 3-Wheelers,major,50,$50M+,,,"Cash crunch, unpaid dues to vendors and employees, halted manufacturing","Reliance New Energy, Sixth Sense Ventures, Xponentia Capital","Being early in Indian commercial EVs isn't a moat when incumbents (Mahindra, Bajaj, Piaggio) launch competitive electric 3-wheelers with dealer networks and financing — Altigreen ran out of runway before scale.",https://ideaproof.io/failure/altigreen
ans-commerce,ANS Commerce,2017,2025,India,Enterprise Tech,notable,,$35-40m (acquisition value),,,Acquirer Flipkart wound up operations,Unknown,"Being acquired by a large strategic buyer doesn't guarantee long-term survival — if the underlying unit economics don't improve post-acquisition, parent companies will shut down even previously well-funded businesses.",https://ideaproof.io/failure/ans-commerce
astra,Astra,2016,2024,USA,Space Launch,major,500,$500M+,"$2.6B (SPAC listing, 2021)",,SPAC value destruction; take-private at a tiny fraction of peak valuation,"Founders (Chris Kemp, Adam London), ACME Capital, Marc Benioff","SPAC-fueled launch companies confused market cap for capability — Astra's rockets couldn't repeatedly reach orbit, and public shareholders wore the entire loss when founders bought it back for pennies.",https://ideaproof.io/failure/astra
beepkart,Beepkart,2020,2025,India,Used Vehicle Marketplace / Two-Wheelers,notable,18,$18M,,,"Funding winter, unit economics, failed to raise follow-on","Stellaris Venture Partners, Chiratae Ventures","Used two-wheeler resale requires deep working capital and margin discipline — BeepKart couldn't outlast India's 2024-25 funding winter, and mass layoffs preceded a quiet asset-sale exit rather than a going-concern shutdown.",https://ideaproof.io/failure/beepkart
bharatagri,BharatAgri,2017,2025,India,Agritech / Farm Advisory,notable,15,$15M,,,Failed to close $6-8M round; funding winter for Indian agritech,"India Quotient, Omnivore, InfoEdge Ventures",Advisory-only agritech models struggle to monetize Indian farmers directly — BharatAgri couldn't reach profitability before capital dried up in an 80%-down agritech funding cycle.,https://ideaproof.io/failure/bharatagri
blip,Blip,2024,2025,India,Quick Commerce (Fashion),notable,,Unknown (seed-stage),,,Lack of capital for expansion,Unknown,Applying a proven business model (like quick-commerce) to a new category doesn't guarantee success — fashion's inventory and operational complexity requires far more capital before viable unit economics.,https://ideaproof.io/failure/blip
codeparrot,CodeParrot,2022,2025,India,Developer Tools,notable,,$0.5M,,,"High cash burn, lack of follow-on funding",Y Combinator,"YC acceptance and a hot AI category aren't enough — startups still need disciplined burn management and a credible path to differentiated, defensible value before the funding window closes.",https://ideaproof.io/failure/codeparrot
neuropixel-ai,NeuroPixel.AI,,2026,India,Ecommerce AI,notable,,Unknown (Flipkart-backed),,,Cash crunch,Flipkart,"Building a genuinely innovative vertical AI product isn't enough protection — if your core capability can be replicated by general-purpose foundation models, you need a defensible moat beyond the technology itself.",https://ideaproof.io/failure/neuropixel-ai
covrzy,Covrzy,,2026,India,Insurtech,notable,,$0.386m,,,Cash crunch,Antler,"Startups with thin funding cushions are highly vulnerable to key personnel departures; when acquisition offers arrive during a cash crunch, rejecting them can foreclose the only viable exit.",https://ideaproof.io/failure/covrzy
kiki-rental-platform,Kiki,,2026,UK,Rental Platform,notable,5,$5M,,,Unsustainable business economics,Blackbird Partner (Samantha Wong),"Persistent pivoting without achieving product-market fit, even with sufficient funding and years of runway, is a strong predictor of eventual failure — especially when core customers remain confused about the business model.",https://ideaproof.io/failure/kiki-rental-platform
ascend-elements,Ascend Elements,2015,2026,USA,Battery Recycling / Cleantech,major,900,$900M+,~$1.6B,,Chapter 11 amid EV demand slowdown and rollback of clean-energy incentives,"Decarbonization Partners (BlackRock/Temasek), SK ecoplant, Qatar Investment Authority, Fifth Wall",Cleantech scale-ups with government-loan-and-EV-demand assumptions baked in are one policy shift away from insolvency — Ascend's $900M+ raise couldn't outrun the 2025-26 EV slowdown and Trump-era incentive rollback.,https://ideaproof.io/failure/ascend-elements
the-next-web,The Next Web,2006,2025,Netherlands,Tech Media / Conferences,notable,,Bootstrapped + FT acquisition (2019),,,Parent FT wound down events/media business amid AI-driven traffic decline,Financial Times (parent since 2019),AI search is compressing tech-media traffic faster than legacy owners can restructure — the FT quietly killed one of Europe's most-loved conferences rather than fund another year of losses.,https://ideaproof.io/failure/the-next-web
the-browser-company,The Browser Co.,2019,2025,USA,Consumer Software / Web Browsers,major,128,$128M,~$550M (2024),,Arc browser abandoned; sold to Atlassian after failing to scale,"Thrive Capital, LinkedIn co-founders, Salesforce Ventures, Medha Ventures","Loved doesn't mean adopted. Arc had a cult following but never crossed into mainstream distribution, forcing The Browser Company to abandon it, pivot to an AI browser (Dia), and ultimately sell to Atlassian rather than reach standalone escape velocity.",https://ideaproof.io/failure/the-browser-company
caastle,CaaStle,2011,2025,USA,Fashion Rental / Retail Tech,major,530,$530M+,~$1.4B,,"Alleged $300M investor fraud by CEO, Chapter 7 bankruptcy","Founders Fund, Bain Capital Ventures, Fidelity, Franklin Templeton",Fabricating financials to keep raising doesn't buy time — it converts a struggling business into a criminal case and wipes out every stakeholder. CaaStle went from unicorn to Chapter 7 liquidation once auditors uncovered years of forged bank statements.,https://ideaproof.io/failure/caastle
posigen,PosiGen,2011,2025,USA,Residential Solar,major,150,$150M+ equity + debt,,,"Chapter 11 amid high interest rates, tariff shock, TPO/ITC policy uncertainty","Brookfield Asset Management, Builders VC, Osaic, DBL Partners",Even mission-aligned installers can't outrun rate shock and policy whiplash — PosiGen's LMI-focused solar leases were structurally sound but its capital stack couldn't survive 2025's cost-of-capital repricing.,https://ideaproof.io/failure/posigen
synapse-financial-technologies,Synapse Financial Technologies,2014,2024,USA,Fintech / Banking-as-a-Service,major,50,$50M+,,,Chapter 11 collapse; ~$85M in end-user deposits went missing across partner banks,"Andreessen Horowitz, Trinity Ventures, Core Innovation Capital","BaaS middlemen created a systemic risk regulators never fully oversaw — Synapse's collapse froze 100,000+ Americans' savings and exposed the 'FDIC-insured' promise of fintech as marketing, not law.",https://ideaproof.io/failure/synapse-financial-technologies
yotta-technologies,Yotta Technologies,2019,2024,USA,Fintech / Consumer Banking App,major,27,$27M,,,Deposits vanished after Synapse (BaaS provider) went bankrupt,"Base10 Partners, YC, Core Innovation Capital, FundersClub","A consumer fintech is only as trustworthy as its BaaS partner — Yotta customers followed the app's promises, not the actual bank of record, and were left with claims against a bankruptcy estate instead of insured deposits.",https://ideaproof.io/failure/yotta-technologies
io-biotech,IO Biotech,2014,2026,USA,Biotechnology,major,170,$170M,,,Filed for Chapter 7 bankruptcy,"Lundbeckfonden Ventures, Novo Holdings, EIB","A single pivotal trial narrowly missing statistical significance can be as fatal to a biotech's near-term viability as an outright failure, especially when regulators require an entirely new registrational study.",https://ideaproof.io/failure/io-biotech
lipella-pharmaceuticals,Lipella Pharmaceuticals,2017,2026,USA,Biotechnology,notable,,Under $20m,,,"Bankruptcy, inability to develop drug",Unknown,"Positive clinical trial data does not guarantee survival; without continued access to capital markets, even scientifically promising biotechs can be forced into bankruptcy.",https://ideaproof.io/failure/lipella-pharmaceuticals
lipocine,Lipocine Inc.,,2026,USA,Biotechnology,notable,,$150m+,,,Phase 3 trial failed primary endpoint,,"Repeated regulatory delays on a single lead drug can trigger a slow erosion of stock value and exchange compliance that persists for years, even if the company avoids outright shutdown.",https://ideaproof.io/failure/lipocine
moleculin-biotech,Moleculin Biotech Inc.,2020,2025,USA,Biotechnology,notable,,$100m+,,,"Weak pipeline, funding contraction",Unknown,"Single-asset oncology biotechs remain acutely vulnerable to any negative trial readout, even when later data from more rigorous pivotal trials shows more encouraging results.",https://ideaproof.io/failure/moleculin-biotech
nine-square-therapeutics,Nine Square Therapeutics,2020,2026,USA,Biotechnology and Pharmaceutical,major,55,$55 million,,,"Liquidity crisis, funding standstill","Apple Tree Partners, The Michael J. Fox Foundation",Even well-funded platform biotechs targeting scientifically validated but historically undruggable targets can run out of runway if they cannot translate discovery into a compelling near-term catalyst.,https://ideaproof.io/failure/nine-square-therapeutics
nido-biosciences,Nido Biosciences,2020,2026,USA,Biotechnology,major,109,$109 million,,,Drug failed Phase II clinical trial,"5AM Ventures, Abingworth, Bessemer Venture Partners, Eli Lilly, Osage University Partners, Bioluminescence Ventures",Even well-capitalized biotechs backed by reputable venture studios can be forced to shut down entirely when a single Phase 2 trial in a rare disease indication underperforms.,https://ideaproof.io/failure/nido-biosciences
builder-ai,Builder.ai,2016,2025,United Kingdom,AI / No-Code Software Development,major,,$450m,,,"Builder.ai, a Microsoft-backed 'AI-powered' app development platform once valued at $1.5 billion, collapsed into insolvency after revelations that its 'AI' was largely human engineers and that revenue",,"Marketing an unproven or partially fake AI capability to inflate valuation is unsustainable — eventually revenue, technology, and reality must align, or collapse follows.",https://ideaproof.io/failure/builder-ai
northvolt,Northvolt,2016,2025,Sweden,EV Battery Manufacturing,major,,$15b,,,"Northvolt, Europe's flagship EV battery champion once valued at over $10 billion, filed for bankruptcy in Sweden in March 2025 after burning through more than $15 billion in funding without reaching s",,Raising enormous capital cannot substitute for proven manufacturing execution — hardware startups must de-risk production processes before scaling to gigafactory volumes.,https://ideaproof.io/failure/northvolt
23andme,23andMe,2006,2025,United States,Consumer Genetic Testing / Biotech,major,,$1.5b,,,"Once valued at $6 billion, DNA testing pioneer 23andMe filed for Chapter 11 bankruptcy in March 2025 after a massive 2023 data breach, collapsing demand for one-time genetic tests, and failure to buil",,Owning valuable data is not the same as owning a sustainable business model — and a single catastrophic breach of customer trust can be fatal for a company built on sensitive personal information.,https://ideaproof.io/failure/23andme
canoo,Canoo,2017,2025,United States,Electric Vehicles,major,,$1b,,,"Electric vehicle startup Canoo filed for Chapter 7 bankruptcy and ceased all operations in January 2025, liquidating its assets after years of production delays, executive turnover, and chronic cash s",,"SPAC hype and government or corporate pilot deals cannot substitute for proven, scalable manufacturing — EV startups need capital discipline and production execution.",https://ideaproof.io/failure/canoo
forward-health,Forward Health,2016,2025,United States,Healthcare Technology,major,,$657m,,,"Forward Health, a venture-backed primary care startup that raised over $650 million to build AI-powered 'CarePod' health kiosks, abruptly shut down all clinics and its app in late 2024, with the fallo",,"In healthcare, sudden business pivots and shutdowns carry a duty of care to patients — Forward's shift to CarePods and abrupt closure show that scaling ambition must be balanced against continuity of care.",https://ideaproof.io/failure/forward-health
yupp-ai,Yupp,2024,2026,USA,AI / Consumer,recent,33,$33M,$100M+ (post-money on $33M seed),,Growth stalled after novelty wore off; consumer LLM-comparison thesis couldn't sustain retention,"a16z crypto (Chris Dixon), Jerry Yang, Balaji Srinivasan, angels","A famous cap table and a hot thesis can't rescue a consumer product with no repeat-use loop. If DAU/WAU flattens 3 months post-launch, no amount of VC can fix it.",https://ideaproof.io/failure/yupp-ai
zeepay,Zeepay,2014,2026,Ghana,Fintech / Mobile Money,recent,18,$18M+,,,Ghana central bank revoked e-money issuer licence over prolonged solvency and governance failures,"Injaro Investments, Verdant Capital, Oikocredit, Goodwell Investments","In regulated fintech, your licence is your business. Missed capital ratios and governance lapses can end an entire company in a single regulator letter.",https://ideaproof.io/failure/zeepay
gigbanc,Gigbanc,2022,2026,Nigeria,Fintech / SMB Banking,recent,1.5,$1.5M,,,Could not raise a follow-on round in a chilled Nigerian fintech funding market,"Ventures Platform, angel investors",Sub-$5M raised in a hard market means an 18-month runway if you are lucky. Line up the acquirer before you announce the wind-down.,https://ideaproof.io/failure/gigbanc
astrumu,AstrumU,2017,2025,USA,HR Tech / Workforce Intelligence,recent,30,$30M+,,,Ran out of capital before enterprise sales cycles closed at scale,"Ignition Partners, Kickstart Fund, University Ventures",Selling to universities and enterprise HR at the same time is two 18-month sales cycles overlaid. Pick one buyer or you burn through both budgets.,https://ideaproof.io/failure/astrumu
zeen,Zeen (formerly Landing),2019,2025,USA,Consumer Social / Shopping,recent,9,$9M,,,Never reached the scale required for a venture-backed consumer social business,"Forerunner Ventures, angel investors","If your app doesn't cross a million MAU after two pivots, no amount of aesthetic polish will unlock venture-scale outcomes. Return the money or sell the domain.",https://ideaproof.io/failure/zeen
smashing,Smashing,2021,2025,USA,Consumer / Reading & News,recent,4,$4M,,,Curation apps cannot compete with algorithmic feeds and AI summaries for consumer attention,"Goodwater Capital, angels","'A better feed' is not a business. Readers don't pay, ads need scale, and AI now writes the summary you built a company around.",https://ideaproof.io/failure/smashing
haomo-ai,Haomo.AI,2019,2026,China,Autonomous Driving / EV,recent,400,$400M+,$1B+ (2023),,Parent Great Wall Motor cut funding after failing to match Tesla FSD and BYD-backed rivals,"Great Wall Motor, Meituan Longzhu, Qualcomm Ventures, Gaocheng Capital","Corporate-backed AV spinouts live and die by the parent's roadmap. When GWM redirected to a partnership with a larger AV supplier, Haomo's mandate evaporated overnight.",https://ideaproof.io/failure/haomo-ai
ample,Ample,2014,2025,USA,CleanTech / EV Battery Swapping,recent,330,$330M,$1B+ (unicorn round 2021),,Capital-intensive swap-station rollout outran a fleet-only revenue model,"Shell Ventures, Moore Strategic Ventures, PTT, Repsol, Blackstone-adjacent funds","Hardware + real estate + energy is three businesses in a trench coat. If you don't have OEM co-investment or utility rate-basing, the CapEx will bury you.",https://ideaproof.io/failure/ample
jivi-ai,JiviAI,2023,2026,India,AI / Healthcare,recent,4,$4M,,,Ran out of runway before proving clinical adoption of a medical LLM,"Undisclosed seed investors, angels","Selling AI into regulated healthcare requires 24+ months and hospital champions. If you can't clear that milestone with 18 months of runway, don't start.",https://ideaproof.io/failure/jivi-ai
miga-health,Miga Health,2021,2025,USA,Digital Health / Cardiovascular,recent,26,$26M,,,Virtual specialty care model couldn't clear payer reimbursement thresholds,"7wireVentures, Define Ventures, Redesign Health","Virtual specialty clinics live or die on payer contracts. If your CPT-code strategy isn't proven in year one, your Series A math is fiction.",https://ideaproof.io/failure/miga-health
joon-care,Joon Care,2019,2025,USA,Digital Health / Youth Mental Health,recent,13,$13M,,,Consolidation into larger virtual mental-health platform via acqui-hire,"TeleSoft Partners, Vertical Venture Partners","If the category consolidates before you find defensible unit economics, taking the acqui-hire is the responsible ending, not the failure.",https://ideaproof.io/failure/joon-care
kevala,Kevala,2018,2025,USA,Health Tech / Workforce Management,recent,18,$18M,,,Sub-scale point solution absorbed by broader senior-care platform,"Bessemer Venture Partners, Bowery Capital","Vertical workforce SaaS with <$5M ARR gets acquired, not IPO'd. Design your cap table for a $30-80M exit from day one.",https://ideaproof.io/failure/kevala
ribbon-health,Ribbon Health,2016,2025,USA,Health Tech / Provider Data,recent,59,$59M,,,API-only data infrastructure absorbed into vertical analytics leader,"a16z, General Catalyst, Rock Health, Homebrew","Being 'the data layer' is a great narrative and a hard business. If a bigger analytics buyer needs your data more than you need to be a company, sell.",https://ideaproof.io/failure/ribbon-health
onco,Onco,2018,2024,India,Health Tech / Cancer Care,recent,7,$7M,,,Sub-scale patient acquisition led to a quiet strategic acquisition by Apollo Hospitals,"Accel, Better Capital, angels","In Indian health-tech, the exit is the largest hospital chain, not the IPO. Build for strategic value from year two.",https://ideaproof.io/failure/onco
kismet-health,Kismet Health,2020,2025,USA,Digital Health / Pediatric Telehealth,recent,6,$6M,,,"Acquired by Kooth for its telehealth platform, ending standalone operations",Undisclosed seed investors,A specialized telehealth toolset can be worth more inside a larger buyer than as a standalone SaaS. Recognize the tuck-in ceiling early.,https://ideaproof.io/failure/kismet-health
satori-finance,Satori Finance,2022,2026,Global,Crypto / DeFi Perpetuals,recent,8,$8M,,,Unable to capture liquidity share against Hyperliquid and dYdX in perps DEX category,"Polychain Capital, Coinbase Ventures","In DeFi, liquidity is a winner-take-most flywheel. If you're not top-3 by TVL 12 months post-launch, you're kindling.",https://ideaproof.io/failure/satori-finance
goldfinch-finance,Goldfinch Finance,2020,2026,USA,Crypto / DeFi Credit,recent,37,$37M,,,Real-world credit defaults exceeded protocol loss-absorption capacity,"a16z crypto, Coinbase Ventures, Bill Ackman, Kindred Ventures",On-chain credit protocols inherit off-chain default risk without off-chain collections. Assume 5-10x higher realized losses than TradFi comps.,https://ideaproof.io/failure/goldfinch-finance
ascendex,AscendEX,2018,2026,Singapore,Crypto / Centralized Exchange,recent,50,$50M+,,,Liquidity crisis compounded by unexplained founder silence,"Polychain Capital, Alameda Research, Hack VC","Custody businesses run on trust. Any founder communication gap during a liquidity event triggers a bank-run, whether or not the balance sheet supports it.",https://ideaproof.io/failure/ascendex
sophon,Sophon,2023,2026,Global,Crypto / Layer 2,recent,60,$60M,,,zkSync-based L2 could not attract users or developers; pivoted to Base app studio,"Node-sale participants, Aave GHO Foundation, Paper Ventures","'Build a chain' is a distribution problem, not a technology problem. If you raise via node sale before proving app-layer traction, you owe explanations to token holders when you pivot away.",https://ideaproof.io/failure/sophon
peoplecues,PeopleCues,2021,2026,India,HR Tech / Employee Experience,recent,5,$5M,,,Employee-experience SaaS could not survive the 2025-2026 HR tech budget freeze,"Binny Bansal (Flipkart co-founder), Peak XV, angels","HR tech is the first budget line cut in a downturn. Ship must-have workflow, not surveys, if you want to survive a spend freeze.",https://ideaproof.io/failure/peoplecues
mantle-shopify,Mantle,2023,2026,Canada,SaaS / Shopify Ecosystem,recent,5,$5M,,,AI-powered Shopify app tooling could not build a defensible business layer,"Y Combinator, Inovia Capital, angels",Building 'infrastructure for a platform's developers' is a tiny TAM. Shopify's own tooling improvements erase your wedge overnight.,https://ideaproof.io/failure/mantle-shopify
talrop,Talrop,2019,2026,India,EdTech / Tech Skills Training,recent,3,Undisclosed (bootstrapped + local investors),,,AI-driven curriculum obsolescence and financial mismanagement,"Local Kerala investors, bootstrapped","EdTech curricula that teach a skill AI now does are graveyards. If your syllabus needs a rewrite every 6 months to stay relevant, your unit economics won't survive.",https://ideaproof.io/failure/talrop
wordsworth-ai,Wordsworth AI,2023,2025,USA,AI / Marketing Automation,recent,1,Undisclosed seed,,,Six-figure revenue was not enough to justify continued operation as market shifted,"Angel investors, YC-adjacent seed","Six-figure ARR with enterprise customers is a lifestyle business, not a venture case. Recognize the ceiling and either bootstrap or wind down honestly.",https://ideaproof.io/failure/wordsworth-ai
pocket,Pocket (Mozilla),2007,2025,USA,Consumer / Read-It-Later,major,15,$14.5M (pre-Mozilla acquisition),Undisclosed (Mozilla acquired 2017),,Parent Mozilla sunset the acquired product amid strategic refocus,"Mozilla (2017 acquirer), previously Foundation Capital, Google Ventures","Being acquired is not the finish line. If the parent's strategy changes, your product is a line-item to be cut.",https://ideaproof.io/failure/pocket
rewind-ai,Rewind AI,2020,2025,USA,AI / Personal Productivity,recent,30,$30M+,~$350M (Limitless round),,Rebrand to Limitless AI pendant hardware led to Meta acquisition and sunset of original Mac app,"a16z, First Round Capital, NEA, Sam Altman",A hardware pivot away from a beloved consumer software product is the highest-risk restart in tech. Get the acquisition offer before you tell your users.,https://ideaproof.io/failure/rewind-ai
irobot,iRobot,1990,2025,USA,Consumer Robotics,major,1000,Public (IPO 2005),$1.7B (Amazon deal 2022),,Failed Amazon acquisition + Chinese Roomba clones destroyed pricing power,Public shareholders; formerly funded by Fenway Partners; ended in Picea (Chinese contract manufacturer) ownership,"A pending acquisition is not an insurance policy. Regulatory blocks kill your Plan B. If your product is a commoditized SKU, an EU antitrust ruling can end your independence.",https://ideaproof.io/failure/irobot
picnic-pizza,Picnic,2016,2026,USA,Robotics / Food Automation,recent,40,$40M,,,Food-service labor economics didn't justify $100k+ pizza-assembly robots,"Vulcan Capital, Thursday Ventures, angels","Automation ROI must beat minimum-wage plus benefits, in the counterfactual, not in the pitch deck. Pizza labor is $15/hr — that's a $30k/year threshold no six-figure robot beats.",https://ideaproof.io/failure/picnic-pizza
cartwheel-robotics,Cartwheel Robotics,2021,2026,USA,Robotics / Humanoid,recent,3,$3M,,,Ran out of capital before completing seed round for capital-intensive humanoid hardware,"Undisclosed angels, small VC",Humanoid robotics is a $100M seed category disguised as a $3M seed category. Don't start unless you have signed commitments from Series A leads before shipping.,https://ideaproof.io/failure/cartwheel-robotics
locus-robotics,Locus Robotics,2014,2026,USA,Warehouse Robotics,major,420,$420M,$2B (2021),,Robots-as-a-Service unit economics never turned positive at scale,"Tiger Global, Prologis, Zebra Ventures, G2 Venture Partners","RaaS gross margins < hardware gross margins < software gross margins. If your Series F pitched software multiples on RaaS revenue, the Series G markdown is brutal.",https://ideaproof.io/failure/locus-robotics
lidya,Lidya,2016,2025,Nigeria,Fintech / SMB Lending,recent,16,$16M,,,Loan-book losses combined with FX collapse eroded the equity base,"Alitheia Capital, Bamboo Capital, Newid Capital, Omidyar Network",Digital lending in an FX-volatile market requires local-currency capital. Dollar-denominated equity funding a naira loan book is a losing trade every devaluation cycle.,https://ideaproof.io/failure/lidya
okra-fintech,Okra,2019,2025,Nigeria,Fintech / Open Banking,recent,16,$16M,,,Open-banking API infrastructure couldn't reach revenue scale in Nigerian market challenges,"Susa Ventures, TLcom Capital, Base10 Partners, Accenture Ventures","If your business is 'the Plaid of X,' you need a Plaid-sized banking ecosystem with regulator-mandated open banking. Nigeria didn't have that in 2019-2025.",https://ideaproof.io/failure/okra-fintech
cushion,Cushion,2016,2025,USA,Fintech / Consumer,recent,21,$21M,,,Consumer fintech unit economics couldn't scale beyond niche users,"Flourish Ventures, Left Lane Capital, angel investors","'AI negotiates your bank fees' works as a demo. It doesn't work as a business because banks won't pay the arbitrage forever, and consumers won't pay for a service that returns their own money.",https://ideaproof.io/failure/cushion
the-sandbox,The Sandbox,2011,2025,Hong Kong,Web3 / Metaverse,recent,93,$93M,$1B+ (2021),,Metaverse user base collapsed; Animoca Brands absorbed operations after 50%+ layoffs,"Animoca Brands (parent), SoftBank, LG Tech Ventures","If your product depends on 'the metaverse,' your business depends on a category that peaked in Q4 2021 and hasn't returned. Cut before the parent has to.",https://ideaproof.io/failure/the-sandbox
ember-sword,Ember Sword,2018,2025,Denmark,Web3 Gaming,recent,13,$13M (VC + land sales),,,Crypto game economics collapsed; virtual land holders lost value,"Play Ventures, BITKRAFT, Makers Fund","Selling virtual land before a game is playable is fundraising, not product development. When the game doesn't ship, the SEC and the pitchforks come.",https://ideaproof.io/failure/ember-sword
battlebound,Battlebound,2021,2025,USA,Web3 Gaming,recent,8,$8M,,,Blockchain-gaming category couldn't retain players between hype cycles,"Delphi Digital, Merit Circle, Play Ventures","If your monetization requires token liquidity that requires new players that requires token liquidity, you have built a fragile flywheel that stops in month 6.",https://ideaproof.io/failure/battlebound
tatsumeeko,Tatsumeeko: Lumina Fates,2021,2025,Singapore,Web3 Gaming,recent,7.5,$7.5M,,,Play-to-earn MMORPG couldn't build a Web2-quality game on a Web3-sized team,"Delphi Digital, Signum Capital, Animoca Brands, Ascensive Assets",An MMORPG is a $50M+ dev budget. A $7.5M seed for an MMORPG means you'll ship the tokenomics and never ship the game.,https://ideaproof.io/failure/tatsumeeko
pandion,Pandion,2020,2025,USA,Logistics / Last-Mile,recent,100,$100M+,,,Middle-mile parcel network couldn't win volume from Amazon Logistics or FedEx SmartPost,"Playground Global, Kleiner Perkins, Prologis, SoftBank",Building a national parcel network without a captive shipper is the hardest capital allocation problem in tech. Convoy tried and failed. Pandion tried and failed. Don't try.,https://ideaproof.io/failure/pandion
pedal-and-post,Pedal & Post,2013,2025,UK,Logistics / Cargo Bike Delivery,recent,2,Bootstrapped + local investors,,,Loss of anchor Voi contract eliminated majority of revenue overnight,"Local investors, founder capital","Customer concentration >50% is a single-point-of-failure. When your anchor gives notice, you have 30-60 days to become a different company.",https://ideaproof.io/failure/pedal-and-post
ami-cole,Ami Colé,2021,2025,USA,Beauty / D2C,recent,3,$3M+,,,D2C beauty economics collapsed under retail-competition and marketing cost inflation,"Imaginary Ventures, Debut Capital, angel investors","Being a beloved indie brand isn't a business. If you can't defend >50% gross margin with paid CAC below $60, close before you owe suppliers.",https://ideaproof.io/failure/ami-cole
10club,10Club,2020,2025,India,E-commerce / Thrasio-Style Aggregator,recent,40,$40M,,,Thrasio playbook collapsed globally; India aggregators inherited the debt without the exit path,"Fireside Ventures, DisruptAD, Sequoia India, MSCT Investments",'Buying up Amazon sellers' was a 2021 zero-rate-era thesis. Every aggregator in every market underestimated integration costs and overestimated multiples.,https://ideaproof.io/failure/10club
areteia-therapeutics,Areteia Therapeutics,2022,2025,USA,Biotech / Respiratory,major,425,$425M,$500M+ (post-money),,Phase 3 asthma studies terminated for insufficient efficacy,"Population Health Partners, Bain Capital Life Sciences, Access Industries",A $425M startup bet on a single molecule is a coin-flip. Diversify the shots on goal or pre-commit to wind-down triggers investors will actually honor.,https://ideaproof.io/failure/areteia-therapeutics
iteos-therapeutics,iTeos Therapeutics,2011,2025,Belgium,Biotech / Oncology,major,600,$600M+ (public),,,GSK terminated TIGIT partnership after negative Phase 2 lung cancer data,"Public shareholders (Nasdaq: ITOS); MPM Capital, Novo Holdings previously","Big-pharma partnerships aren't insurance. GSK, Merck and Roche have all walked away from TIGIT programs. If your thesis is 'partner data will validate us,' the partner's decision terminates you.",https://ideaproof.io/failure/iteos-therapeutics
mythic-therapeutics,Mythic Therapeutics,2018,2025,USA,Biotech / ADC Oncology,recent,180,$180M,,,Bridge round failed; single ADC clinical trial terminated for funding reasons,"Venrock, Viking Global, Rock Springs, Cowen Healthcare Investments","A single-asset biotech's Series C is the last cheque. If Phase 1/2 data isn't remarkable, don't expect a Series D at any price.",https://ideaproof.io/failure/mythic-therapeutics
inspirna,Inspirna,2014,2025,USA,Biotech / Oncology,recent,210,$210M,,,Failed to raise Phase 3 funding; folded before pivotal trial,"Deerfield Management, Cormorant Asset Management, Woodline Partners","If you can't fund the Phase 3 you designed, the design was wrong. Downsize the trial or partner years earlier.",https://ideaproof.io/failure/inspirna
sensei-biotherapeutics,Sensei Biotherapeutics,1999,2025,USA,Biotech / Immuno-Oncology,recent,130,$130M+ (public),,,Dropped sole clinical program to conserve remaining cash before shell status,"Public shareholders (Nasdaq: SNSE); Cormorant, RA Capital previously","If you're a $30M-market-cap public biotech that just failed a readout, don't burn what's left. Return cash, become a shell, or reverse-merge.",https://ideaproof.io/failure/sensei-biotherapeutics
thegist-ai,theGist,2021,2025,Israel,AI / Productivity,recent,7,$7M,,,"Product commoditized by native features in Slack, Google Workspace and ChatGPT","Zeev Ventures, angel investors","If your product summarizes Slack or Gmail, Slack and Gmail will summarize themselves within 12 months. Choose a defensible wedge or die on the platform update.",https://ideaproof.io/failure/thegist-ai
dot-new-computer,Dot (New Computer),2022,2025,USA,AI / Consumer Companion,recent,12,$12M,,,Consumer AI companion market couldn't sustain subscription retention,"OpenAI Startup Fund, Andreessen Horowitz","Companion apps have Tinder-like uninstall rates. If your product depends on emotional connection with a chatbot, expect 90% churn at day 30.",https://ideaproof.io/failure/dot-new-computer
chimoney,Chimoney,2020,2026,Canada / Nigeria,Fintech / Cross-Border Payments,recent,1,$1M,,,Under-capitalized global payments infrastructure with weak distribution,"Techstars, angel investors","Global payments infrastructure is a $50M-minimum business. A $1M seed can't win licences, banking partners or distribution simultaneously.",https://ideaproof.io/failure/chimoney
medial,Medial,2023,2026,India,Social Networking,recent,1.5,$1.5M,,,Couldn't monetize a 500k-user social network before capital ran out,"Shark Tank India investors, Peak XV alumni angels","500k users is not a business. Consumer social with no ads, no subscription and no marketplace ends when the seed runs out — every time.",https://ideaproof.io/failure/medial
humane-ai,Humane,2018,2025,USA,Consumer Hardware/AI,recent,240,$240M,$850M,250,Product-market fit collapse; laser-projector wearable rejected by reviewers,"Kindred Ventures, Marc Benioff, Sam Altman, Microsoft, LG, SoftBank, Tiger Global",A hardware moonshot needs a job that a phone cannot already do better. The AI Pin lost every side-by-side comparison against a smartphone.,https://ideaproof.io/failure/humane-ai
fisker-inc,Fisker Inc.,2016,2024,USA,Electric Vehicles,recent,1900,$1.9B,$7.8B,1300,"Manufacturing chaos, software failures, and cash burn on the Ocean SUV","Louis Bacon, Apollo, Public markets (SPAC)",Contract-manufacturing an EV without owning software integration is a recipe for recall hell. Second-time founders are not automatic proof of execution.,https://ideaproof.io/failure/fisker-inc
cruise-robotaxi,Cruise (Robotaxi),2013,2024,USA,Autonomous Vehicles,recent,10000,$10B+,$30B,4000,"Regulatory revocation, safety incident cover-up, and $2B+ annual burn shut by GM","General Motors, SoftBank Vision Fund, Honda, Microsoft, T. Rowe Price","Autonomy is a decade-plus, capital-black-hole problem. When a single incident and a cover-up destroy regulator trust, no amount of parent-company cash can restart the flywheel.",https://ideaproof.io/failure/cruise-robotaxi
lilium,Lilium,2015,2025,Germany,eVTOL / Air Mobility,recent,1500,$1.5B,$3.3B,1000,Insolvency after German government refused €100M loan guarantee; ducted-fan design never certified,"Tencent, Baillie Gifford, LGT, Atomico, Frank Thelen, Public markets (SPAC)","Betting the company on a technically ambitious design and a single government backstop is not a strategy. Certification, not renderings, is the eVTOL moat.",https://ideaproof.io/failure/lilium
volocopter,Volocopter,2011,2024,Germany,eVTOL / Air Mobility,recent,650,€600M+,€1.7B,500,Insolvency after failing to certify VoloCity before Paris 2024 and running out of runway,"Geely, Daimler, Intel Capital, BlackRock, DB Schenker","""Launch at the Olympics"" is a marketing plan, not a certification plan. Missing a hyped date destroyed Volocopter's ability to raise the next round.",https://ideaproof.io/failure/volocopter
bench-accounting,Bench Accounting,2012,2024,Canada,SMB Fintech / Bookkeeping,recent,113,$113M,$220M,600,Cash crunch and negative unit economics on bundled human bookkeeping; assets acquired by Employer.com,"Bain Capital Ventures, Shopify, Altos Ventures, iNovia, Sage",Human-labor SaaS looks like SaaS on the surface until you look at gross margin. Bench's margins never supported its growth spend.,https://ideaproof.io/failure/bench-accounting
2u-inc,2U Inc.,2008,2024,USA,EdTech / OPM,recent,1100,$1.1B+ debt & equity,$5B+ market cap,4000,Chapter 11 after Online Program Manager revenue-share model collapsed under university pushback and Dept. of Ed rules,"Bessemer, Redpoint, Highland Capital, Public markets","Regulatory arbitrage is not a business model. When the US Department of Education signals it will kill your revenue share, your equity has already been destroyed.",https://ideaproof.io/failure/2u-inc
invitae,Invitae,2010,2024,USA,Genetic Testing / Digital Health,recent,1500,$1.5B+ equity & debt,$9.8B market cap,3400,Chapter 11 after unsustainable land-grab pricing on genetic tests and $1.5B ArcherDX acquisition debt,"ARCH Venture Partners, Genesys Capital, SoftBank, Public markets",Buying market share by pricing tests below cost only works if you find profitable adjacencies before the debt bill comes due. Invitae never did.,https://ideaproof.io/failure/invitae
cano-health,Cano Health,2009,2024,USA,Value-Based Primary Care,recent,1500,$1.5B+ debt & equity,$4.4B,6000,Chapter 11 after acquisition-led expansion left it with $1B+ debt and negative cash flow,"InTandem Capital, Barry Sternlicht, Dan Loeb Third Point, Public markets (SPAC)","Roll-up healthcare growth funded by debt is not ""value-based care"" — it is leverage waiting for a rate cycle to end it.",https://ideaproof.io/failure/cano-health
nikola-motor,Nikola Corporation,2015,2025,USA,Hydrogen Trucks / EVs,recent,3000,"$3B+ equity, debt & SPAC",$27B market cap,1000,"Chapter 11 after years of fraud fallout, truck fires, and unsustainable cash burn on hydrogen infrastructure","Public markets (SPAC), CNH Industrial, Bosch, Iveco",Fraud at inception is a debt to reputation that keeps compounding. Even after Milton's conviction Nikola never recovered institutional trust.,https://ideaproof.io/failure/nikola-motor
bowery-farming,Bowery Farming,2015,2024,USA,Vertical Farming / AgTech,recent,700,$700M,$2.3B,750,Chapter 7 liquidation after vertical-farm unit economics never worked at scale,"GV, GGV, Fidelity, Temasek, General Catalyst","Growing lettuce indoors at grocery-shelf prices is a physics problem, not a software problem. Every VC-backed vertical farm has hit the same wall.",https://ideaproof.io/failure/bowery-farming
plenty-farms,Plenty,2014,2025,USA,Vertical Farming / AgTech,recent,940,$940M,$1.9B,500,Chapter 11 after strawberry pivot with Driscoll's failed to close unit-economics gap,"SoftBank Vision Fund, Jeff Bezos, Walmart, Driscoll's",Pivoting from lettuce to strawberries did not fix vertical-farming physics; it only bought Plenty one more round of runway.,https://ideaproof.io/failure/plenty-farms
ghost-autonomy,Ghost Autonomy,2017,2024,USA,Autonomous Vehicles,recent,220,$220M,~$800M,110,Shutdown after failing to secure automaker deals and pivoting away from a viable ADAS wedge,"Founders Fund, Khosla Ventures, Coatue, Sutter Hill, OpenAI Startup Fund",OEMs do not buy revolutionary autonomy from tiny startups. Ghost died the moment it stopped selling to automakers on their terms.,https://ideaproof.io/failure/ghost-autonomy
vroom-inc,Vroom,2013,2024,USA,Online Used Cars,recent,1000,$1B+ equity & debt,$5B market cap,3600,Wound down used-vehicle business after Carvana priced it out and unit economics collapsed,"T. Rowe Price, General Catalyst, Public markets",Being the #2 online used-car dealer during a rate cycle is the same as being dead. Vroom just took longer to realize it than the market.,https://ideaproof.io/failure/vroom-inc
getir,Getir,2015,2024,Turkey,Instant Grocery Delivery,recent,2400,$2.4B+,$11.8B,32000,"Retreated from US, UK, Germany, Netherlands, Portugal, Spain, Italy in 2024 after 10-minute grocery model collapsed","Mubadala, Sequoia, Tiger Global, Alkeon",Ten-minute grocery delivery is a marketing product that never generated ten-minute-grocery economics. The category compressed to zero in the West.,https://ideaproof.io/failure/getir
bird-scooters,Bird Global,2017,2023,USA,Micromobility / Scooters,recent,883,$883M,$2.5B via SPAC,800,"Chapter 11 after scooter unit economics, city permit costs and de-SPAC public listing destroyed the business","Sequoia, Accel, Index, CDPQ, Tusk Ventures, Public markets (SPAC)",Being first in scooters was never a moat. Bird burned through nearly $900M proving that shared-scooter unit economics do not work at VC-required growth rates.,https://ideaproof.io/failure/bird-scooters
bereal-social,BeReal,2020,2024,France,Social Media,major,90,$90M,$630M,100,"Engagement collapse, no monetization, sold at fire-sale price","Andreessen Horowitz, Accel, DST Global, New Wave",Viral hype is not a moat. A single-feature social app without monetization or daily engagement durability becomes worthless within 18 months.,https://ideaproof.io/failure/bereal-social
getir-delivery,Getir,2015,2024,Turkey,Q-Commerce / Delivery,mega,2300,$2.3B,$11.8B,32000,"Burnt cash on unit economics that never worked outside Turkey, ZIRP collapse","Mubadala, Sequoia, Tiger Global, Silver Lake, Alkeon","Hyper-local 10-minute delivery is a structurally unprofitable category outside dense, low-wage markets. Geographic expansion multiplied losses instead of revenue.",https://ideaproof.io/failure/getir-delivery
maple-food-delivery,Maple,2014,2017,USA,Food Delivery,notable,29,$29M,$115M,250,Negative unit economics on $12 meals with full vertical integration,"Greenoaks Capital, Thrive Capital, David Chang, Bono","Owning the kitchen, the food, the riders and the customer all at once gives you control but also concentrates every loss. Vertical integration is not a strategy in low-margin categories.",https://ideaproof.io/failure/maple-food-delivery
jibo-robot,Jibo,2012,2019,USA,Consumer Robotics,notable,73,$73M,$80M,100,"Three-year shipping delay, $899 price point, undercut by Alexa and Google Home","RRE Ventures, CRV, Acer, Fenox Venture Capital","Hardware timelines are unforgiving. If you take three years to ship, the market you launched into will not exist when you arrive.",https://ideaproof.io/failure/jibo-robot
vine-app,Vine,2012,2017,USA,Social Video,major,30,Acquired pre-launch by Twitter for ~$30M,n/a (subsidiary),50,"Twitter neglect, failed to monetize creators, lost talent to Instagram and YouTube","Twitter (acquirer, October 2012)",Owning the creators is more important than owning the format. Vine invented short-form video and lost it because it never paid them.,https://ideaproof.io/failure/vine-app
yik-yak-social,Yik Yak,2013,2017,USA,Anonymous Social,major,73.5,$73.5M,$400M,50,"Toxic content drove users away, then a pivot to identity killed what was left","Sequoia Capital, DCM, Azure Capital, Renren","Anonymity drives both growth and abuse. If your community moderation can't scale faster than your user base, the platform poisons itself.",https://ideaproof.io/failure/yik-yak-social
compass-real-estate,Compass,2012,2022,USA,PropTech / Real Estate,mega,1500,$1.5B,$8B (IPO),5000,Brokerage with software paint never earned tech multiples; 90%+ value destruction post-IPO,"SoftBank Vision Fund, Fidelity, Wellington, Goldman Sachs",Calling yourself a tech company doesn't change your unit economics. Compass paid traditional brokerage commissions while spending tech-company money on software and recruiting.,https://ideaproof.io/failure/compass-real-estate
the-messenger-media,The Messenger,2023,2024,USA,Digital Media,major,50,$50M,n/a (private),300,Burned $50M in 8 months on a nonviable ad-supported general-news model,Jimmy Finkelstein and undisclosed private investors,You cannot launch a large general-interest news publisher on advertising in 2023. The category economics are broken and no amount of senior hires can fix that.,https://ideaproof.io/failure/the-messenger-media
gorillas-delivery,Gorillas,2020,2022,Germany,Q-Commerce / Delivery,major,1300,$1.3B,$2.1B,14000,Unprofitable dark-store model in Western Europe; absorbed by larger loss-maker,"DST Global, Tencent, Coatue, Atlantic Food Labs, Delivery Hero",Being the fastest in a category with broken unit economics just gets you to bankruptcy first.,https://ideaproof.io/failure/gorillas-delivery
sprig-food,Sprig,2013,2017,USA,Food Delivery,notable,57,$57M,$110M,175,Vertically integrated meal delivery at $12 price points lost money on every order,"Greylock Partners, Accel Partners, Social+Capital, Battery Ventures","If your kitchen, your menu, your couriers and your app are all in-house, every single failure point is yours. In food delivery, that math doesn't work.",https://ideaproof.io/failure/sprig-food
bright-health,Bright Health,2016,2023,USA,Health Insurance,mega,2400,$2.4B,$11B (IPO),2800,Catastrophic underwriting losses; forced to sell core insurance business to survive,"Bessemer Venture Partners, NEA, Greenspring, Tiger Global, Blackstone",Disrupting insurance with a tech UX doesn't help if your actuarial models are wrong. Bright underpriced risk by hundreds of millions every year.,https://ideaproof.io/failure/bright-health
opendoor-losses,Opendoor,2014,2022,USA,PropTech / iBuying,mega,1500,$1.5B,$20B,1900,Algorithm overpaid for homes in a falling market; lost ~$2B in 2022 alone,"SoftBank, GV, Khosla Ventures, NEA, Access Industries","When your business is buying assets and reselling them, mispricing risk by even 2% is catastrophic at scale. Opendoor's algorithm was wrong in exactly the wrong direction.",https://ideaproof.io/failure/opendoor-losses
23andme-decline,23andMe,2006,2025,USA,Consumer Genomics / Biotech,mega,1400,$1.4B,$6B,800,One-time DNA test had no recurring revenue; drug-discovery pivot failed; 2023 data breach destroyed trust,"Google Ventures, Sequoia, NEA, Johnson & Johnson, Richard Branson",A consumer product without recurring revenue is not a business. 23andMe sold a one-time spit kit to 14M people and never figured out what to do next.,https://ideaproof.io/failure/23andme-decline
essential-phone,Essential Products,2015,2020,USA,Consumer Hardware / Smartphones,notable,330,$330M,$1B,120,"Late launch, weak reviews, founder scandal, Apple/Samsung/Chinese OEM lock on the premium segment","Andy Rubin, Tencent, Foxconn, Redpoint Ventures, Amazon Alexa Fund","The premium Android segment is closed. A new entrant needs more than a famous founder and good industrial design — it needs distribution, ecosystem and a roadmap the competition can't beat.",https://ideaproof.io/failure/essential-phone
flink-delivery,Flink,2020,2024,Germany,Q-Commerce / Delivery,mega,1300,$1.3B,$5B,11000,Burned through capital on the same broken 10-minute delivery model as Gorillas and Getir,"Mubadala, Prosus, REWE Group, Bond, DoorDash, Tiger Global","Being the 'last one standing' in a category that doesn't work isn't survival, it's just a slower exit.",https://ideaproof.io/failure/flink-delivery
zulily-second-closure,Zulily,2009,2023,USA,E-commerce / Flash Sales,major,138,$138M (pre-IPO) + 2015 sale to QVC,$9B (public 2014),3300,Flash-sales model lost to Amazon Prime; two waves of failure ending in liquidation,"Maveron, Andreessen Horowitz, August Capital","If your differentiator is 'cheaper than retail' in a world where Amazon is already cheaper than retail with two-day delivery, you don't have a business.",https://ideaproof.io/failure/zulily-second-closure
honestbee,Honestbee,2015,2019,Singapore,On-demand/Grocery,major,75,$75M,,,Unsustainable Unit Economics,"Formation 8, Pavilion Capital, Brian Koo",Singapore's grocery-and-laundry on-demand pioneer expanded across SEA on $75M then ran out of cash with internal allegations of governance failures.,https://ideaproof.io/failure/honestbee
pomelo-pay-troubles,iPrice Group (Wind-Down),2014,2023,Singapore,E-commerce/Aggregator,notable,25,$25M,,,Margin Compression & SEO Risk,"Line Ventures, Asia Venture Group, Gobi Partners","SEA price-comparison aggregator iPrice raised US$25M then largely wound down as marketplaces (Lazada, Shopee) cut affiliate payouts.",https://ideaproof.io/failure/pomelo-pay-troubles
vouch-singapore,Vouch (Wind-Down),2016,2023,Singapore,Hospitality/SaaS,notable,11,$11M,,,Post-COVID Demand & Margin,"Wavemaker Partners, Pavilion Capital",Singapore hotel-SaaS Vouch raised US$11M then wound down as Asian hotel-tech budgets failed to recover post-COVID.,https://ideaproof.io/failure/vouch-singapore
carousell-down-round,Carousell (Down Round & Layoffs),2012,2023,Singapore,Marketplace,notable,400,$400M,$1.1B,,Path to Profitability Pressure,"Naver, STIC Investments, Telenor",Singapore unicorn Carousell laid off 10% of staff and accepted flat/down rounds as classifieds margins remained elusive.,https://ideaproof.io/failure/carousell-down-round
tradedepot-failure,Mfine Singapore (Wind-Down),2017,2023,Singapore,Healthtech,notable,60,$60M,,,Post-COVID Demand Collapse,"SBI Investment, Beenext, Stellaris Venture Partners",Singapore-headquartered telehealth Mfine raised US$60M during COVID then heavily downsized as Asian telehealth demand normalized.,https://ideaproof.io/failure/tradedepot-failure
vroom,Vroom,2013,2024,USA,AutoTech/E-commerce,major,720,$720M,$5B (2021),3900,Unit economics never worked online,"T. Rowe Price, General Catalyst, L Catterton, AutoNation","Selling used cars fully online sounds like a Carvana copy — but without the reconditioning throughput, it's just an unprofitable middleman.",https://ideaproof.io/failure/vroom
casper,Casper Sleep,2014,2022,USA,DTC/Consumer,major,340,$340M,$1.1B (2019),650,CAC caught up with LTV in a commodity category,"IVP, NEA, Norwest, Lerer Hippeau, Target",A DTC 'lifestyle brand' becomes a mattress retailer the moment Facebook CPMs rise and 200 copycats appear.,https://ideaproof.io/failure/casper
wag-labs,Wag!,2015,2024,USA,Marketplace/Pet,notable,361,$361M,$650M (2018),250,Two-sided marketplace beaten by Rover,"SoftBank Vision Fund, General Catalyst, Sherpa Capital","SoftBank capital can subsidize demand, but not fix a marketplace losing to a better-loved incumbent.",https://ideaproof.io/failure/wag-labs
blue-apron,Blue Apron,2012,2023,USA,Meal Kits/DTC,major,194,$194M (pre-IPO),$1.9B (2017 IPO),5000,Rising CAC and churn in a commodity category,"Bessemer, First Round, Fidelity, Stripes",A subscription business only works when reactivation is cheaper than acquisition — meal kits proved neither.,https://ideaproof.io/failure/blue-apron
groupon,Groupon,2008,2024,USA,E-commerce/Marketplace,mega,1350,$1.35B (pre-IPO),$16.6B (2011 IPO),12000,Daily-deals model was structurally deflationary,"Accel, NEA, Kleiner Perkins, DST Global, Andreessen Horowitz",Selling merchants deep discounts trains customers to expect them and burns brand equity twice.,https://ideaproof.io/failure/groupon
zume-pizza,Zume,2015,2023,USA,FoodTech/Robotics,major,500,$500M+,$2.25B (2018),300,Robot pizza that never worked,SoftBank Vision Fund,"SoftBank writing a $375M check does not mean the product exists — hardware, mobility and food safety all must actually work.",https://ideaproof.io/failure/zume-pizza
anki,Anki,2010,2019,USA,Consumer Robotics,notable,200,$200M,$1B+ (2017),200,Consumer robotics burn out cash before scale,"Andreessen Horowitz, Index Ventures, Two Sigma",Beloved products die when a follow-on round doesn't close — consumer hardware needs 3+ years of runway per SKU.,https://ideaproof.io/failure/anki
essential-products,Essential Products,2015,2020,USA,Consumer Electronics,notable,330,$330M,$1B (2017),120,Late launch into a saturated smartphone market,"Redpoint, Access Technology Ventures, Tencent, Foxconn, Amazon",'Android founder makes new Android phone' isn't a value proposition to consumers — Samsung and Apple already own the shelf.,https://ideaproof.io/failure/essential-products
coolest-cooler,Coolest Cooler,2014,2019,USA,Consumer Products,notable,19,$13.3M (Kickstarter) + $6M outside,N/A,50,Crowdfunding record couldn't overcome manufacturing math,"36,000+ Kickstarter backers",A wildly successful Kickstarter can lock you into a per-unit price that guarantees losing money on every backer reward.,https://ideaproof.io/failure/coolest-cooler
juul-labs,Juul Labs,2015,2022,USA,Consumer/Vaping,mega,14000,$14B+ (incl. Altria),$38B (Dec 2018),3900,Regulatory and litigation collapse of youth-vaping business,"Altria (35% stake at $12.8B), Fidelity, Tiger Global","If your growth relies on regulatory ambiguity and teen usage, the reckoning is only a matter of time — and it destroys everything.",https://ideaproof.io/failure/juul-labs
hampton-creek,Hampton Creek / JUST,2011,2017,USA,FoodTech,notable,220,$220M,$1.1B (2016),200,Governance scandal and mass board resignation,"Khosla Ventures, Horizons Ventures, Founders Fund","When the board resigns en masse, the story is not the product — it's the founder.",https://ideaproof.io/failure/hampton-creek
powa-technologies,Powa Technologies,2007,2016,UK,Payments/Retail Tech,major,225,$225M,$2.7B (2015),200,Growth theater masking near-zero revenue,"Wellington Management, Otigo, ChinaNet Online Holdings",A $2.7B valuation on nine-figure funding is worthless if the underlying revenue was closer to $4M than $40M.,https://ideaproof.io/failure/powa-technologies
made-com,Made.com,2010,2022,UK,Furniture/DTC,major,100,$100M (pre-IPO),£775M (2021 IPO),700,Long lead times and inflation broke the model,"Level Equity, PROfounders, Partech",A working-capital-intensive furniture business collapses instantly when shipping costs 5x and consumer demand halves.,https://ideaproof.io/failure/made-com
clinkle,Clinkle,2011,2017,USA,Fintech/Payments,notable,30,$30M+,N/A (private),60,Hype and founder drama with no shipping product,"Andreessen Horowitz, Peter Thiel, Marc Benioff, Richard Branson",A record seed round is a liability if you can't ship — every month past launch date compounds distrust.,https://ideaproof.io/failure/clinkle
shyp,Shyp,2013,2018,USA,Logistics/On-demand,notable,62,$62M,$250M (2015),210,$5 flat rate priced below true cost,"Kleiner Perkins, Sherpa Ventures, Homebrew","Charging a flat $5 to pick up, pack and ship anything guarantees losing money — you just don't know how much until you're big enough to matter.",https://ideaproof.io/failure/shyp
aereo,Aereo,2010,2014,USA,Media/Streaming,notable,97,$97M,$400M (2013),100,Supreme Court ruling killed the business overnight,"IAC (Barry Diller), Highland Capital, FirstMark Capital","If your entire business depends on a legal loophole, one Supreme Court decision is a company-ending event.",https://ideaproof.io/failure/aereo
jibo,Jibo,2012,2019,USA,Consumer Robotics,notable,72,$72M,~$100M,100,Late shipment into a $199 Amazon Echo world,"RRE Ventures, CRV, Fenox, Osage University","If your $899 product ships three years late into a category defined by a $199 competitor, the reviews don't save you.",https://ideaproof.io/failure/jibo
the-messenger,The Messenger,2023,2024,USA,Digital Media/News,notable,50,$50M,N/A,300,Ad-supported news at scale is not a business in 2024,Jimmy Finkelstein and other private backers,Launching a general-interest news brand in a Google/Facebook duopoly and betting on programmatic ads is a nine-figure bet on a dying model.,https://ideaproof.io/failure/the-messenger
vine,Vine,2012,2017,USA,Social/Video,major,30,Acquired pre-launch by Twitter for $30M,~$1B (est.),40,Parent company neglect while TikTok caught up,Twitter (acquirer),Being acquired by a distracted parent can be worse than shutting down — you die slowly with a bigger audience watching.,https://ideaproof.io/failure/vine
cazoo,Cazoo,2018,2024,UK,AutoTech/E-commerce,mega,2000,$2B+,$8B (Aug 2021),4500,SPAC-fueled expansion into a car market that didn't work online,"General Catalyst, D1 Capital, DST, Fidelity, Draper Esprit",The UK's biggest DTC unicorn couldn't overcome the reality that Britons still want to sit in a car before buying it.,https://ideaproof.io/failure/cazoo
babylon-health,Babylon Health,2013,2023,UK,HealthTech/Telemedicine,mega,1200,$1.2B+,$4.2B (Oct 2021),3200,US value-based care expansion buried the AI-triage story,"Kinnevik, Vostok New Ventures, PIF, ERGO Group",Buying a US value-based-care book of business is a very expensive way to prove your AI triage isn't the business.,https://ideaproof.io/failure/babylon-health
britishvolt,Britishvolt,2019,2023,UK,CleanTech/Batteries,major,400,$400M+,~£1B (implied),300,Gigafactory ambition without customers or expertise,"Glencore, Ashtead, private investors",Announcing a £3.8B gigafactory before signing OEM offtake is theater — and theater doesn't fund payroll.,https://ideaproof.io/failure/britishvolt
ovo-mobile,OVO Mobile,2015,2024,UK,Telecom/MVNO,notable,40,~$40M,~$100M,80,MVNO margins can't survive UK price wars,Private and strategic UK investors,"Selling mobile plans as a UK MVNO means competing with EE, O2 and Sky at their marginal cost of a SIM — an unwinnable game.",https://ideaproof.io/failure/ovo-mobile
deliveroo-australia,Deliveroo Australia,2015,2022,UK/Australia,Food Delivery,major,1800,Part of Deliveroo Group's $1.8B+,N/A (subsidiary),120,Third-place player exit in three-cornered market,"Amazon (parent-level), Deliveroo Group public shareholders","In a three-cornered marketplace, third place doesn't earn profit — it earns the exit press release.",https://ideaproof.io/failure/deliveroo-australia
sidecar-rideshare,Sidecar,2011,2015,USA,Rideshare/Delivery,notable,39,$39M,~$100M,90,Outspent by Uber and Lyft in the same city,"Google Ventures, Union Square Ventures, Lightspeed",Being first in a marketplace doesn't help if two better-funded competitors can subsidize both sides longer than you can.,https://ideaproof.io/failure/sidecar-rideshare
wework,WeWork,2010,2023,USA,Real Estate/Coworking,mega,22000,$22B+,$47B (Jan 2019),15000,Overvaluation & Governance Failure,"SoftBank, Benchmark, JP Morgan, T. Rowe Price, Fidelity",Confusing a real estate arbitrage business for a tech company enabled a $47B fantasy valuation that collapsed to bankruptcy in 4 years.,https://ideaproof.io/failure/wework
theranos,Theranos,2003,2018,USA,HealthTech/Biotech,mega,945,$945M,$9B (2015),800,Fraud & Technology That Never Worked,"Rupert Murdoch, Betsy DeVos, Walton family, Larry Ellison, Tim Draper",Silicon Valley 'fake it till you make it' collapses on contact with regulated healthcare — biological reality does not bend to press releases.,https://ideaproof.io/failure/theranos
quibi,Quibi,2018,2020,USA,Media/Streaming,mega,1750,$1.75B,$1.75B,,No Product-Market Fit,"Disney, Alibaba, NBCUniversal, Sony, Viacom, JP Morgan, Goldman Sachs",Raising $1.75B before shipping guarantees you build the wrong product with no way to pivot.,https://ideaproof.io/failure/quibi
juicero,Juicero,2013,2017,USA,Consumer Hardware,notable,118,$118.5M,~$270M,175,Solution In Search Of a Problem,"Kleiner Perkins, Google Ventures, Campbell Soup",A $400 WiFi-enabled press for juice packs you can squeeze by hand isn't innovation — it's the parody of Silicon Valley excess.,https://ideaproof.io/failure/juicero
moviepass,MoviePass,2011,2020,USA,Entertainment/SaaS,major,100,$100M+,$800M (HMNY parent),,Unsustainable Unit Economics,Helios and Matheson Analytics (parent),Charging $9.95/month for a benefit that cost ~$40/month per user was not growth — it was subsidized customer acquisition at company-lethal scale.,https://ideaproof.io/failure/moviepass
pets-com,Pets.com,1998,2000,USA,E-commerce/Pet,major,110,$110M,$300M,,Dot-Com Era Overexpansion,"Amazon, Hummer Winblad Venture Partners",Selling 20lb bags of dog food below cost with free shipping in 1999 was less a business than a marketing budget with legs.,https://ideaproof.io/failure/pets-com
webvan,Webvan,1996,2001,USA,E-commerce/Grocery,mega,800,$800M,$8.7B (peak market cap),,Overexpansion Ahead of Demand,"Sequoia, Benchmark, Softbank, Goldman Sachs, Yahoo",Building 26 automated warehouses before proving one worked is the textbook dot-com self-immolation.,https://ideaproof.io/failure/webvan
solyndra,Solyndra,2005,2011,USA,CleanTech/Solar,mega,1100,$1.1B (incl. $535M DOE loan),~$2B (private),1100,Cost Curve Beat by Chinese Silicon,"US DOE, Argonaut Private Equity, Redpoint, USVP",Betting a hardware startup on commodity prices staying high is a bet against manufacturing gravity — Chinese silicon PV crushed the math.,https://ideaproof.io/failure/solyndra
jawbone,Jawbone,1999,2017,USA,Consumer Hardware/Wearables,mega,930,$930M,$3.2B (2014),550,"Outcompeted by Apple, Fitbit and Xiaomi","Andreessen Horowitz, Sequoia, Khosla, Kleiner Perkins","Raising $930M as a consumer hardware company chasing three losing categories (Bluetooth headsets, speakers, wearables) is a lesson in strategic drift.",https://ideaproof.io/failure/jawbone
homejoy,Homejoy,2010,2015,USA,On-Demand/Services,major,40,$40M,~$200M,,Bad Unit Economics + Worker Misclassification,"Google Ventures, Redpoint, First Round, Andreessen Horowitz","Subsidizing house cleaning at $19 introductory prices attracts one-time users, not a repeat customer base.",https://ideaproof.io/failure/homejoy
beepi,Beepi,2013,2017,USA,Automotive/Marketplace,major,149,$149M,$560M,,Overspending + Poor Unit Economics,"Foundation Capital, SherpaVentures, Fabrice Grinda",Renting a $1.5M office and paying employees Tesla lease bonuses before proving margins is how you incinerate $149M.,https://ideaproof.io/failure/beepi
munchery,Munchery,2010,2019,USA,Food Delivery,major,125,$125M,$300M,,Poor Unit Economics + Massive Food Waste,"Menlo Ventures, Sherpa Capital, Sherpa Ventures",Cooking meals speculatively for hoped-for orders throws real food in the trash for hypothetical revenue.,https://ideaproof.io/failure/munchery
kozmo,Kozmo.com,1998,2001,USA,Delivery/Convenience,major,280,$280M,~$500M,,Free 1-Hour Delivery of $3 Items,"Amazon, Starbucks, Softbank, Chase Capital Partners",Free 1-hour delivery of a Snickers bar was never a business — it was an era.,https://ideaproof.io/failure/kozmo
boo-com,Boo.com,1999,2000,UK,E-commerce/Fashion,major,135,$135M,~$390M,,Premature Global Launch + Overbuilt Tech,"JP Morgan, Bain Capital, Bernard Arnault, Benetton",Launching in 18 countries and 7 languages simultaneously with rich 3D on 56k modems in 1999 is dot-com hubris in one sentence.,https://ideaproof.io/failure/boo-com
fab-com,Fab.com,2010,2015,USA,E-commerce/Design,major,336,$336M,$1B,700,Pivot Whiplash + Discount Addiction,"Andreessen Horowitz, Tencent, Menlo Ventures, Baroda Ventures",Pivoting from a gay social network to flash-sale design retailer to full-price marketplace to just-sell-us-please burns capital and customer trust.,https://ideaproof.io/failure/fab-com
rdio,Rdio,2010,2015,USA,Music Streaming,major,125,$125M,~$500M,,Outmarketed by Spotify,"Skype founders Janus Friis and Niklas Zennström, Mangrove Capital",Better UI and taste didn't outweigh Spotify's distribution deal with Facebook and freemium acquisition machine.,https://ideaproof.io/failure/rdio
napster-original,Napster (1999),1999,2002,USA,Music/P2P,major,130,$130M,~$1B,,Legal Injunctions Killed Product,"Hummer Winblad, Bertelsmann",Building a business on the world's largest infringement of copyrighted music was operating below the law until the law caught up.,https://ideaproof.io/failure/napster-original
katerra,Katerra,2015,2021,USA,Construction Tech,mega,2000,$2B,$4B,8000,Vertical Integration Overreach,"SoftBank Vision Fund, Foxconn, Greenoaks",Trying to redesign every step of a construction supply chain simultaneously guarantees losing money on every step.,https://ideaproof.io/failure/katerra
convoy,Convoy,2015,2023,USA,Freight/Marketplace,mega,1100,$1.1B,$3.8B (2022),,Freight Recession Killed Take Rates,"Generation Investment, Baillie Gifford, Bezos Expeditions, Y Combinator",Freight brokerage is a commodity margin business — a $3.8B valuation required a bull market that didn't come.,https://ideaproof.io/failure/convoy
fast-app,Fast,2019,2022,USA,Fintech/Checkout,major,124,$124M,~$500M,,Revenue Miss + Founder Spending,"Stripe, Index Ventures",A $124M-funded checkout startup with $600k annual revenue is a marketing budget with press releases.,https://ideaproof.io/failure/fast-app
blockbuster,Blockbuster,1985,2010,USA,Retail/Entertainment,mega,1500,Public company,$8.4B (2002),84300,Disrupted by Netflix + Streaming,Public markets; Viacom (parent 1994-2004),Turning down a $50M offer to buy Netflix in 2000 goes in the textbook next to Blockbuster's Chapter 11 filing.,https://ideaproof.io/failure/blockbuster
toys-r-us,Toys 'R' Us,1948,2018,USA,Retail,mega,6600,Public + PE LBO,~$11B (peak market cap),64000,LBO Debt + Amazon Disruption,KKR/Bain/Vornado LBO 2005,A $6.6B leveraged buyout in 2005 saddled Toys R Us with $400M annual interest right as Amazon began eating retail.,https://ideaproof.io/failure/toys-r-us
digg,Digg,2004,2012,USA,Social/Media,notable,45,$45M,$200M,,Botched v4 Redesign,"Highland Capital, Greylock, Omidyar Network",A community-first product rebuilt against user protest can lose 50% of active users in a month.,https://ideaproof.io/failure/digg
grooveshark,Grooveshark,2006,2015,USA,Music Streaming,notable,1,$1M,,,Copyright Litigation,Small angels,Uploading unlicensed music to your own service and then arguing DMCA safe harbor never survives contact with major labels.,https://ideaproof.io/failure/grooveshark
yik-yak,Yik Yak,2013,2017,USA,Social/Anonymous,notable,74,$74M,~$400M,,Anonymity Enabled Abuse; Removed = No Product,"Sequoia, DCM, Azure Capital, Renren",Anonymous location-based apps generate viral growth and abusive content at the same rate — moderation costs became existential.,https://ideaproof.io/failure/yik-yak
segway-inc,Segway (2001-2020),1999,2020,USA,Personal Transportation,major,100,$100M+,,,Hype vs Reality Gap,"Kleiner Perkins, Credit Suisse First Boston","A product Steve Jobs said would 'reshape cities' at $5,000 apiece sold fewer units in a decade than iPhones do in a day.",https://ideaproof.io/failure/segway-inc
path,Path,2010,2018,USA,Social Networking,notable,74,$74M,~$500M,,Failed to Grow Against Facebook + Instagram,"Kleiner Perkins, Index, Redpoint",A private social network capped at 150 friends couldn't beat Facebook's unlimited graph or Instagram's public content.,https://ideaproof.io/failure/path
secret-app,Secret,2013,2015,USA,Social/Anonymous,notable,35,$35M,~$100M,,Anonymity Turned Toxic Fast,"Google Ventures, Kleiner Perkins, Index",An anonymous app that raised $25M with insiders selling secondary shares before the growth story broke — then burned out in 16 months.,https://ideaproof.io/failure/secret-app
myspace,MySpace,2003,2011,USA,Social Networking,major,580,News Corp $580M acq,$12B (2007 offer),,Culture + Product Failure vs Facebook,News Corp (acquirer 2005),News Corp bought MySpace for $580M in 2005 and sold it for $35M in 2011 — a 94% loss and Rupert Murdoch's biggest internet miss.,https://ideaproof.io/failure/myspace
friendster,Friendster,2002,2015,USA,Social Networking,notable,50,$50M,~$500M,,Technical Debt + Focus Loss,"Kleiner Perkins, Benchmark","Friendster invented the social graph and pivoted to gaming, then to social discovery, then died — while MySpace and Facebook won.",https://ideaproof.io/failure/friendster
compass-coffee,The Messenger,2023,2024,USA,Media/News,recent,50,$50M,N/A,,Ad Revenue Miss + Executive Overhire,"Josh Kushner-backed, ex-Newsmax execs","Jimmy Finkelstein's centrist news site raised $50M in 2023, hired 275 people, and closed 10 months later after ~$25M revenue.",https://ideaproof.io/failure/compass-coffee
byte-app,Byte / Clash,2019,2023,USA,Social/Video,recent,5,$5M+,N/A,,TikTok Owned the Category,Independent + Betaworks,Vine's founder Dom Hofmann tried twice to revive short-form video against TikTok and lost both times.,https://ideaproof.io/failure/byte-app
google-plus,Google+,2011,2019,USA,Social Networking,major,,Internal Google,N/A,,Ghost Town + Data Breach,Google (internal),A social network that measured success by force-integration with Gmail rather than user desire folded after one preventable API breach.,https://ideaproof.io/failure/google-plus
ghostruck,GhostRuck / Zirx / others,2013,2016,USA,On-Demand Parking/Delivery,notable,45,$45M+,N/A,,On-Demand Boom Bust,"Trinity, DFJ, Bessemer","The 2015 'uber-for-X' cohort — Zirx (parking), GhostRuck (moving), Prim (laundry) — collapsed together as SoftBank money receded.",https://ideaproof.io/failure/ghostruck
theranos-doorway,Cue Health,2010,2024,USA,HealthTech/Diagnostics,recent,700,$700M+,$2.4B,,Post-COVID Demand Collapse + FDA Warning,"Koch Disruptive Technologies, ACME Capital, Decheng Capital",COVID-era demand for at-home testing masked a diagnostics business without a real everyday use case.,https://ideaproof.io/failure/theranos-doorway
brandless,Brandless,2016,2020,USA,E-commerce/Consumer,major,292,$292M,$500M,,Poor Repeat + High CAC,"SoftBank, GV, Redpoint, NEA",Selling everything for $3 doesn't scale a consumer packaged goods business — it just discounts the CAC into oblivion.,https://ideaproof.io/failure/brandless
scoot-networks,Scoot Networks,2011,2020,USA,Mobility/Scooter,notable,47,$47M,$100M,,Unit Economics + Acquisition Whiplash,"Vision Ridge Partners, Scott Banister",Bird acquired Scoot for $25M in 2019 and shuttered US operations 2020 amid COVID — completing the on-demand mobility collapse.,https://ideaproof.io/failure/scoot-networks
nuvia-oops,Better Place,2007,2013,Israel/USA,CleanTech/EV,mega,850,$850M,$2.25B,,Battery-Swap Model Failed,"HSBC, Morgan Stanley, VantagePoint","A $200,000-per-station battery-swap network needed EV volumes that Nissan Leaf and one Renault deal couldn't produce.",https://ideaproof.io/failure/nuvia-oops
nikola-motors,Nikola Motors,2015,2025,USA,EV/Trucking,mega,2000,$2B+,$34B,,Founder Fraud + Product Delays,VectoIQ SPAC public,Trevor Milton's rolling-truck video demo turned into a securities fraud conviction and a company bankruptcy five years later.,https://ideaproof.io/failure/nikola-motors
juul-recall,Juul (partial),2015,2022,USA,Consumer/Vape,mega,14000,$14B raised/valuation loss,$38B,,FDA Marketing Denial + Litigation,Altria (35% stake $12.8B),A $38B startup that had Altria buy 35% for $12.8B and then wrote it down to zero as FDA restricted marketing.,https://ideaproof.io/failure/juul-recall
alikolo,Alikolo,2014,2015,Indonesia,e-Commerce,notable,0.1,$100K,,,Lack of vision and experience,Unknown,"Founders must maintain a clear vision, understand their competitive advantage, and retain sufficient ownership to steer the company's direction and secure future funding.",https://ideaproof.io/failure/alikolo
appiterate,Appiterate,2013,2015,United States,Marketing/Mobile Marketing,notable,0.5,$500K,,,Acquired by larger company,Unknown,"Successful acquisition can be a positive outcome for a startup, especially when a larger company sees value in its specialized technology and market position to expand its own offerings.",https://ideaproof.io/failure/appiterate
37coins,37Coins,2014,2015,United States,Finances/Bitcoin Technologies,notable,0.525,$525K,,,"Lack of funds, unreliable technology",Unknown,"Even with an innovative idea, inadequate capital and challenges in core technology implementation can quickly lead to a startup's demise.",https://ideaproof.io/failure/37coins
admazely,Admazely,2011,2013,Denmark,Marketing,notable,,$600K,,,"Lack of funds, key team departures",Unknown,"Securing sufficient funding and retaining key talent are crucial for a startup's survival, especially in the early stages.",https://ideaproof.io/failure/admazely
aria-insights,Aria Insights,2008,2019,United States,Software & Hardware,major,39,$39M,,,"Ahead of market demand, founder departure",Unknown,"Don't build solutions for problems that don't exist on a large enough scale for monetization, and be wary of significant strategic pivots.",https://ideaproof.io/failure/aria-insights
arsdigita,ArsDigita,1997,2001,United States,e-Commerce,major,35,$35M,,,"Inexperienced leadership, mismanagement, misguided product changes",Unknown,"Founders must maintain control and strategic vision, especially when bringing in external leadership, to avoid losing focus on core strengths and mismanaging resources.",https://ideaproof.io/failure/arsdigita
bitpass,BitPass,2002,2007,United States,Finances/Micropayments,notable,13.3,$13.3M,,,Unable to compete with free alternatives,Unknown,"Disruptive technology with a strong value proposition can quickly render established business models obsolete, especially when free alternatives emerge.",https://ideaproof.io/failure/bitpass
brisk,Brisk,2012,2016,Sweden,Marketing,notable,0.137,$137K,,,"Lack of focus, unclear market fit",Unknown,Broad customization and failing to define a clear customer persona led to product unfocus and ultimately prevented Brisk from finding a sustainable market fit.,https://ideaproof.io/failure/brisk
call9,Call9,2015,2019,United States,Health,major,34,$34M,,,"Unsustainable business model, rapid expansion",Unknown,"A novel business model requiring significant behavioral change in a regulated industry like healthcare, especially one that directly impacts physician compensation, faces immense uphill battles and requires robust financial planning.",https://ideaproof.io/failure/call9
argyle-social,Argyle Social,2010,2014,United States,Marketing,notable,1.6,$1.6M,,,"Intense competition, insufficient funding, API changes",Unknown,"Even with a good product, intense competition and external platform changes can quickly deplete resources and lead to failure without sufficient funding or effective adaptation.",https://ideaproof.io/failure/argyle-social
auctionata,Auctionata,2012,2017,Germany,e-Commerce,major,95.5,$95.5M,,,"Legal challenges, unethical practices, mismanagement",Unknown,"Ethical conduct and transparent management are crucial for long-term trust and investor confidence, as a lack thereof can lead to legal issues and ultimately, business failure.",https://ideaproof.io/failure/auctionata
99dresses,99dresses,2010,2014,Australia,e-Commerce,notable,,$105.7K,,,"Low revenue, technical debt, poor management",Unknown,Early-stage startups need to ensure a viable business model from the start and prepare for necessary technical and management growth to sustain operations and scale effectively.,https://ideaproof.io/failure/99dresses
circa,Circa,2011,2015,United States,News/Mobile App,notable,4.7,$4.7M,,,"Lack of funds, unsustainable model",Unknown,"Even innovative news models struggle without a clear, sustainable revenue path, especially when giants can easily replicate and outcompete with established resources.",https://ideaproof.io/failure/circa
crowdmix,Crowdmix,2013,2016,United Kingdom,Music,notable,19,£14M,,,"Mismanagement of funds, lack of vision",Unknown,"Extravagant spending and lack of product focus can quickly deplete funds, even with significant investment.",https://ideaproof.io/failure/crowdmix
desti,Desti,2011,2014,United States,Travel,notable,2,$2M,,,Bad business model with poor revenue generation,Unknown,"Even innovative technology needs a strong, viable business model to generate revenue and survive against established competitors.",https://ideaproof.io/failure/desti
design-inc,Design Inc.,2016,2017,United States,Design,notable,2.3,$2.3M,,,"Bad business model, market saturation",Unknown,"Focus on core business essentials, validate assumptions, and continuously optimize the product while fostering experimentation within the team.",https://ideaproof.io/failure/design-inc
berg,Berg,2005,2014,United Kingdom,IoT / Hardware / Cloud Platform,notable,1.3,$1.3M,,,No market need & high price,Unknown,Even innovative products require a clear market need and a justifiable price point for sustained success.,https://ideaproof.io/failure/berg
delicious,Delicious,2003,2017,United States,Productivity,notable,,No Data,,,Acquisition Flu,Unknown,"Acquisition by powerful companies can stifle innovation and lead to neglect, allowing competitors to overtake the market.",https://ideaproof.io/failure/delicious
chacha,ChaCha,2005,2016,United States,Software & Hardware,major,96,$96M,,,"Competition from AI, high costs",Unknown,Manually intensive services are difficult to scale and compete with algorithmic solutions when technology advances sufficiently.,https://ideaproof.io/failure/chacha
dotcloud,dotCloud,2008,2016,United States,Software & Hardware,notable,13.7,$13.7M,,,"Parent company bankruptcy, unsustainable costs",Unknown,"Even successful pivots like Docker can lead to the original product being divested, and its ultimate fate tied to the financial health of its acquiring company.",https://ideaproof.io/failure/dotcloud
dopplr,Dopplr,2007,2013,United Kingdom,Travel/Social Network,notable,,No Data,,,Loss of value post-acquisition,Unknown,"Acquisitions can sometimes lead to a product's decline if the acquiring company fails to properly integrate or support it, alienating users and halting development.",https://ideaproof.io/failure/dopplr
eventvue,EventVue,2007,2010,United States,Community/Events,notable,,$455K,,,Lack of product-market fit,Unknown,"Even an engaging product can fail if it's a 'nice-to-have' (vitamin) rather than a 'must-have' (painkiller) solution for its primary customers, and doesn't align with their core business needs.",https://ideaproof.io/failure/eventvue
flowtab,Flowtab,2011,2013,United States,Food & Beverage,notable,,Unknown,,,"Bad business model, technological failure",Unknown,"A strong business model and robust technology are crucial for success, especially in high-volume, dynamic environments like hospitality.",https://ideaproof.io/failure/flowtab
circleback-lending,CircleBack Lending,2012,2016,United States,Finances,notable,12,$12M,,,"Bad business model, unpaid loans",Unknown,"P2P lending faces inherent risks from borrower defaults and challenges in distinguishing itself from traditional banking, requiring robust credit assessment and sustainable business models.",https://ideaproof.io/failure/circleback-lending
fab,Fab,2009,2013,United States,e-Commerce,major,336.3,$336.3M,,,"Premature scaling, losing competitive edge",Unknown,Premature scaling and attempting to replicate another company's success without a solid domestic foundation can lead to significant financial loss and loss of competitive advantage.,https://ideaproof.io/failure/fab
dinner-lab,Dinner Lab,2011,2016,United States,Food & Beverage,notable,9.1,$9.1M,,,"Unsustainable business model, operational challenges",Unknown,"A novel concept needs a scalable and sustainable business model to succeed, especially in operations-heavy industries where managing numerous variables like staff, locations, and inventory can quickly drain capital and hinder growth.",https://ideaproof.io/failure/dinner-lab
gowalla,Gowalla,2007,2013,United States,Social Media,notable,10.4,$10.4M,,,Lost to Foursquare competition,Unknown,"Focusing on a few core services and excelling at them is often more effective than trying to do too many things at once, especially when facing strong competition.",https://ideaproof.io/failure/gowalla
flud,Flud,2010,2013,United States,Productivity,notable,3.1,$3.1M,,,"Ran out of funding, high competition",Unknown,Thoroughly test your product and ensure market demand before seeking extensive media coverage to avoid losing credibility due to early technical issues and intense competition.,https://ideaproof.io/failure/flud
frankly,Frankly,2014,2016,India,Social Media,notable,0.6,$600K,,,Lack of product-market fit,Unknown,"Even with widespread demand for a product type (like video consumption), a startup can fail if it doesn't achieve sustainable product-market fit, especially when video creation is a barrier for users.",https://ideaproof.io/failure/frankly
dinnr,Dinnr,2012,2014,United Kingdom,Food & Beverage,notable,,£60K,,,No market need identified,Unknown,"Thorough market research to validate demand is crucial before launching a product, especially if similar alternatives are readily available.",https://ideaproof.io/failure/dinnr
foundationdb,FoundationDB,2009,2015,United States,Software & Hardware,major,22.7,$22.7M,,,Acquired by Apple,Unknown,"Acquisitions, especially by tech giants, can lead to the discontinuation of products or services that a community heavily relies on, disrupting an ecosystem.",https://ideaproof.io/failure/foundationdb
fuhu,Fuhu,2006,2015,United States,Software & Hardware,major,66.2,$66.2M,,,Mismanagement of funds and high burn rate,Unknown,Even highly successful companies with a popular product can fail due to severe financial mismanagement and an inability to replicate initial success.,https://ideaproof.io/failure/fuhu
formspring,Formspring,2009,2013,United States,Social Media,notable,14.3,$14.3M,,,"Cyberbullying, legal challenges, and lack of monetization",Unknown,"Anonymity without accountability can lead to severe issues like cyberbullying and legal challenges, making a platform unsustainable without a strong moderation and monetization strategy.",https://ideaproof.io/failure/formspring
glitch,Glitch,2010,2012,United States,Gaming/MMO,notable,12.2,$12.2M,,,"Bad business model, low player retention","Andreessen Horowitz, Accel Partners","Even innovative products require a viable business model, strong onboarding, and adaptation to evolving technology to achieve broad market adoption and sustainability.",https://ideaproof.io/failure/glitch
higear,HiGear,2011,2011,United States,Transportation,notable,1.3,$1.3M,,,Theft and security vulnerabilities,Unknown,Robust security and fraud prevention measures are critical for peer-to-peer platforms dealing with high-value assets to prevent significant losses and maintain business viability.,https://ideaproof.io/failure/higear
hitmeup,HitMeUp,2011,2015,United Kingdom,e-Commerce,notable,,£50K,,,"Lack of experience, poor product-market fit",Unknown,Founders must have or acquire relevant expertise and conduct thorough market validation to ensure product-market fit and effective user acquisition before scaling.,https://ideaproof.io/failure/hitmeup
hubhaus,HubHaus,2016,2020,United States,Software & Hardware,notable,13.4,$13.4M,,,Pandemic and failed Series B,Unknown,"Even with product-market fit, external macro events like a pandemic or investor sentiment shifts can devastate startups, especially those with thin margins and high growth expectations.",https://ideaproof.io/failure/hubhaus
hotels-around-you,HotelsAroundYou,2013,2017,India,Travel,notable,0.1254,$125.4K,,,Unable to compete with rivals,Unknown,New market entrants must demonstrate a strong unique value proposition to overcome established competitors and secure investor confidence for growth.,https://ideaproof.io/failure/hotels-around-you
koinex,Koinex,2017,2019,India,Finances,notable,,Unknown,,,Regulatory ban on cryptocurrency,Unknown,"Startups operating in nascent and unregulated markets face significant risks from adverse regulatory changes, which can swiftly halt operations and render a business unviable, regardless of initial success.",https://ideaproof.io/failure/koinex
kitchit,Kitchit,2011,2016,United States,Food & Beverage,notable,8.1,$8.1M,,,"Intense market competition, low margins",Unknown,Even popular services in competitive markets need strong profit margins and adaptable strategies to survive against well-funded rivals.,https://ideaproof.io/failure/kitchit
kno,Kno,2009,2013,United States,Education Software,major,94.9,$94.9M,,,Intense competition from Apple,Unknown,"Even with significant funding and a good idea, intense competition from market giants can quickly diminish a startup's chances of scaling.",https://ideaproof.io/failure/kno
houseparty,Houseparty,2011,2021,United States,Social Media,major,70.2,$70.2M,,,"Acquired, technology absorbed by Epic Games",Unknown,"Even successful apps can be shut down if they are acquired and their technology is integrated into a larger ecosystem, highlighting the risk of relying on platform-dependent features.",https://ideaproof.io/failure/houseparty
kiko,Kiko,2003,2008,United States,Productivity,notable,,$50K,,,"Bad management, delayed progress, wrong hires",Unknown,"Focus on your core product, make timely decisions, hire the right team, and involve investors for guidance.",https://ideaproof.io/failure/kiko
leap-transit,Leap Transit,2013,2015,United States,Transportation,notable,2.5,$2.5M,,,"Regulatory non-compliance, public backlash",Unknown,"Ignoring regulations and local sentiment, even for an innovative service, can lead to swift shutdown and public outcry.",https://ideaproof.io/failure/leap-transit
layervault,LayerVault,2011,2014,United States,Design,notable,,$535K,,,"Lack of funds, failed to gain traction",Unknown,"Even with a good product addressing a real need, securing sufficient funding and achieving market traction are critical for long-term survival.",https://ideaproof.io/failure/layervault
justin-tv,Justin.tv,2007,2014,United States,Social Media,notable,16.4,$16.4M,,,"Pivoted into Twitch, shut down original",Unknown,"Successful pivots can lead to entirely new, more dominant entities, even if the original brand is retired.",https://ideaproof.io/failure/justin-tv
lookery,Lookery,2007,2009,United States,Marketing,notable,3.2,$3.2M,,,Over-reliance on third-party platform,Unknown,Startups heavily reliant on another platform must diversify or be prepared for changes that could undermine their business model.,https://ideaproof.io/failure/lookery
laurel-and-wolf,Laurel & Wolf,2014,2019,United States,e-Commerce,major,25.5,$25.5M,,,"Poor operations, customer service, and culture",Unknown,"Chaotic internal operations, poor customer service, and a toxic work culture, even with significant funding, can lead to a startup's demise.",https://ideaproof.io/failure/laurel-and-wolf
move-loot,Move Loot,2013,2016,United States,e-Commerce,major,21.8,$21.8M,,,"Bad business model, premature scaling",Unknown,A strong business model and careful validation are crucial before aggressive scaling; expanding too quickly without profitability can be fatal.,https://ideaproof.io/failure/move-loot
moped,Moped,1998,2014,Germany,Social Media,notable,1,$1M,,,"No market need, outdated content",Unknown,"Even with innovative features, a social app needs consistently fresh and engaging content to attract and retain a broad user base in a competitive market.",https://ideaproof.io/failure/moped
mailbox,Mailbox,2011,2015,United States,Productivity,notable,5,$5M,,,"Acquired, then shut down due to poor integration",Unknown,Even innovative products face challenges with monetization and integration post-acquisition; a strong business model is crucial for long-term viability even after being acquired.,https://ideaproof.io/failure/mailbox
matterfab,MatterFab,2013,2019,United States,Software & Hardware,notable,13.2,$13.2M,,,"Poor management, high burn rate, market shift","GE, AutoDesk","Even with significant funding and a promising vision, a startup needs stable and experienced leadership, a sustainable burn rate, and adaptability to a rapidly evolving competitive landscape to succeed.",https://ideaproof.io/failure/matterfab
optier,OpTier,2002,2014,United States,Enterprise Software,major,118.1,$118.1M,,,Lack of product-market fit (PMF),Unknown,"Continuously adapt your product to evolving market demands and technological shifts, even if it requires significant investment and re-positioning.",https://ideaproof.io/failure/optier
lumos,Lumos,2014,2015,India,IoT / Smart Home,notable,,No Data,,,Lack of expertise and product-market fit,Unknown,"Founders must deeply understand their target market, product costs, and industry expertise before launching a hardware company, and seek mentorship to avoid common pitfalls.",https://ideaproof.io/failure/lumos
netscape,Netscape,1994,2008,United States,Productivity,notable,,No Data,,,Intense competition from Microsoft,Unknown,"Even with a groundbreaking product and early market leadership, relentless competition from a dominant tech giant can lead to obsolescence and acquisition.",https://ideaproof.io/failure/netscape
navdy,Navdy,2013,2018,United States,Transportation,major,41.8,$41.8M,,,"Saturated market, poor product-market fit, high costs",Unknown,"Even with substantial funding, a high price point and products that don't meet customer needs in a saturated market can lead to failure.",https://ideaproof.io/failure/navdy
parse,Parse,2011,2016,United States,Software & Hardware,notable,7,$7M,,,Acquisition led to loss of focus,Unknown,"Acquisitions can lead to a shift in strategic priorities for the acquiring company, potentially sidelining or shutting down the acquired product if it doesn't align with evolving goals.",https://ideaproof.io/failure/parse
musically,Musical.ly,2014,2018,China,Social Media,major,150.4,$150.4M,,,Acquired and merged into TikTok,ChinaRock Capital Management,"Even highly successful and popular platforms can be absorbed by larger competitors, highlighting the importance of long-term strategic positioning beyond initial user growth.",https://ideaproof.io/failure/musically
polimobile,PoliMobile,2011,2015,United States,Marketing,notable,,Unknown,,,"No market need, unwilling to pay",Unknown,"Thoroughly validate market demand and willingness to pay before building a product, as even good technology can fail without paying customers.",https://ideaproof.io/failure/polimobile
poliana,Poliana,2013,2015,United States,Analytics,notable,0.015,$15K,,,"Low market demand, bad business model",Unknown,"Thorough market research and product validation are crucial to ensure demand exists for your offering before investing heavily in development, and be open to pivoting business models if initial attempts fail.",https://ideaproof.io/failure/poliana
qbotix,QBotix,2010,2015,United States,Software & Hardware,major,23.5,$23.5M,,,Competitor efficiency surpassed innovation,Unknown,Even innovative technology can fail if competitor improvements make established solutions more cost-effective and market adoption is slower than expected.,https://ideaproof.io/failure/qbotix
postrocket,PostRocket,2010,2013,United States,Marketing Tech/Social Media Marketing,notable,,$610K,,,"Poor product, unreliable, Facebook competition",Unknown,Startups relying heavily on a major platform must adapt quickly to platform changes and anticipate direct competition from the platform itself.,https://ideaproof.io/failure/postrocket
quirky,Quirky,2009,2015,United States,Community-led invention platform / Consumer Products,major,185.3,$185.3M,,,"Burned cash, failed to sell enough products","Andreessen Horowitz, Kleiner Perkins, General Electric","Even with significant funding, a large community, and innovative ideas, a company must still achieve strong product sales and manage finances effectively to avoid bankruptcy.",https://ideaproof.io/failure/quirky
radar-radio,Radar Radio,2008,2018,United Kingdom,Entertainment,notable,,Unknown,,,"Mismanagement, allegations of exploitation",Unknown,"Ignoring serious allegations of exploitation and misconduct, coupled with financial mismanagement, can quickly dismantle even a vibrant and promising venture.",https://ideaproof.io/failure/radar-radio
monitor110,Monitor110,2003,2008,United States,Analytics,notable,17.3,$17.3M,,,"Lack of clear leadership, product delays",Unknown,"Even with substantial funding, a lack of clear leadership and delaying product release for perfection over customer feedback can doom a startup, especially in competitive markets.",https://ideaproof.io/failure/monitor110
rafter,Rafter,2006,2016,United States,Education,major,86,$86M,,,"Evolving market, direct publisher access",Unknown,"Even innovative solutions can be made obsolete by technological advancements and shifting market dynamics, highlighting the need for continuous adaptation.",https://ideaproof.io/failure/rafter
reach-ly,Reach.ly,2011,2015,Latvia,Analytics,notable,,€200K,,,"Mixed ideas, bad tech, no market fit, bad team",Unknown,"Mixing previous business ideas with new ventures, overspending on unvalidated technology, and building a team without diverse skills and passion can lead a startup to fail, regardless of funding.",https://ideaproof.io/failure/reach-ly
rethinkdb,RethinkDB,2009,2016,United States,Software & Hardware,notable,12.2,$12.2M,,,Lack of product-market fit,Unknown,"Even with a technically strong product, failing to understand customer needs for features, availability, and pricing models can lead to product-market fit issues and ultimately, failure.",https://ideaproof.io/failure/rethinkdb
schoolgennie,SchoolGennie,2013,2014,India,Education,notable,,Unknown,,,Lack of market fit and experience,Unknown,"Thoroughly test product-market fit early, engage with experienced mentors, and avoid delaying product release to chase 'perfection' over an MVP.",https://ideaproof.io/failure/schoolgennie
pixate,Pixate,2012,2016,United States,Design,notable,3.8,$3.8M,,,Acquired and shut down by Google,Unknown,Acquisition by a larger tech giant can lead to product shutdown if the acquiring company decides to re-align resources.,https://ideaproof.io/failure/pixate
seven-dreamers-laboratories,Seven Dreamers Laboratories,2014,2019,Japan,Robotics,major,95,$95M,,,"Overpriced, low-value product",Unknown,"Even with advanced technology and significant funding, a product must offer real value and meet customer expectations at a reasonable price to succeed.",https://ideaproof.io/failure/seven-dreamers-laboratories
salorix,Salorix,2009,2014,United States,Analytics,notable,3.5,$3.5M,,,Investor disagreement over acquisition,Unknown,"Founders must align with investors on critical strategic decisions, especially regarding acquisition offers, to maintain financial support.",https://ideaproof.io/failure/salorix
sharingear,Sharingear,2014,2015,Denmark,Music,notable,,€15K,,,"Small market, unsustainable model, poor fit",Unknown,"Focusing on a niche market with a low-commission model can lead to unsustainability if not carefully scaled, despite a perceived need.",https://ideaproof.io/failure/sharingear
shipbeat,Shipbeat,2014,2016,Denmark,e-Commerce,notable,1.2,€1.2M,,,Lack of carrier cooperation,Unknown,"Even with a good idea, securing critical partnerships is paramount, especially when your business model relies heavily on incumbents or third-party infrastructure.",https://ideaproof.io/failure/shipbeat
rewardme,RewardMe,2010,2015,United States,Marketing,notable,1.1,$1.1M,,,"Premature scaling, ran out of funds",Unknown,Avoid premature scaling and excessive spending before solidifying product-market fit and a sustainable business model.,https://ideaproof.io/failure/rewardme
shuddle,Shuddle,2014,2016,United States,Transportation,notable,12.2,$12.2M,,,"Poor execution, safety concerns, financial mismanagement",Unknown,"Even with a strong market need, poor service quality, financial mismanagement, and safety concerns can quickly lead to a startup's downfall.",https://ideaproof.io/failure/shuddle
roomstonite,RoomsTonite,2014,2017,India,Travel / Hotel Booking,notable,1.5,$1.5M,,,"Lack of funds, failed fundraising",Unknown,"Securing committed funding is crucial; even announced funding can fall through, leading to operational struggles and shutdown.",https://ideaproof.io/failure/roomstonite
sidecar,Sidecar,2011,2015,United States,Transportation,major,45.5,$45.5M,,,Outcompeted by market leaders,Unknown,"Even with superior technology, inadequate marketing and insufficient funding to compete with giants can lead to a startup's demise.",https://ideaproof.io/failure/sidecar
sip,Sip,2018,2019,United States,Tech News / Productivity,notable,,Nothing,,,"Timing, content strategy, user acquisition",Unknown,"Even with an established platform's backing, a product can fail if it doesn't offer unique value, struggles with user acquisition, and faces stiff competition.",https://ideaproof.io/failure/sip
sellanapp,SellanApp,2012,2015,The Netherlands,App Development Crowdfunding,notable,,$961.1K,,,Partnership issues and lack of focus,Unknown,"Founders must maintain strong communication and a clear vision, evolving the business model when necessary rather than constantly seeking new funding without strategic changes.",https://ideaproof.io/failure/sellanapp
shipitwise,Shipitwise,2016,2019,Estonia,Transportation,notable,,€419.4K,,,"No market need, industry resistance",Unknown,Even a technologically advanced solution won't succeed if the target industry is unwilling to adopt new practices or perceives it as a threat to their existing profitable models.,https://ideaproof.io/failure/shipitwise
skully,Skully,2013,2016,United States,Transportation,notable,15,$15M,,,Mismanagement of funds and fraud,Unknown,"Even with innovative technology and significant funding, gross mismanagement of funds and alleged fraud by leadership can lead to a startup's downfall, disappointing thousands of customers.",https://ideaproof.io/failure/skully
sunrise,Sunrise,2012,2016,France,Productivity,notable,8.2,$8.2M,,,Bad business model (hard to monetize),Unknown,"Even popular apps can struggle if they operate in a market segment that is inherently difficult to monetize and has a low barrier to entry, often facing free competition.",https://ideaproof.io/failure/sunrise
springpad,Springpad,2008,2014,United States,Productivity,notable,7.3,$7.3M,,,"Lack of focus, competition, no monetization",Unknown,"Even with a good product, a lack of clear monetization and focus, coupled with strong competition, can lead to failure.",https://ideaproof.io/failure/springpad
tilt,Tilt,2012,2017,United States,Finances,major,62.1,$62.1M,,,"Lack of focus, overspending",Unknown,"Even with substantial funding, a lack of focus on sustainable business practices and excessive spending can lead to a rapid decline and acquisition for a fraction of a company's valuation.",https://ideaproof.io/failure/tilt
teforia,Teforia,2014,2017,United States,Food & Beverage,notable,17.1,$17.1M,,,No market need for expensive tea brewer,Unknown,"Even innovative products require a clear market need and demonstrable value proposition that justifies the price point, especially for everyday items like tea.",https://ideaproof.io/failure/teforia
tink-labs,Tink Labs,2012,2019,Hong Kong,Travel Tech,major,160,$160M,,,Unsustainable growth at all costs,"FIH Mobile, Cai Wensheng, Sinovation Ventures, SoftBank","Aggressive growth without sustainable unit economics leads to rapid cash burn and eventual collapse, even with significant funding.",https://ideaproof.io/failure/tink-labs
stratolaunch,Stratolaunch,2010,2019,United States,Transportation,notable,,Unknown,,,Loss of founder vision and focus,Vulcan Inc.,"A strong founder's vision is crucial for ambitious projects, and its absence can lead to a loss of direction and eventual failure, even with significant capital.",https://ideaproof.io/failure/stratolaunch
selltag,Selltag,2014,2015,Spain,e-Commerce,notable,,€325K,,,"Insufficient buyers, failed to pivot",Unknown,Ensure a balance between supply (sellers) and demand (buyers) and be prepared to pivot or upgrade features to maintain user engagement.,https://ideaproof.io/failure/selltag
transpose,Transpose,2015,2015,United States,Productivity,notable,1.5,$1.5M,,,Bad business model,Unknown,Shifting a product's core strategy and introducing new pricing without adequate market validation can lead to an unsustainable business model and failure to retain users.,https://ideaproof.io/failure/transpose
stereomood,Stereomood,2009,2015,Italy,Music,notable,,No Data,,,"Acquired, business discontinued",Unknown,Niche music streaming platforms struggled to compete with established giants like Spotify without a unique monetization strategy.,https://ideaproof.io/failure/stereomood
turntable-fm,Turntable.fm,2011,2013,United States,Music,notable,7,$7M,,,"Unsustainable business model, high costs",Unknown,"A compelling user experience must be supported by a financially sustainable business model, especially when dealing with high operational costs like music licensing.",https://ideaproof.io/failure/turntable-fm
tutorspree,Tutorspree,2010,2013,United States,Education/Tutoring Marketplace,notable,1.8,$1.8M,,,"Bad marketing, competitive market, impractical vision",Unknown,"Even with significant funding and a good idea, poor marketing, strong competition, and an impractical business model can lead to failure in a competitive market.",https://ideaproof.io/failure/tutorspree
verelo,Verelo,2012,2012,Canada,Analytics,notable,,No Data,,,Inadequate funding and traction,Unknown,"Even with an innovative product, securing sufficient funding and establishing market traction are crucial, especially when facing stiff competition, to avoid a quick acquisition or shutdown.",https://ideaproof.io/failure/verelo
wattage,Wattage,2014,2015,Canada,Software & Hardware,notable,,$200K,,,No market need or traction,Unknown,"Thoroughly validate market interest and gain traction before extensive development, as investors need proof of demand beyond technical feasibility.",https://ideaproof.io/failure/wattage
utrip,Utrip,2012,2019,United States,Travel/AI Travel Planning,notable,6,$6M,,,"High costs, acquisition failed, patent dispute","Acorn Ventures, Tiempo Capital, Apple executives, Costco executives","Even with personalization and partnerships, high operational costs and unforeseen legal hurdles, like patent disputes, can quickly derail a promising startup.",https://ideaproof.io/failure/utrip
vreal,Vreal,2015,2019,United States,Entertainment/Virtual Reality,notable,15,$15M,,,Bad timing; VR market too nascent,"Axioma Ventures, Upfront Ventures, Intel Capital","Launching a product far ahead of market readiness, especially in emerging technologies, can lead to failure even with significant funding and a skilled team, as market adoption dictates success.",https://ideaproof.io/failure/vreal
totsy,Totsy,2009,2013,United States,e-Commerce,major,29.5,$29.5M,,,"Economy recovery, business model obsolete",Unknown,Business models tied to specific economic downturns can become obsolete as market conditions improve and original value propositions disappear.,https://ideaproof.io/failure/totsy
wantful,Wantful,2011,2013,United States,e-Commerce,notable,5.5,$5.5M,,,"Stiff e-commerce competition, failed investment",Unknown,"Even with an innovative initial product, entering a saturated market without clear differentiation or sustained growth can lead to failure when competing with established players for investment.",https://ideaproof.io/failure/wantful
wow-air,WOW Air,2011,2019,Iceland,Transportation,notable,,Unknown,,,"Overexpansion, high debt, poor strategy",Unknown,"Aggressive scaling without solid financial footing and market understanding, especially in a competitive low-margin industry, can lead to rapid collapse.",https://ideaproof.io/failure/wow-air
yogome,Yogome,2010,2018,Mexico,Education/Gaming,major,36.5,$36.5M,,,"Founder fraud, manipulated user data",Unknown,"Founders must maintain transparency and integrity; fraud, especially data manipulation, can quickly destroy a company regardless of market conditions or funding.",https://ideaproof.io/failure/yogome
wesabe,Wesabe,2005,2010,United States,Finances,notable,4.7,$4.7M,,,"Poor data aggregation, bad UX, competitor Mint",Unknown,"Prioritize user experience and core functionality, like data aggregation, to stay competitive, even if it means partnering with external providers.",https://ideaproof.io/failure/wesabe
zoomo,Zoomo,2014,2016,India,Transportation,notable,6,$6M,,,"Immature market, complex business model",Unknown,"Even with funding and a good team, a business model can fail if the target market is not mature enough or ready for the proposed solution.",https://ideaproof.io/failure/zoomo
xueba100,Xueba100,2013,2020,China,EdTech,major,100,$100M,,,"Unsustainable unit economics, hyper-competition","SIG, Qiming",Marketplace liquidity and sustainable unit economics are crucial; competition and failure to differentiate can quickly burn through funding.,https://ideaproof.io/failure/xueba100
qkids,Qkids,2015,2021,China,EdTech,major,100,$100M,,,Catastrophic regulatory ban on foreign education,IDG Capital,Businesses heavily reliant on regulatory arbitrage face existential risk; regulatory changes can be swift and unhedgeable.,https://ideaproof.io/failure/qkids
gobee-bike,Gobee.bike,2017,2018,Hong Kong,Consumer/Micromobility,notable,9,$9.0M,,,"Poor unit economics, high theft/vandalism",Unknown,"Asset-heavy businesses like bike-sharing with high theft/vandalism risks require deposits, closed ecosystems, or significant accountability to succeed.",https://ideaproof.io/failure/gobee-bike
xinja,Xinja,2017,2020,Australia,Fintech / Neobank,major,146.7,$146.7M,,,"Unsustainable business model, mismanaged funds",Unknown,A strong customer base is meaningless without a viable and sustainable business model that generates revenue and profit.,https://ideaproof.io/failure/xinja
zirtual,Zirtual,2011,2015,United States,Software & Hardware,notable,5.5,$5.5M,,,Mismanagement of funds and rapid scaling,Unknown,Even successful and in-demand businesses can fail due to poor financial management and scaling too quickly without proper oversight.,https://ideaproof.io/failure/zirtual
xiaoming-bike,Xiaoming Bike,2016,2018,China,Industrials,notable,15,$15M,,,Insufficient capital in winner-take-all market,Unknown,"In capital-intensive, winner-take-all markets, underfunding is often fatal, as achieving necessary scale and density requires significant upfront investment.",https://ideaproof.io/failure/xiaoming-bike
magic-ears,Magic Ears,2016,2021,China,EdTech,major,50,$50M,,,Regulatory changes and unsustainable economics,ZhenFund,EdTech platforms in regulated markets face existential risks from policy shifts and must maintain sustainable unit economics.,https://ideaproof.io/failure/magic-ears
teebeedee,TeeBeeDee,2007,2009,United States,Social Media,notable,4.8,$4.8M,,,"Bad business model, low user engagement",Unknown,Targeting a niche demographic for a social network requires understanding their specific needs and integrating features beyond general social interaction to ensure consistent engagement and a viable business model.,https://ideaproof.io/failure/teebeedee
hujiang-china,Hujiang,2001,2021,China,EdTech,major,187,$187M,,,"Unsustainable unit economics, IPO failure","Baidu, SIG China","Vanity metrics like 190M users are meaningless without sustainable unit economics and profitability, leading to collapse despite massive funding and long operation.",https://ideaproof.io/failure/hujiang-china
dadaabc-china,DaDaABC,2013,2021,China,EdTech,major,863,$863M,,,Government regulation banned for-profit K12 tutoring,"Tiger Global, Warburg Pincus",Regulatory risk in authoritarian markets is binary; diversification or acceptance of total loss is crucial.,https://ideaproof.io/failure/dadaabc-china
17zuoye,17zuoye,2011,2021,China,EdTech,major,585,$585M,,,Regulatory ban on for-profit tutoring,"DST Global, Temasek","Operating in regulated or authoritarian markets carries unhedgeable risks, as government policy can unilaterally destroy even successful businesses.",https://ideaproof.io/failure/17zuoye
wukong-rental,Wukong Rental,2014,2024,China,Consumer/Marketplace,major,70,$70.0M,,,"Unsustainable unit economics, trust deficit, operational complexity",Unknown,Physical goods marketplaces require high geographic density and robust trust mechanisms to overcome operational complexities and achieve sustainable unit economics.,https://ideaproof.io/failure/wukong-rental
huohua-siwei,Huohua Siwei,2016,2021,China,EdTech,major,593,$593M,,,Regulatory crackdown on industry,"Tencent, GGV Capital, KKR","Regulatory risk is existential in markets with strong state control, especially in strategically important and socially sensitive sectors like education.",https://ideaproof.io/failure/huohua-siwei
koolearn,Koolearn,2005,2021,China,EdTech,major,164,$164M,,,Regulatory crackdown on private education,Tencent,"Regulatory risk, particularly in sensitive sectors like education, healthcare, and fintech, is a core business risk, not a tail risk, and must be thoroughly integrated into business models and strategic planning.",https://ideaproof.io/failure/koolearn
codemao-china,CodeMao,2015,2021,China,EdTech,major,360,$360M,,,Government regulatory crackdown on EdTech,"Hillhouse Capital, Baring PE","Regulatory risk, especially in politically sensitive sectors and authoritarian markets, can be an existential threat, demanding geographic diversification and adaptable business models.",https://ideaproof.io/failure/codemao-china
weidai-china-p2p,Weidai,2011,2023,China,Financial & Fintech,major,110,$110M,,,Regulatory crackdown on P2P lending,"Crystal Stream, Unknown","Regulatory risk is existential for financial services startups, especially in nascent or gray-area industries; seemingly permissive environments can quickly become hostile.",https://ideaproof.io/failure/weidai-china-p2p
chuming,Chuming,2000,2021,China,Communication Services,major,67,$67M,,,"Platform displacement, failed technology evolution",Unknown,"Even long-lived companies risk failure if they cannot adapt their technology and business model to rapidly changing market paradigms, especially in competitive super-app ecosystems.",https://ideaproof.io/failure/chuming
thunder-power,Thunder Power,2015,2024,China,Automotive / Electric Vehicles,major,100,$100M,,,"Underestimated capital, complex auto manufacturing",Unknown,Automotive manufacturing requires vast capital and expertise; $100M is often insufficient to transition from concept to mass production.,https://ideaproof.io/failure/thunder-power
changingedu,Changingedu,2014,2021,China,EdTech,major,188,$188M,,,Regulatory changes and flawed unit economics,"IDG Capital, Sequoia China","Unit economics must be viable at a small scale before raising significant capital and pursuing rapid growth, especially in regulated industries.",https://ideaproof.io/failure/changingedu
qianhe-china,Qianhe,2014,2019,China,Financials/Fintech,major,100,$100M,,,"Regulatory crackdown, systemic operational failures, poor risk management",Unknown,"Regulatory arbitrage is not a sustainable business model in sensitive sectors like finance; governments will eventually close loopholes, requiring robust risk management and compliance.",https://ideaproof.io/failure/qianhe-china
orbital-express,Orbital Express,2016,2026,Denmark,Logistics/Quick-commerce,major,120,$120M,,,"Unsustainable unit economics, intense competition","Heartcore Capital, BGF, Octopus",Capital-intensive quick-commerce requires positive unit economics from early stages to survive fierce competition and prevent cash burn.,https://ideaproof.io/failure/orbital-express
yuanfudao,Yuanfudao,2012,2021,China,EdTech,major,4100,$4.1B,,,Government regulation banned industry,"Tencent, Warburg Pincus, IDG Capital",Regulatory risk in authoritarian markets is binary and unhedgeable; diversify geographically from day one to avoid total exposure to policy shifts.,https://ideaproof.io/failure/yuanfudao
baqi,Baqi,2016,2023,China,AgTech/Marketplace,major,38,$38M,,,"Unsustainable unit economics, capital intensive","GGV Capital, Source Code Capital","Prove unit economics at small scale before raising significant capital and scaling geographically in capital-intensive, low-margin businesses.",https://ideaproof.io/failure/baqi
hantoo-china,Hantoo,2016,2022,China,Hospitality/Budget Hotels,major,55,$55M,,,"Competitive pressure, operational execution issues","Ctrip, Tencent","Avoid competing in saturated markets where competitors have irrational capital, and ensure strategic alignment with parent companies to prevent execution gaps.",https://ideaproof.io/failure/hantoo-china
buzzer-usa,Buzzer,2020,2023,USA,Sports Streaming,major,44,$44M,,,Unsustainable sports content rights economics,"Sapphire Sport, Michael Jordan","In media, content rights are the ultimate moat; technology alone cannot overcome restrictive and expensive licensing in sports streaming.",https://ideaproof.io/failure/buzzer-usa
lekee-china,Lekee,2015,2021,China,Information Technology/SaaS (B2B),major,42,$42M,,,"Unsustainable unit economics, ecosystem lock-in","IDG Capital, Matrix Partners","In low-margin, high-touch B2B industries, ecosystem lock-in often beats best-of-breed products, making unsustainable unit economics a fatal flaw.",https://ideaproof.io/failure/lekee-china
bridgetech-china,Bridgetech China,2021,2025,China,Health Care / SaaS (B2B),major,140,$140M,,,Regulatory & go-to-market execution,C-Bridge Capital,"In China's healthcare B2B market, institutional trust and government relations often matter more than technology alone.",https://ideaproof.io/failure/bridgetech-china
dadao-china,Dadao,2015,2024,China,Real Estate / PropTech,major,115,$115M,,,Mismatched business model with market reality,"Sequoia China, Matrix Partners","Marketplaces in low-frequency, high-value B2B transactions require significantly better unit economics and liquidity than consumer-focused platforms.",https://ideaproof.io/failure/dadao-china
lekee-china-2,Lekee China,2015,2021,China,Information Technology,major,42,$42M,,,Unsustainable unit economics in low-margin SaaS,"IDG Capital, Matrix Partners","In low-margin industries, ecosystem lock-in from large platforms often beats best-of-breed point solutions unless unit economics are exceptionally strong.",https://ideaproof.io/failure/lekee-china-2
yiguo-e-commerce,Yiguo E-commerce,2005,2020,China,E-commerce/Fresh Produce,major,900,$900M,,,"Poor unit economics, capital-intensive expansion","Alibaba, KKR, Goldman Sachs","Prove unit economics at a small scale before rapid geographic expansion, especially in capital-intensive, low-margin businesses like fresh food delivery.",https://ideaproof.io/failure/yiguo-e-commerce
xiaohe-china,Xiaohe,2020,2023,China,Healthcare/Telemedicine,major,150,$150M,,,"Regulatory crackdown, competition, unit economics","Alibaba Health, Ant Group",Regulatory risk is existential in heavily regulated industries like healthcare; build compliance and strong government relationships before scaling.,https://ideaproof.io/failure/xiaohe-china
yunniao-logistics-china,Yunniao Logistics,2014,2021,China,Industrials/Logistics,major,210,$210M,,,"Competitive compression, unsustainable unit economics","Sequoia China, Matrix Partners","Marketplace businesses in commoditized industries require exclusive supply or demand to build moats, as coordination efficiency alone is not enough for defensibility.",https://ideaproof.io/failure/yunniao-logistics-china
zesty-usa,Zesty,2013,2018,USA,Consumer/Food Delivery Marketplace,major,20,$20M,,,Unsustainable marketplace unit economics,"Y Combinator, Index Ventures","Marketplace businesses require strong unit economics from the outset, or a clear, rapid path to profitability, avoiding reliance on unsustainable transaction subsidies.",https://ideaproof.io/failure/zesty-usa
sleek-usa,Sleek USA,2019,2023,USA,Financial & Fintech,notable,10,$10M,,,"Late entry, undifferentiated, market correction","Tiger Global, Westly Group","Timing and differentiation are critical in saturated markets, especially during economic downturns.",https://ideaproof.io/failure/sleek-usa
fermata-israel,Fermata,2019,2024,Israel,Agtech/Biotech,notable,5,$5.0M,,,Ran out of capital before commercial viability,"Precision Capital, Kibbutz Ketura","Deep-tech biotech startups have non-negotiable, high capital requirements that must be planned for the entire journey to commercial viability, not just initial milestones.",https://ideaproof.io/failure/fermata-israel
nirvana-usa,Nirvana,2019,2024,USA,Fintech / Insurtech,major,25,$25M,,,"Misread market, complex insurance infrastructure","Inspired Capital, Eniac Ventures","The embedded finance playbook for payments does not easily transfer to the highly complex, regulatory fragmented, and high-consideration world of insurance.",https://ideaproof.io/failure/nirvana-usa
gogohire,Gogohire,2014,2020,USA,Information Technology/HR Tech,notable,2,$2M,,,"Commoditization, weak product differentiation, crowded market","Y Combinator, 500 Global",Feature parity is a death trap in enterprise SaaS; products must define and deliver 10x better value to stand out in competitive markets.,https://ideaproof.io/failure/gogohire
24quan,24quan,2010,2013,China,Consumer/Daily Deals,notable,10,$10M,,,Undifferentiated competition and subsidy war,Vertex Ventures,Subsidies are not a moat; burning cash to acquire price-sensitive customers creates zero defensibility and is unsustainable in hyper-competitive markets.,https://ideaproof.io/failure/24quan
mysee-china,MySee China,2004,2007,China,Communication Services,notable,2,$2M,,,"Too early, undercapitalized, execution challenges","SAIF Partners, Steamboat Ventures","Being first-to-market for an infrastructure-heavy service requires massive capital, regulatory navigation, and content acquisition that P2P technology alone cannot solve.",https://ideaproof.io/failure/mysee-china
lysto,Lysto,2021,2024,India,Consumer/Social Commerce,notable,12,$12M,,,"Unsustainable unit economics, late market entry","Tiger Global, Sequoia India","Social commerce marketplaces need sustainable unit economics and sufficient capital to capture market share in winner-take-most environments, especially against established competitors.",https://ideaproof.io/failure/lysto
vipkid-china,VIPKid,2013,2021,China,EdTech,major,1100,$1.1B,,,Regulatory changes in China,"Tencent, Sequoia China, Coatue","Building a business model heavily reliant on regulatory arbitrage carries substantial and often unmanageable risk, especially in highly regulated markets like education.",https://ideaproof.io/failure/vipkid-china
metao-china,Metao,2014,2016,China,Social Commerce,major,35,$35M,,,"Competition, unit economics, platform risk","Matrix Partners China, Morningside","Building a social commerce platform on top of dominant super-apps without defensibility leads to direct competition and poor unit economics, especially in crowded markets.",https://ideaproof.io/failure/metao-china
spotlight-bio,Spotlight Bio\USA,2018,2025,USA,Biotechnology / Drug Discovery,major,40,$40M,,,Algorithmic predictions lacked experimental validation,"GV (Google Ventures), 8VC, Samsara BioCapital",Computational predictions in biotech require rigorous experimental validation and vertical integration or strong partnerships to bridge the 'valley of death' between algorithms and clinical reality.,https://ideaproof.io/failure/spotlight-bio
zuoyebang,Zuoyebang,2015,2021,China,EdTech,major,2900,$2.9B,,,Regulatory ban on core business model,"Alibaba, SoftBank, Sequoia","Regulatory risk in emerging markets is a binary outcome with catastrophic downside, demanding a diversified business model to mitigate single-market or single-niche dependency.",https://ideaproof.io/failure/zuoyebang
rupeederedee-india,RupeeRedee,2018,2025,India,Financials,major,35,$35M,,,Failed to achieve sustainable unit economics,Digital Finance International,"Unit economics must be proven at a small scale before pursuing aggressive growth, especially in commoditized fintech markets.",https://ideaproof.io/failure/rupeederedee-india
paymate-india,PayMate,2006,2025,India,Financial & Fintech,major,100,$100M,,,Infrastructure disruption rendered core value obsolete,"Kleiner Perkins, Lightbox",Intermediary businesses built on inefficient infrastructure are vulnerable to disruption when new infrastructure emerges that bypasses their core value proposition.,https://ideaproof.io/failure/paymate-india
limeroad,Limeroad,2012,2025,India,Social Commerce/Fashion E-commerce,major,51,$51.0M,,,"Discovery demand, unfulfillable supply, poor unit economics","Tiger Global, Matrix Partners",Marketplace unit economics and conversion rates are paramount; engagement metrics without profitability are vanity.,https://ideaproof.io/failure/limeroad
k-scale-labs,K-Scale Labs,2024,2025,USA,Robotics,notable,5,$5.0M,,,"Market timing, insufficient capital for hardware",Unknown,"Hardware startups require significantly more capital and time than software ventures, easily 3x the funding and 2x the development cycle.",https://ideaproof.io/failure/k-scale-labs
maas-global,MaaS Global,2015,2024,Finland,Transportation/MaaS,major,65,$65M,,,"Poor unit economics, operational complexity","Mitsubishi, Toyota Financial, BP",Aggregating fragmented services without supplier control or viable unit economics is a significant challenge for scalability and profitability.,https://ideaproof.io/failure/maas-global
kyte,Kyte,2020,2024,India,B2B SaaS,notable,10,$10M,,,"Unsustainable unit economics, lack of differentiation",Unknown,Horizontal B2B SaaS in low-ARPU markets is challenging without strong differentiation and sustainable unit economics.,https://ideaproof.io/failure/kyte
shape-robotics,Shape Robotics,2015,2025,Denmark,Education Technology,notable,,Unknown,,,"Hardware economics, market timing, capital inefficiency",Unknown,"Hardware startups in education need superior unit economics or strong software leverage to overcome high costs, long sales cycles, and market competition.",https://ideaproof.io/failure/shape-robotics
vanti-israel,Vanti,2019,2024,Israel,Information Technology/SaaS,notable,18,$18M,,,Lack of product-market fit,"Insight Partners, True Ventures","Conversational AI for commerce works best as a feature embedded in other platforms, not as a standalone product.",https://ideaproof.io/failure/vanti-israel
grasp-uk,Grasp\UK,2022,2024,United Kingdom,Financial & Fintech,notable,4,£4M,,,"Bad market timing, poor unit economics","LocalGlobe, angel investors","Launching into a collapsing market with high customer acquisition costs and fierce competition from established players proved fatal for Grasp, underscoring the critical importance of market timing and sustainable unit economics in fintech.",https://ideaproof.io/failure/grasp-uk
invenia,Invenia,2011,2024,Canada/UK,Cleantech/AI/Energy Optimization,major,25,$25M,,,"Slow sales, high costs, insufficient capital","Golden Ventures, Zetta Venture","Enterprise sales in regulated industries require significantly more capital and patience than typically estimated, especially when pioneering complex technical solutions.",https://ideaproof.io/failure/invenia
guardian-agriculture,Guardian Agriculture,2017,2025,USA,Robotics/Agriculture,major,35,$35M,,,"Poor unit economics, hardware complexities",Unknown,"Hardware startups must achieve strong unit economics (70%+ gross margins) early on, focusing initially on software value in capital-intensive markets.",https://ideaproof.io/failure/guardian-agriculture
cubyn,Cubyn,2014,2024,France,Industrials/Logistics SaaS,major,70,$70M,,,"Unsustainable unit economics, high capital intensity","DN Capital, Partech","Logistics startups with high capital intensity and low margins often struggle with unsustainable unit economics and cash burn, requiring immense operational efficiency.",https://ideaproof.io/failure/cubyn
easymile,EasyMile,2014,2024,France,Autonomous Vehicles,major,90,$90M,,,"Pilot purgatory, unsustainable burn, no scale","Alstom, Searchlight Capital",Hardware startups must avoid pilot purgatory and achieve sustainable unit economics to transition from trials to commercial scale.,https://ideaproof.io/failure/easymile
fig-devtools,Fig,2020,2024,USA,Developer Tools,notable,2.4,$2.4M,,,Monetization and unit economics issues,"Y Combinator, angels",Even beloved developer tools with strong engagement struggle without clear monetization and defensible unit economics against free alternatives.,https://ideaproof.io/failure/fig-devtools
nuvion-limited,Nuvion Limited,2021,2025,Ireland,Information Technology,notable,15,$15M,,,"PE-backed scale failure, funding winter",Unknown,PE-backed companies require 40%+ gross margins and sub-12 month payback periods for unit economics to withstand creditor covenants and avoid collapse.,https://ideaproof.io/failure/nuvion-limited
zoe,Zoe,2016,2024,USA,Information Technology,notable,10,$10M,,,"Services-heavy SaaS, broken unit economics","83North, strategic angels",Beware of services-heavy SaaS models; they often lead to broken unit economics and prevent scalable product-market fit.,https://ideaproof.io/failure/zoe
codesee,CodeSee,2020,2024,USA,Developer Tools,notable,10,$10M,,,Misaligned value with market demand,"Matrix Partners, Boldstart","Developer tools must provide quantifiable ROI and solve critical 'painkiller' problems, not just 'vitamin' nice-to-haves, to convert free users to paying customers.",https://ideaproof.io/failure/codesee
teemyco,Teemyco,2019,2024,Sweden,Information Technology/SaaS (B2B),notable,3,$3.0M,,,"Market timing miscalculation, competitive suffocation","42CAP, angels","Category creation is a trap without distribution dominance, as 'virtual offices' proved to be solutions searching for problems in a market dominated by established players.",https://ideaproof.io/failure/teemyco
wonder,Wonder,2020,2024,Germany,Communication Services,notable,11,$11M,,,Solution in search of a problem,BlueYard Capital,"Network effects require density and targeted value, not just broad scale, especially for platforms aiming to facilitate meaningful professional connections.",https://ideaproof.io/failure/wonder
pesto,Pesto,2020,2024,USA,Fintech,notable,,Unknown,,,"Unsustainable unit economics, adverse selection",Unknown,"Income Share Agreements (ISAs) in emerging markets require robust underwriting, controlled ecosystems, and employer pre-commitments to achieve viable unit economics and placement outcomes.",https://ideaproof.io/failure/pesto
hyer-usa,Hyer,2018,2024,USA,Industrials/Aviation Marketplace,notable,15,$15.0M,,,Unsustainable marketplace unit economics in niche market,Unknown,"Marketplaces in capital-intensive, low-margin, luxury sectors face extreme challenges with customer acquisition costs and liquidity, often requiring deep vertical integration rather than pure aggregation.",https://ideaproof.io/failure/hyer-usa
wundergraph,WunderGraph,2020,2024,Germany,Developer Tools,notable,3,$3.0M,,,"Open-source monetization mismatch, market timing","468 Capital, angels","Open-source developer tools need a clear monetization model defined from the outset, not as an afterthought, to avoid cash depletion and market timing misalignment.",https://ideaproof.io/failure/wundergraph
sider-japan,Sider,2012,2024,Japan,Developer Tools,notable,7,$7M,,,Competitive compression from open-source and bundled platforms,"Global Brain, PE investors",Developer tools must offer significant value beyond free alternatives or standalone solutions to succeed in a market dominated by open-source and comprehensive platforms.,https://ideaproof.io/failure/sider-japan
the-landing,The Landing,2019,2024,USA,Real Estate / Co-living,notable,12,$12M,,,"Poor unit economics, COVID-19 shock","Greycroft, Obvious Ventures","Capital-intensive business models with weak unit economics are highly susceptible to market shocks and require deep operational efficiency to succeed, especially in complex sectors like real estate.",https://ideaproof.io/failure/the-landing
enzo-usa,Enzo,2020,2024,USA,Real Estate/SaaS,notable,10,$10M,,,"Unsustainable unit economics, poor market fit",Y Combinator,"Attempting to be an 'operating system' in a fragmented, change-resistant industry with high-touch B2B sales often leads to unsustainable unit economics and poor market fit.",https://ideaproof.io/failure/enzo-usa
kite,Kite,2014,2024,USA,Information Technology,major,21,$21.0M,,,"Too early, monetization missteps, strategic errors",Unknown,"Timing is crucial in emerging tech markets; Kite was too early for AI-powered developer tools, predating market readiness and the necessary platform shifts.",https://ideaproof.io/failure/kite
skiff,Skiff,2020,2024,USA,Information Technology/SaaS,notable,14.2,$14.2M,,,No market need for privacy-only tools,Sequoia Capital,"Privacy is a feature, not a standalone product, especially when competing with free, entrenched incumbents in horizontal productivity software.",https://ideaproof.io/failure/skiff
blueboard,Blueboard,2014,2024,USA,Software as a Service (B2B),notable,15.8,$15.8M,,,"Unsustainable marketplace unit economics, high operational overhead","Origin Ventures, Greycroft","Marketplaces with high operational overhead and low gross margins struggle to achieve venture-scale returns, especially when facing economic downturns.",https://ideaproof.io/failure/blueboard
railsr,Railsr,2016,2024,UK,Financials,major,121,$121M,,,Catastrophic operational management and compliance issues in regulated industry,Visa,"Operational excellence and robust compliance are paramount in regulated industries, even more so than innovative APIs or developer experience.",https://ideaproof.io/failure/railsr
embark-trucks,Embark Trucks,2016,2024,USA,Robotics,notable,,Unknown,,,"Premature IPO, long tech maturity",Unknown,"Deep tech requires patient capital and longer timelines than public markets or SPACs typically provide, especially for complex regulatory and technological hurdles like autonomous vehicles.",https://ideaproof.io/failure/embark-trucks
aspiration,Aspiration,2013,2024,USA,Financial & Fintech,major,550,$550M,,,Broken unit economics despite large user base,"Leonardo DiCaprio, Unknown",Mission-driven companies must still prove sustainable revenue models; user engagement doesn't always translate to willingness to pay.,https://ideaproof.io/failure/aspiration
zebec-usa,Zebec,2021,2025,USA,Blockchain/Crypto,major,35,$35M,,,"No market need, catastrophic timing","Circle Ventures, Lightspeed","Building technologically impressive infrastructure without genuine market demand or user adoption is a recipe for failure, especially in nascent and unregulated spaces like Web3.",https://ideaproof.io/failure/zebec-usa
bonsai-devtool,Bonsai DevTool,2014,2025,Canada,Information Technology/Developer Tools,major,20,$20M,,,"Acquired, then product shelved due to shifting priorities",Unknown,"Even successful acquisitions can lead to product demise if the parent company's strategic focus shifts, highlighting the risk of being too early for market readiness or too niche for platform economics.",https://ideaproof.io/failure/bonsai-devtool
fringe-usa,Fringe,2018,2024,USA,Information Technology/SaaS (B2B),major,21,$21M,,,"Flawed business model, poor unit economics",Felicis Ventures,Marketplaces need strong network effects to thrive; lacking a flywheel leads to poor scalability and high customer acquisition costs.,https://ideaproof.io/failure/fringe-usa
acre-platforms,Acre Platforms,2018,2025,United Kingdom,Proptech/SaaS,notable,12,$12M,,,Poor market penetration and timing,Aviva Ventures,"Even with significant backing, B2B SaaS in complex markets requires extreme focus to overcome competitive pressures and achieve necessary market penetration for sustained growth.",https://ideaproof.io/failure/acre-platforms
qredo-uk,Qredo,2018,2024,United Kingdom,Financials/Blockchain/Crypto,major,95,$95M,,,"Market timing, competition, capital inefficiency","Coinbase Ventures, 10T Holdings","Infrastructure plays need wedge products and strong differentiation in competitive markets, especially during crypto downturns.",https://ideaproof.io/failure/qredo-uk
solid-usa,Solid,2017,2025,USA,Information Technology/SaaS,major,81,$81M,,,"Broken unit economics, strategic positioning failure","FTV Capital, GGV Capital","Horizontal integration platforms have exponential complexity, making it difficult to achieve venture-scale outcomes with linear venture capital and underestimation of enterprise integration complexity.",https://ideaproof.io/failure/solid-usa
mindstrong,Mindstrong,2014,2024,USA,Health Care / Digital Mental Health,major,160,$160M,,,"Unvalidated claims, regulatory issues, poor reimbursement",Unknown,"In healthcare, rigorous clinical validation and a sustainable reimbursement model are essential for digital health solutions to succeed beyond initial funding.",https://ideaproof.io/failure/mindstrong
kevin-lithuania,Kevin.,2018,2024,Lithuania,Financials,major,77,$77M,,,"Premature market, consumer inertia, cold start","Accel, Eurazeo, Speedinvest","Open banking infrastructure needs consumer demand generation, not just supply, to overcome cold-start problems and consumer inertia.",https://ideaproof.io/failure/kevin-lithuania
elvie-uk,Elvie,2013,2025,United Kingdom,Health-Tech/Femtech,major,150,$150M,,,"Unsustainable hardware unit economics, narrow LTV","BlackRock, Fidelity, IPGL","Hardware startups must achieve sustainable unit economics and a strong LTV:CAC ratio, especially in niche markets with high customer churn.",https://ideaproof.io/failure/elvie-uk
wejo,Wejo,2014,2023,UK,Information Technology/SaaS (B2B),major,225,$225M,,,"Premature scaling, market timing mismatch",Unknown,"Infrastructure-first strategies in nascent markets require immense capital and long time horizons, making premature scaling a significant risk without patient investors.",https://ideaproof.io/failure/wejo
varamis,Varamis,2020,2025,UK,Financial Technology,notable,5,$5M,,,"Unsustainable unit economics, cash burn, no product-market fit",Unknown,Founders must ensure positive unit economics and achieve product-market fit before scaling to avoid cash burn crises.,https://ideaproof.io/failure/varamis
tallarna,Tallarna,2018,2025,UK,Climate Tech/Carbon Accounting,notable,8,$8M,,,"Cash crunch, poor market timing, GTM flaws",ESG-focused funds,"Regulatory tailwinds alone are insufficient for startup success; market timing, a robust go-to-market strategy, and adaptability to economic shifts are crucial.",https://ideaproof.io/failure/tallarna
anthropos-digital,Anthropos Digital,2017,2025,United Kingdom,Information Technology,notable,10,$10M,,,Ran out of cash; complex enterprise sales,"Angels, PE investors","Enterprise SaaS requires significant runway (3-5 years) for long sales cycles (12+ months) and complex implementations, making cash management critical.",https://ideaproof.io/failure/anthropos-digital
petalite-uk,Petalite,2014,2025,UK,Consumer Electronics,notable,12,$12M,,,"Timing, intense competition, capital inefficiency",Unknown,"Avoid horizontal infrastructure competition against trillion-dollar incumbents, especially in winner-take-all markets relying on network effects and content partnerships.",https://ideaproof.io/failure/petalite-uk
virtual-arts,Virtual Arts,2016,2025,UK,Virtual Reality Art/Communication Services,notable,15,$15M,,,"Premature market, unsustainable unit economics",Private equity investors,"Building on emerging hardware platforms is risky; market readiness for VR adoption was significantly slower than projected, leading to high burn rate against a small addressable market.",https://ideaproof.io/failure/virtual-arts
ionx-networks,Ionx Networks,2019,2025,UK,Information Technology,notable,12,$12M,,,Competitive asphyxiation in consolidated market,Unknown,"Enterprise infrastructure startups need substantial capital and defensibility; competitive markets require a clear, differentiated niche to survive against larger players.",https://ideaproof.io/failure/ionx-networks
pod-space-uk,Pod Space,2008,2025,UK,Real Estate / Modular Workspace,notable,5,$5M,,,"Poor unit economics, high capital requirement, market shift",Unknown,"Hardware businesses require significantly more capital than software and must achieve sustainable unit economics to scale, especially when competing with asset-light models.",https://ideaproof.io/failure/pod-space-uk
graphica-display-uk,Graphica Display,2010,2025,United Kingdom,Information Technology/Digital Signage,notable,10,$10M,,,"Hardware commoditization, software unbundling, market misalignment",Private Equity Investors,Hardware-software bundling becomes a trap in commoditizing markets; unbundle and compete on software differentiation as margins compress.,https://ideaproof.io/failure/graphica-display-uk
flip-usa,Flip\USA,2019,2025,Unknown,Information Technology,major,200,$200M,,,"Generic platform, fragmented market, poor scalability","WestCap, Mubadala","Horizontal B2B platforms in fragmented markets are capital traps, often failing due to generic features that don't deeply solve pain points for any specific vertical.",https://ideaproof.io/failure/flip-usa
plenty-usa,Plenty,2014,2025,USA,Agtech/Vertical Farming,major,1000,$1B,,,"Poor unit economics, high capital expenditure","SoftBank Vision Fund, Walmart, Koch Industries",Prove unit economics at a small scale before raising substantial growth capital; capital-intensive infrastructure with linear unit economics is difficult to scale profitably.,https://ideaproof.io/failure/plenty-usa
singleton-electronics,Singleton Electronics,2015,2025,China,Consumer Electronics,major,95,$95M,,,Crushed by intense market commoditization,Unknown,"Hardware startups in commoditized markets need strong differentiation, defensible moats, or unique business models (e.g., vertical integration, software services) to survive against established giants with scale and ecosystem dominance.",https://ideaproof.io/failure/singleton-electronics
suzhou-sip-precision,Suzhou SIP Precision,2010,2025,China,Information Technology/Hardware,major,180,$180M,,,Unbridgeable technology gap in precision engineering,State-backed investors,"Deep tech hardware requires extensive ecosystem density and access to specialized components, not just significant capital, to overcome fundamental technical barriers in highly advanced industries like semiconductor equipment.",https://ideaproof.io/failure/suzhou-sip-precision
microport-china,MicroPort,1998,2024,China,Health Care/Medical Device,major,500,$500M,,,Mismatch of low-cost and high-tech,Unknown,"Medical device innovation requires significant R&D, regulatory expertise, and clinical validation which cannot be easily achieved with a low-cost manufacturing focus.",https://ideaproof.io/failure/microport-china
dingli-china,Dingli,2005,2024,China,Industrials/Aerial Work Platform Manufacturing,major,120,$120M,,,"Oversupply, demand collapse, high fixed costs",Private equity,"Avoid capital-intensive hardware businesses tied to single-country macro cycles, as they are vulnerable to economic shifts and commoditization.",https://ideaproof.io/failure/dingli-china
sichuan-kelun-biotech,Sichuan Kelun-Biotech,2016,2024,China,Biotechnology,major,400,$400M,,,"Capital inefficiency, weak pipeline, market saturation",Unknown,"Biotech startups need 10x differentiation, not incremental improvement, especially in crowded markets like oncology, to avoid capital exhaustion and clinical setbacks.",https://ideaproof.io/failure/sichuan-kelun-biotech
aetech-china,Aetech,2020,2025,China,Consumer/IoT Hardware,major,25,$25M,,,"Supply chain, competition, cash burn",Unknown,"Hardware startups face immense capital, supply chain, and competition challenges that often lead to outrunning their cash runway before reaching scale.",https://ideaproof.io/failure/aetech-china
hans-cnc-china,Han's CNC,2002,2024,China,Industrials/Hardware,major,200,$200M,,,"Product-market misfit, technical underestimation, commoditization",Han's Laser,"Hardware development requires significantly longer iteration cycles than software, and deep technical challenges in precision manufacturing cannot be easily overcome by relying solely on brand equity or capital.",https://ideaproof.io/failure/hans-cnc-china
builderx-robotics-china,BuilderX Robotics,2018,2025,China,Industrials/Robotics,major,150,$150M,,,"Hardware capital, commoditized tech, poor differentiation","Baogang Group, private equity","Hardware startups in mature markets must solve problems incumbents structurally cannot address, rather than competing on feature parity.",https://ideaproof.io/failure/builderx-robotics-china
base-therapeutics-china,Base Therapeutics,2021,2025,China,Biotechnology,major,34.5,$34.5M,,,"Product/tech failure, capital inefficiency","Baidu, Great Eagle VC","AI drug discovery requires deep wet-lab validation, regulatory navigation, and clinical infrastructure, not just computational prowess.",https://ideaproof.io/failure/base-therapeutics-china
tuosai-china,Tuosai,2019,2024,China,EdTech/K-12 Tutoring,major,80,$80M,,,Devastating government regulatory policy change,Unknown,"Regulatory risk is an existential threat for startups in highly regulated industries, even with strong execution and product-market fit.",https://ideaproof.io/failure/tuosai-china
lingyun-china,Lingyun,2014,2024,China,Autonomous Driving,major,150,$150M,,,"Excessive capital burn, strategic misalignment",Legend Capital,"Deep tech like autonomous driving requires immense capital and a realistic timeline, often exceeding initial projections and necessitating a viable path to revenue beyond just impressive demos.",https://ideaproof.io/failure/lingyun-china
jidixian,Jidixian,2016,2024,China,Logistics/On-demand Delivery,major,100,$100M,,,Crushed by incumbent competitive network effects,Unknown,"In highly competitive two-sided marketplaces, achieving local network density is critical before expanding, especially against well-capitalized incumbents.",https://ideaproof.io/failure/jidixian
lidian-china,Lidian\China,2017,2024,China,AI/Autonomous Vehicles,major,300,$300M,,,"Insufficient capital, lack of differentiation, poor pivots",Unknown,Full-stack hardware plays in deep tech like AVs require significantly more capital than founders typically estimate; broad ambition without deep pockets leads to failure.,https://ideaproof.io/failure/lidian-china
qianxun-si,Qianxun SI,2015,2025,China,Information Technology,major,200,$200M,,,High infrastructure costs & slow adoption,"Alibaba, Norinco","Infrastructure-as-a-Service companies need different investor DNA and a business model that accounts for high capital intensity and long enterprise sales cycles, unlike typical SaaS. Build a business plan where physical hardware deployment is not the primary value driver.",https://ideaproof.io/failure/qianxun-si
spacety-china,SpaceTy,2016,2025,China,Aerospace,major,120,$120M,,,Capital exhaustion in capital-intensive hardware,Matrix Partners China,"Deep-tech hardware, especially aerospace, is extremely capital-intensive and requires meticulous capital efficiency, long development cycles, and navigating complex regulatory environments.",https://ideaproof.io/failure/spacety-china
hanking-electronics,Hanking Electronics,2011,2024,China,Consumer Electronics,major,250,$250M,,,Undifferentiated products in hypercompetitive market,Hanking Group,"Competing in capital-intensive hardware requires immense differentiation, brand equity, and massive ongoing investment to overcome razor-thin margins and rapid product cycles.",https://ideaproof.io/failure/hanking-electronics
saimo-technology,Saimo Technology,2015,2024,China,Autonomous Vehicles/Logistics,major,180,$180M,,,"Tech complexity, unproven unit economics",Unknown,"Autonomous driving requires immense capital and patience, with no viable intermediate business model, making premature scaling of L4/L5 autonomy highly risky without full infrastructure and regulatory frameworks.",https://ideaproof.io/failure/saimo-technology
youon-hydrogen,Youon Hydrogen,2019,2025,China,Energy/CleanTech,major,110,$110M,,,"Market timing, subsidy dependence, tech obsolescence",Youon Public Bicycle,Capital-intensive infrastructure reliant on subsidies and future market adoption is highly susceptible to market timing catastrophes and technological shifts.,https://ideaproof.io/failure/youon-hydrogen
ningbo-borine,Ningbo Borine,2005,2024,China,Industrials/Electric Vehicle Batteries,major,150,$150M,,,Competitive asphyxiation in consolidated market,Unknown,"Hardware commoditization is inevitable without strong IP moats and significant scale, especially in capital-intensive industries like battery manufacturing.",https://ideaproof.io/failure/ningbo-borine
fapon-biotech,Fapon Biotech,2001,2024,China,Biotech,major,200,$200M,,,Failed to commercialize products,"IDG, private equity investors",Developing biosimilars in competitive markets often leads to commoditization and failure to achieve commercial success without significant differentiation or execution speed.,https://ideaproof.io/failure/fapon-biotech
nettrix-china,Nettrix,2019,2025,China,Information Technology,major,500,$500M,,,"Technical overreach, talent, ecosystem lock-in","Sugon (state-owned), Chinese government funds","Building complex infrastructure software requires extensive hardening and ecosystem support, which cannot be fast-tracked even with significant funding.",https://ideaproof.io/failure/nettrix-china
lesee,LeSee,2014,2024,China,Electric Vehicles,major,1200,$1.2B,,,"Overextension, financial fraud, founder abandonment",Unknown,"Ambitious visions require disciplined execution and realistic financial planning, especially in capital-intensive industries like automotive manufacturing.",https://ideaproof.io/failure/lesee
tuhui-car-tech-branch,Tuhui Car Tech Branch,2011,2025,China,Automotive Technology,major,450,$450M,,,"Underestimated capital intensity, intense competition","Tencent, Carlyle, Sequoia","Automotive hardware startups require immense capital ($2-5B) and time to reach sustainable scale, making capital efficiency and clear unit economics critical for survival.",https://ideaproof.io/failure/tuhui-car-tech-branch
jingxi,Jingxi,2019,2024,China,Consumer/Marketplace,major,1500,$1.5B,,,"Misunderstood social commerce, spent heavily on subsidies",JD.com,"Brand extension into opposite market segments is difficult; social commerce success relies on viral mechanics and entertainment, not just logistics.",https://ideaproof.io/failure/jingxi
gac-stellantis-china,GAC Stellantis China,2010,2023,China,Automotive Manufacturing,major,2500,$2.5B,,,Misread China's auto market evolution,"Guangzhou Automobile Group, Stellantis","Market timing is everything, especially in rapidly evolving hardware industries; failing to anticipate major shifts like EV adoption can be fatal.",https://ideaproof.io/failure/gac-stellantis-china
xingji-shidai-chip-unit,Xingji Shidai Chip Unit,2021,2023,China,Information Technology / Hardware,major,450,$450M,,,"Underestimated chip development, talent acquisition issues","Geely Group, Meizu","Semiconductor development requires extensive timelines, deep talent, and significant capital, which cannot be fast-tracked even with substantial funding.",https://ideaproof.io/failure/xingji-shidai-chip-unit
gac-mitsubishi-tech-unit-china,GAC Mitsubishi Tech Unit China,2012,2024,China,Automotive / Electric Vehicles,major,2000,$2.0B,,,Failed to adapt to EV disruption,Unknown,"Joint ventures in fast-moving tech markets create decision-making latency, hindering adaptation to rapid technological shifts like the rise of EVs.",https://ideaproof.io/failure/gac-mitsubishi-tech-unit-china
jiyan-ai,Jiyan AI,2021,2024,China,Health Care/AI,major,120,$120M,,,"Regulatory whiplash, slow sales, scope creep",Alibaba,"B2B sales in regulated markets like healthcare require immense capital, long cycles, and careful navigation of regulatory changes, often favoring B2B2C approaches for sustainability.",https://ideaproof.io/failure/jiyan-ai
borgward-china,Borgward China,2015,2023,China,Automotive / Electric Vehicles,major,800,$800M,,,"Brand irrelevance, strategic misalignment","Foton Motor, UCAR","Brand equity cannot be manufactured through capital alone; a clear identity and market fit are crucial, especially in competitive and rapidly evolving industries like EVs.",https://ideaproof.io/failure/borgward-china
tantan-international,Tantan (International Units),2014,2024,China,Dating App,notable,,Unknown,,,"Cultural miscalculation, regulatory naivety",Unknown,"International expansion of dating apps requires deep cultural understanding and careful regulatory navigation, as product-market fit does not easily transfer across diverse regions.",https://ideaproof.io/failure/tantan-international
dukaan,Dukaan,2020,2024,India,E-commerce/SaaS,notable,17,$17M,,,"Poor unit economics, market mismatch","Lightspeed, Matrix",Horizontal SaaS for micro-SMBs is unsustainable without embedded fintech or deep vertical specialization due to low-value infrastructure and commoditization.,https://ideaproof.io/failure/dukaan
bluelearn-india,Bluelearn,2021,2024,India,EdTech/Social Learning,notable,7,$7M,,,"Premature scaling, monetization struggles","Lightspeed, Elevation Capital","High user engagement does not guarantee willingness to pay, requiring a clear monetization strategy from the outset.",https://ideaproof.io/failure/bluelearn-india
fanclash-india,Fanclash,2020,2024,India,Fantasy Sports/Gaming,major,50,$50M,,,"Regulatory crackdown, incumbent dominance","Sequoia India, Falcon Edge","In winner-take-most markets, 10x differentiation is required, not marginal improvements, especially against well-entrenched incumbents with massive network effects and brand recognition.",https://ideaproof.io/failure/fanclash-india
pando-usa-india,Pando,2018,2024,USA,Industrials/SaaS,major,35,$35M,,,"Poor product-market fit, unsustainable unit economics","Iron Pillar, Nexus VP","Horizontal platforms in complex enterprise verticals often fail due to extensive customization needs, leading to unsustainable unit economics and integration nightmares.",https://ideaproof.io/failure/pando-usa-india
starry,Starry,2014,2023,USA,Communication Services,major,312,$312M,,,"High capital, slow scaling, poor unit economics",Unknown,"Capital-intensive infrastructure build-outs in competitive markets require immense funding and a realistic path to scale, but often fall prey to challenging unit economics and growth expectations.",https://ideaproof.io/failure/starry
nuverse-china,Nuverse,2019,2024,China,Gaming/Mobile Game Publishing,major,3000,$3.0B,,,Misunderstood gaming as creative vs. marketing,ByteDance,"Distribution advantages from one industry (short-form video) do not automatically transfer to a different industry like gaming, which requires deep creative understanding and long development cycles.",https://ideaproof.io/failure/nuverse-china
frontdesk-usa,Frontdesk,2017,2024,USA,Real Estate / Aparthotel,major,260,$260M,,,"Catastrophic unit economics, overexpansion",Unknown,"Real estate arbitrage is a cash flow business, not a venture business, requiring disciplined scaling and profitable unit economics rather than aggressive, tech-driven overexpansion.",https://ideaproof.io/failure/frontdesk-usa
zeus-living,Zeus Living,2015,2024,USA,Real Estate / Corporate Housing,major,150,$150M,,,"Unsustainable unit economics, inventory risk","Airbnb, Comcast Ventures","Asset-light marketplaces are crucial; taking on inventory risk with high fixed costs and low margins, combined with market timing issues, proved fatal at scale.",https://ideaproof.io/failure/zeus-living
irobot-usa,iRobot,1990,2024,USA,Robotics/Consumer Electronics,major,1300,$1.3B,,,"Acquisition failed, commoditization, regulatory issues",Unknown,"Hardware companies must evolve from product margins to platform economics, as commoditization and regulatory shifts can swiftly erode competitive advantages and threaten survival.",https://ideaproof.io/failure/irobot-usa
phantom-auto,Phantom Auto,2017,2024,USA,Information Technology,major,95,$95M,,,"AV market underperformed, infrastructure timing risk","Bessemer, Koch Disruptive Tech",Building infrastructure for a nascent industry carries significant timing risk; success depends on the core market materializing as predicted.,https://ideaproof.io/failure/phantom-auto
volansi-usa,Volansi,2015,2023,USA,Robotics,major,75,$75.0M,,,"Capital intensity, slow regulation, unproven unit economics",Top-tier VCs,"Hardware startups in regulated industries require significantly more capital and time than often estimated, struggling with slow regulatory progress and unfavorable unit economics.",https://ideaproof.io/failure/volansi-usa
spotlight-therapeutics,Spotlight Therapeutics,2017,2025,USA,Biotech,major,100,$100M,,,"Technical failure, capital inefficiency, market timing","GV, SoftBank","Personalized neoantigen prediction is still largely inaccurate, requiring empirical validation over computational models for clinical response.",https://ideaproof.io/failure/spotlight-therapeutics
baoneng-china,Baoneng,2017,2024,China,Automotive/Electric Vehicles,major,5200,$5.2B,,,"Capital abundance, operational incompetence in auto manufacturing","Baoneng Group, local government funds",Massive capital injection cannot substitute for deep operational expertise and patience required in complex hardware manufacturing like automotive.,https://ideaproof.io/failure/baoneng-china
penguin-esports,Penguin Esports,2016,2024,China,Esports Media/Streaming,major,500,$500M,,,"Internal misalignment, fierce competition",Tencent,"Vertical integration in media can lead to operational complexity and capital intensity, making platforms less adaptable to market changes and competitive pressures.",https://ideaproof.io/failure/penguin-esports
xingsheng-youxuan,Xingsheng Youxuan,2018,2025,China,Consumer/Marketplace,major,5200,$5.2B,,,"Unsustainable unit economics, regulatory intervention","Tencent, KKR, Sequoia China",Standalone community group-buying platforms in low-margin categories with poor unit economics are unsustainable without a profitable adjacent business to cross-subsidize losses.,https://ideaproof.io/failure/xingsheng-youxuan
pico-china,Pico,2015,2024,China,Information Technology/Consumer Electronics,major,1500,$1.5B (acquired by ByteDance),,,"Misread VR market maturity, hardware limitations",ByteDance,"Even massive funding and distribution can't overcome market immaturity, hardware commoditization, and ecosystem challenges in complex consumer electronics like VR.",https://ideaproof.io/failure/pico-china
powin-energy,Powin Energy,2011,2025,USA,Energy Storage Hardware,major,400,$400M,,,"Poor unit economics, high capital intensity",Unknown,"In capital-intensive hardware, without manufacturing control or core technology ownership, value creation is difficult when unit economics are poor.",https://ideaproof.io/failure/powin-energy
netease-koala,NetEase Koala,2015,2024,China,E-commerce/Cross-border Retail,major,1000,$1.0B,,,"Intense competition, regulatory shifts, high costs",Unknown,"In hyper-competitive markets, even large companies struggle without a sustainable differentiator against better-capitalized platform competitors.",https://ideaproof.io/failure/netease-koala
rad-power-bikes,Rad Power Bikes,2007,2025,USA,Consumer Electronics,major,329,$329M,,,"Negative unit economics, high CAC, inventory risk",Unknown,DTC hardware businesses with capital-intensive products require 50%+ gross margins to avoid venture-scale traps and achieve profitability.,https://ideaproof.io/failure/rad-power-bikes
monster-worldwide-usa,Monster Worldwide,1994,2025,USA,Information Technology,major,500,$500M,,,"Complacency, disrupted by better platforms",Unknown,First-mover advantage is temporary without continuous innovation; companies must adapt to dynamic markets or risk disruption by more agile competitors.,https://ideaproof.io/failure/monster-worldwide-usa
digital-river,Digital River,1994,2025,USA,Information Technology/SaaS,major,200,$200.0M,,,"Innovator's dilemma, PE value extraction",Siris Capital,"Ignoring evolving competitor landscapes and developer experience, coupled with private equity's short-term focus, can dismantle even established market leaders.",https://ideaproof.io/failure/digital-river
humane-usa,Humane,2018,2025,USA,Wearables,major,230,$230M,,,"Flawed product, no market need",Unknown,"Hardware requires extreme product-market fit confidence, as iteration post-launch is nearly impossible; validate core concepts in software first.",https://ideaproof.io/failure/humane-usa
wolfspeed-usa,Wolfspeed,1987,2025,USA,Information Technology/Hardware,major,2000,$2.0B,,,"Market timing, over-investment, unexpected competition",Unknown,"Over-investing in capital-intensive infrastructure based on overly optimistic market projections and underestimating competitive threats can lead to failure, especially without cost leadership or vertical integration.",https://ideaproof.io/failure/wolfspeed-usa
byjus-alpha-us,Byju's Alpha (US),2021,2025,USA,EdTech,major,1200,$1.2B,,,"Overleveraging, mismanagement, edtech bubble burst",Unknown,"Large debt financing for growth-stage consumer businesses can be a death trap; focus on capital efficiency and sustainable growth rather than rapid, debt-fueled expansion.",https://ideaproof.io/failure/byjus-alpha-us
luminar-technologies,Luminar Technologies,2012,2025,USA,Lidar/Autonomous Vehicles,notable,,Unknown,,,"Market timing misalignment, structural OEM challenges","Peter Thiel, Unknown","Building a venture-scale business on slow, low-margin automotive OEM sales cycles with long design cycles is incompatible with venture capital timelines and market expectations.",https://ideaproof.io/failure/luminar-technologies
jianke-china,Jianke,2011,2024,China,Health Care/Marketplace,major,150,$150M,,,Competitive asphyxiation in crowded market,Unknown,Pure-play startups cannot compete with tech giants in winner-take-most markets without significant 'unfair advantages' like regulatory relationships or existing user bases.,https://ideaproof.io/failure/jianke-china
yiyao,Yiyao,2015,2024,China,Health Care / Marketplace,major,200,$200M,,,"Unsustainable unit economics, strategic misalignment",Unknown,"Healthcare marketplaces require structural advantages beyond product, as even significant funding and decent execution cannot overcome ecosystem disadvantages and brutal unit economics.",https://ideaproof.io/failure/yiyao
haiming,Haiming,2019,2024,China,Communication Services,major,120,$120M,,,Regulatory crackdown and strategic misalignment,Private Equity,"Regulatory risk is an existential threat in China; compliance-first strategy is crucial for consumer-facing platforms, especially during periods of geopolitical and internal policy shifts.",https://ideaproof.io/failure/haiming
xueersi-china,Xueersi,2021,2024,China,EdTech,major,350,$350M,,,Regulatory crackdown by Chinese government,TAL Education (parent company),"Operating in regulated markets carries significant risk, and political shifts can instantly invalidate business models, especially for foreign-dependent services.",https://ideaproof.io/failure/xueersi-china
iqiyi-vr,iQiyi VR,2016,2024,China,Communication Services/Consumer Electronics,major,400,$400M,,,"Catastrophic market timing, strategic overextension",iQiyi,"Venturing into unproven hardware markets with massive subsidies and unready consumers, even with significant funding, can lead to failure if the market doesn't mature as expected.",https://ideaproof.io/failure/iqiyi-vr
tencent-xr-division,Tencent XR Division,2022,2024,China,Consumer Electronics,major,300,$300M,,,"Strategic misalignment, technical overreach, market timing",Unknown,"Corporate ventures in hardware need independent P&L, governance, and a long runway to succeed, as embedding them in software divisions often leads to premature shutdown due to culture clash and quarterly pressures.",https://ideaproof.io/failure/tencent-xr-division
dianwoda,Dianwoda,2015,2024,China,On-demand Delivery/Logistics,major,400,$400M,,,"Unsustainable unit economics, strategic investor conflict","Alibaba, SoftBank","In winner-take-all markets, accepting investment from strategic players who become direct competitors can lead to a startup's demise.",https://ideaproof.io/failure/dianwoda
yimidida,Yimidida,2015,2024,China,E-commerce/Grocery delivery,major,600,$600M,,,Lost subsidy war to large competitors,"Boyu Capital, GLP","Being first-to-market is not enough if you lack the capital to compete with well-funded incumbents in a price-sensitive, highly competitive market.",https://ideaproof.io/failure/yimidida
leishen-power,Leishen Power,2016,2024,China,CleanTech,major,250,$250M,,,"Under-differentiated, capital-intensive hardware against incumbents",Unknown,"New hardware companies in capital-intensive industries struggle to compete with entrenched incumbents unless they have significant differentiation, strong customer lock-up, or a drastically different scaling model.",https://ideaproof.io/failure/leishen-power
yudo-auto,Yudo Auto,2015,2024,China,Automotive/Electric Vehicles,major,450,$450M,,,"Commoditization, capital inefficiency, market competition",Fujian provincial government,"Even substantial government funding doesn't guarantee success if market differentiation and core business viability are lacking, especially in hyper-competitive markets.",https://ideaproof.io/failure/yudo-auto
hikeen-china,Hikeen,2018,2024,China,Consumer Electronics/IoT,major,180,$180M,,,"Misread market, hardware commoditization",Unknown,"Hardware commoditization windows close fast; if not first or radically differentiated, don't enter, as capital cannot overcome a significant ecosystem head start.",https://ideaproof.io/failure/hikeen-china
zhenxin-computing,Zhenxin Computing,2021,2024,China,Information Technology,major,150,$150M,,,"Technical overreach, geopolitical naivety, lack of ecosystem",Unknown,"In capital-intensive, expertise-dependent industries like semiconductors, deep technical moats and a robust software ecosystem are far more critical than just large funding.",https://ideaproof.io/failure/zhenxin-computing
globalegrow,Globalegrow,2007,2024,China,E-commerce/Cross-border Retail,major,450,$450M,,,"Competitive displacement, operational inefficiency, financial collapse",Unknown,Multi-brand strategies require shared infrastructure; lack of competitive agility and operational focus can be fatal for e-commerce giants.,https://ideaproof.io/failure/globalegrow
zhongzhi,Zhongzhi,2015,2024,China,Financials,notable,,Unknown,,,Liquidity crisis from real estate collapse,Unknown,"Never fund long-duration illiquid assets with short-term liabilities without massive liquidity buffers, as maturity mismatches can quickly lead to a liquidity crisis.",https://ideaproof.io/failure/zhongzhi
shanghai-wusheng-semi,Shanghai Wusheng Semi,2021,2024,China,Information Technology/Hardware,major,200,$200M,,,"Overestimated chip manufacturing capabilities, lacked expertise",Unknown,"Semiconductor manufacturing requires decades of accumulated process knowledge, talent, and supplier ecosystems that cannot be bought with capital alone.",https://ideaproof.io/failure/shanghai-wusheng-semi
weidong-cloud,Weidong Cloud,2012,2024,China,Healthcare IT,major,300,$300M,,,"Strategic incoherence, poor product-market fit",Unknown,"Attempting a 'boil the ocean' strategy by targeting too many customer segments simultaneously without clear product-market fit leads to failure, especially in complex markets like healthcare IT.",https://ideaproof.io/failure/weidong-cloud
royole-corporation,Royole Corporation,2012,2024,China,Information Technology,major,492,$492.0M,,,"Premature scaling, technical debt, and overreach",Unknown,First-mover advantage in hardware is a liability without execution quality and the ability to scale efficiently.,https://ideaproof.io/failure/royole-corporation
zhenai-china,Zhenai China,2005,2024,China,Online Dating,major,200,$200M,,,"Competitive displacement, strategic rigidity, unsustainable model",PAG,"Pioneering a market doesn't guarantee long-term dominance if competitors out-innovate, offer better value, and adapt to changing market dynamics with sustainable models.",https://ideaproof.io/failure/zhenai-china
dingdong-maicai,Dingdong Maicai,2017,2024,China,On-demand Grocery Delivery,major,1500,$1.5B,,,"Unsustainable unit economics, intense competition","SoftBank, Tiger Global","Instant gratification is a feature, not a moat; aggressive expansion without proven unit economics is unsustainable in low-margin industries.",https://ideaproof.io/failure/dingdong-maicai
fenbi-china,Fenbi,2015,2024,China,EdTech,major,400,$400M,,,Regulatory crackdown in China,"Matrix Partners, IDG","Regulatory risk is a core business variable in emerging markets, capable of dismantling even highly successful businesses with substantial funding.",https://ideaproof.io/failure/fenbi-china
kujiale,Kujiale,2011,2025,China,Information Technology,major,550,$550M,,,Solution in search of a problem,"IDG, Matrix Partners","Consumer design tools are features, not standalone products; users primarily want to buy, not design, so facilitate transactions directly.",https://ideaproof.io/failure/kujiale
moka-china,Moka,2015,2025,China,Information Technology/SaaS (B2B),major,200,$200M,,,"Unsustainable unit economics, market commoditization, platform bundling","GGV Capital, GSR Ventures","Even significant funding can't overcome unsustainable unit economics in a competitive, commoditized market lacking strong differentiators.",https://ideaproof.io/failure/moka-china
qingcloud-china,QingCloud,2012,2025,China,Cloud Computing/IaaS,major,350,$350M,,,"Hyperscaler competition, brutal unit economics",Unknown,"In capital-intensive infrastructure, second-tier players cannot outcompete hyperscalers with deep pockets and diverse revenue streams; it's a winner-take-all market.",https://ideaproof.io/failure/qingcloud-china
kingsoft-cloud,Kingsoft Cloud,2012,2025,China,Information Technology/SaaS,major,1100,$1.1B,,,"Poor unit economics, intense competition, lack of differentiation",Xiaomi founder Lei Jun,Pure-play infrastructure companies struggle against vertically integrated platforms that can subsidize their cloud offerings with profits from other business lines.,https://ideaproof.io/failure/kingsoft-cloud
bairong-yunda,Bairong Yunda,2014,2025,China,Fintech,major,600,$600M,,,"Regulatory crackdown, market collapse and competition","Hillhouse, Sequoia",Fintech companies must diversify across jurisdictions and customer types to mitigate existential regulatory risks and market dependencies.,https://ideaproof.io/failure/bairong-yunda
suishou-technology,Suishou Technology,2010,2024,China,Financial & Fintech,major,250,$250M,,,Platform crushed by tech giant competition,"Fosun RZ Capital, others",Building infrastructure in a market dominated by vertically integrated giants with infinite capital subsidies is an uphill battle that often results in failure.,https://ideaproof.io/failure/suishou-technology
okx-china,OKX China,2017,2024,China,Financials,major,200,$200M,,,Regulatory crackdown on cryptocurrency activity,Unknown,"Operating in authoritarian markets with business models dependent on government tolerance rather than explicit approval is extremely risky, as regulatory environments can change abruptly and completely shutter operations.",https://ideaproof.io/failure/okx-china
bitmain-china,Bitmain,2013,2024,China,Information Technology / Hardware,major,750,$750M,,,"Founder conflict, strategic overreach, market timing",Unknown,Hardware businesses in cyclical markets need counter-cyclical revenue streams; relying solely on high-margin hardware with market volatility is unsustainable. Lack of software/service diversification can be fatal.,https://ideaproof.io/failure/bitmain-china
huobi-china,Huobi China,2013,2024,China,Blockchain/Crypto,major,300,$300M,,,"Regulatory crackdown, strategic paralysis",Unknown,"Regulatory risk for crypto businesses in certain jurisdictions can be existential, requiring proactive strategic pivots rather than simply operational adjustments.",https://ideaproof.io/failure/huobi-china
juzi-china,Juzi,2015,2024,China,Social Media/Content Discovery,major,150,$150M,,,Competitive asphyxiation in winner-take-all market,Private Equity,"Competing in mature, hyper-consolidated platform markets requires significantly more capital and stronger differentiation than Juzi possessed to overcome incumbent network effects.",https://ideaproof.io/failure/juzi-china
tencent-huiying,Tencent Huiying,2017,2024,China,Social Media,major,250,$250M,,,"Failed against dominant competitors, corporate misexecution",Tencent,Even massive funding and distribution don't guarantee success in competitive markets if product execution and culture are misaligned with market needs.,https://ideaproof.io/failure/tencent-huiying
kuaigou-dache,KuaiGou Dache,2014,2024,China,Communication Services,major,500,$500M,,,Competitive asphyxiation in winner-take-all market,"58.com, Sequoia Capital","In winner-take-all markets, sheer capital and network effects often trump localized strategies or product differentiation, requiring orders of magnitude more funding than initially estimated.",https://ideaproof.io/failure/kuaigou-dache
youxin-china,Youxin,2011,2024,China,Auto/Used Car Marketplace,major,1200,$1.2B,,,"Unsustainable unit economics, heavy infrastructure","Warburg Pincus, Tencent","Marketplaces require strong unit economics at small scale before aggressive expansion, especially in high-cost, low-margin businesses with heavy infrastructure requirements.",https://ideaproof.io/failure/youxin-china
dali-education,Dali Education,2020,2024,China,EdTech,major,1200,$1.2B,,,Government regulatory crackdown,ByteDance,"Regulatory risk is existential, especially in education markets with authoritarian governments; single-country EdTech businesses in such regions are highly vulnerable.",https://ideaproof.io/failure/dali-education
gogokid,GoGoKid,2018,2023,China,EdTech,major,200,$200M,,,"Poor unit economics, intense competition, regulation",ByteDance,"Even with massive funding and a powerful parent company, poor unit economics and unforeseen regulatory changes can quickly sink an edtech platform.",https://ideaproof.io/failure/gogokid
waka-china,Waka,2020,2024,China,Communication Services,major,150,$150M,,,"Strategic incoherence, strong network effects by competitor",ByteDance,"Even significant funding and an experienced parent company cannot overcome fundamental strategic flaws and superior network effects when competing against an established market leader, especially your own sibling product.",https://ideaproof.io/failure/waka-china
jiyue,Jiyue,2021,2025,China,Automotive/Electric Vehicles,major,800,$800M,,,"Market saturation, weak brand, poor differentiation","Baidu, Geely","Even with major backing, joint ventures in saturated markets require crystal-clear differentiation and unified strategic direction to avoid being 'stuck in the middle' and overcome brutal unit economics.",https://ideaproof.io/failure/jiyue
linksure-china,LinkSure China,2013,2024,China,Communication Services,notable,,Unknown,,,"Regulatory, market obsolescence, inability to pivot",Unknown,Foundational business models reliant on legal/ethical grey areas and third-party platforms are inherently unstable and subject to swift market and regulatory shifts.,https://ideaproof.io/failure/linksure-china
meten-edtechx-china,Meten EdtechX,2006,2024,China,EdTech,major,600,$600M,,,"Poor unit economics, regulatory changes, SPAC",Unknown,"Despite large funding and market valuation, unsustainable unit economics and external regulatory pressures can collapse an asset-heavy business model.",https://ideaproof.io/failure/meten-edtechx-china
rise-education-china,Rise Education,2007,2023,China,EdTech,major,550,$550M,,,Regulatory crackdown on private education,Unknown,Operating in state-capitalist markets carries extreme regulatory risk that can materialize rapidly and devastate an entire business model.,https://ideaproof.io/failure/rise-education-china
zhubajie,Zhubajie,2006,2024,China,Freelance Marketplace,major,850,$850M,,,"Unsustainable unit economics, market shifts, low trust",Unknown,"Marketplace take rates must be justified by irreplaceable value creation, not just coordination, especially amidst commoditization and evolving market dynamics.",https://ideaproof.io/failure/zhubajie
kaola-china,Kaola,2015,2019,China,E-commerce/Cross-border,notable,,Unknown,,,"Competitive warfare, capital intensity",Unknown,"Capital-intensive business models in competitive markets require deep pockets and a clear path to profitability, as slim margins can be easily eroded by aggressive competitors.",https://ideaproof.io/failure/kaola-china
kuaibo-qvod,Kuaibo (Qvod),2007,2014,China,Communication Services,major,50,$50.0M,,,Legal/regulatory issues due to piracy,Unknown,Founding a business model on 'plausible deniability' regarding content and infringing on copyright and obscenity laws creates an existential legal vulnerability.,https://ideaproof.io/failure/kuaibo-qvod
levteo,Levteo (Letin),2008,2023,China,Automotive/Electric Vehicles,major,500,$500M,,,"Early market, high costs, superior competition","Weifang municipal government, state-backed private equity","Early market entry in capital-intensive hardware without a software moat is challenging, as technology evolves rapidly and competition intensifies.",https://ideaproof.io/failure/levteo
shixianghui,Shixianghui,2018,2021,China,Consumer,major,44.6,$44.6M,,,Crushed by large platform competitors,"Tencent, CDB Capital","Startups should avoid entering low-margin, high-frequency markets where well-capitalized incumbents can indefinitely subsidize losses to gain market share.",https://ideaproof.io/failure/shixianghui
wall-street-english-china,Wall Street English China,2000,2021,China,EdTech,major,300,$300.0M,,,"Regulatory changes, pandemic, flawed business model",Unknown,"Premium education models relying on large upfront payments and physical centers are highly vulnerable to regulatory shifts, pandemics, and digital disruption. True scalability requires lean unit economics.",https://ideaproof.io/failure/wall-street-english-china
iwjw-love-home,Iwjw (Love Home),2014,2019,China,Consumer/Home Services Marketplace,major,200,$200M,,,"Poor unit economics, high CAC, low scalability","Temasek, Shunwei, Gaorong","Marketplace models in high-touch, bespoke industries like home renovation struggle due to poor unit economics, high customer acquisition costs, and inherent quality control challenges.",https://ideaproof.io/failure/iwjw-love-home
quanmin-tv,Quanmin TV,2015,2019,China,Communication Services/Social Media,major,75,$75M,,,"Late-mover, unsustainable unit economics, intense competition","Jingyuan Capital, Shouyou","In network-effect markets like live-streaming, late entrants struggle against established players with exclusive content, regulatory moats, and superior unit economics.",https://ideaproof.io/failure/quanmin-tv
tuandaiwang,Tuandaiwang,2011,2019,China,Financials/Fintech,major,375,$375M,,,Regulatory crackdown and operational fraud,"Minsheng Capital, Giant Network",Regulatory arbitrage is not a sustainable business model and can lead to severe consequences when regulations clarify.,https://ideaproof.io/failure/tuandaiwang
passel-australia,Passel,2016,2018,Australia,Communication Services,notable,,$300K,,,"Solution looking for a problem, distribution, network effects",Unknown,"Network effects can be detrimental if they require simultaneous group adoption rather than individual value, and forcing users to migrate to a new platform is a significant barrier to entry.",https://ideaproof.io/failure/passel-australia
yourgrocer-australia,YourGrocer,2013,2023,Australia,"E-commerce Grocery, Retail",notable,1.5,$1.5M,,,Undercapitalization in capital-intensive industry,Unknown,"Online grocery delivery is a capital-intensive business with low margins, requiring significant funding to achieve scale and compete with established incumbents.",https://ideaproof.io/failure/yourgrocer-australia
halo-food-co,Halo Food Co.,2017,2023,Australia,Food & Beverage/Plant-Based,notable,15,$15M,,,"Intense competition, poor unit economics",Unknown,"In crowded CPG markets, product quality is not enough; distribution and strong differentiation are critical for survival against incumbents and well-funded rivals.",https://ideaproof.io/failure/halo-food-co
voly-australia,Voly Australia,2021,2022,Australia,Financial & Fintech,notable,13,$13M,,,"Oversaturated market, poor unit economics, low differentiation","Peak XV/Sequoia, Global Founders Capital","Neobanks targeting consumers must achieve massive scale (500K+ active users) to reach unit economics breakeven, requiring clear differentiation and efficient customer acquisition.",https://ideaproof.io/failure/voly-australia
big-un-australia,Big Un Australia,2013,2018,Australia,Communication Services/Marketplace,major,20,$20M,,,Massive securities fraud and fabricated revenue,Unknown,Financial transparency and ethical reporting are paramount for marketplace businesses to maintain investor and public trust.,https://ideaproof.io/failure/big-un-australia
booktopia-australia,Booktopia,2004,2024,Australia,Consumer/Marketplace,major,30,$30.0M,,,"Stuck in the middle strategy, low margins.",Unknown,Commodity markets demand either extreme cost leadership (like Amazon) or strong differentiation through unique community and curation (like independent bookstores); being 'stuck in the middle' with mid-range pricing and impersonal service is a recipe for failure.,https://ideaproof.io/failure/booktopia-australia
unlockd-australia,Unlockd,2014,2018,Australia,Communication Services,major,37,$37M,,,Platform gatekeeper legal and regulatory failure,"Axiata Group, Catch Group","Never build a business model that requires circumventing or exploiting gray areas in platform terms of service, as platform risk is binary and can lead to catastrophic failure.",https://ideaproof.io/failure/unlockd-australia
getswift-australia,GetSwift,2015,2021,Australia,Information Technology/SaaS,major,75,$75.0M,,,"Securities fraud, misleading partnership claims",Unknown,"Founders must distinguish between pilot programs, MOUs, and binding contracts, as misleading partnership announcements can lead to legal and financial ruin.",https://ideaproof.io/failure/getswift-australia
guvera,Guvera,2008,2017,Australia,Music Streaming,major,135,$135M,,,"Unsustainable unit economics, poor licensing deals",Unknown,Three-sided marketplaces require balancing distinct value propositions for all parties; negative unit economics masked by venture capital lead to inevitable collapse.,https://ideaproof.io/failure/guvera
wukong-wenda,Wukong Wenda,2017,2021,China,Social Media,major,145,$145M,,,Underestimated incumbent network effects and community,Unknown,Aggressive spending and distribution alone are insufficient to dislodge community-driven platforms with strong network effects and established user cultures; product-market fit requires deeply understanding user behavior beyond just content consumption.,https://ideaproof.io/failure/wukong-wenda
hanteng-auto,Hanteng Auto,2013,2021,China,Automotive / EV Manufacturing,major,200,$200M,,,Catastrophic competitive disadvantage in crowded market,Tech-New Group,Even significant funding is insufficient for hardware manufacturing in a hyper-competitive market without strong differentiation or established infrastructure.,https://ideaproof.io/failure/hanteng-auto
zhidou-china,Zhidou,2006,2019,China,Automotive/Electric Vehicles,major,150,$150M,,,"Misread market, shifted regulations, competition","Geely, GSR Ventures","Relying on regulatory arbitrage for a business model is a short-term strategy that collapses when regulations inevitably change, especially in dynamic markets.",https://ideaproof.io/failure/zhidou-china
feiliao-flipchat,Feiliao (Flipchat),2019,2021,China,Communication Services/Social Media,major,50,$50M,,,"Overambitious, strong competition, lack of unique value",Unknown,"Even with massive resources, competing directly with established network effects in social media is extremely difficult without truly differentiated value.",https://ideaproof.io/failure/feiliao-flipchat
tacoma-nanjing,Tacoma Nanjing,2015,2020,China,Electric Vehicle Manufacturing,major,365,$365M,,,"Under-capitalization, market timing, intense competition","Nanjing municipal government, private investors","Large-scale asset-heavy manufacturing requires immense capital and deep competitive analysis, especially in rapidly evolving and heavily subsidized markets.",https://ideaproof.io/failure/tacoma-nanjing
chengxin-youxuan,Chengxin Youxuan,2020,2021,China,E-commerce/Community Group Buying,major,1200,$1.2B,,,"Unsustainable subsidies, intense competition","SoftBank, DST Global, IDG","Addiction to subsidies for growth in hyper-competitive markets is fatal, leading to unsustainable unit economics and rapid cash burn.",https://ideaproof.io/failure/chengxin-youxuan
enovate-motors,Enovate Motors (Tianji),2015,2023,China,Automotive/Electric Vehicles,major,1670,$1.67B,,,"Capital exhaustion, operational execution, market consolidation","Shanghai Electric, Unknown strategic investors","Hardware businesses, especially in highly capital-intensive sectors like EV manufacturing, require significantly more capital and flawless execution than anticipated to survive hyper-competitive markets.",https://ideaproof.io/failure/enovate-motors
xuebajun,Xuebajun,2013,2021,China,EdTech,major,150,$150M,,,"Unit economics, regulation, strategic missteps","Qiming, Vertex","Xuebajun's pivot from a free, scalable homework app to a high-cost 1-on-1 tutoring service created unsustainable unit economics, exacerbated by intense competition and sudden regulatory changes, highlighting the extreme risks of unproven monetization strategies in cutthroat markets.",https://ideaproof.io/failure/xuebajun
dangke-apartment-eggshell,Dangke Apartment (Eggshell),2015,2020,China,Real Estate / Co-living,major,684,$684.0M,,,"Ponzi-like model, cash flow insolvency","Tiger Global, Ant Group, CMC Capital","A business model heavily reliant on continuous growth and new capital to cover fundamental cash flow mismatches is unsustainable, especially when external shocks occur.",https://ideaproof.io/failure/dangke-apartment-eggshell
saleen-china,Saleen China,2009,2020,China,Automotive/EV Manufacturing,major,885,$885M,,,"Catastrophic unit economics, strategic misalignment","Rugao City Government, Chinese investors","Building hardware at scale requires a complete ecosystem, not just a product, and massive capital combined with misaligned incentives can lead to catastrophic failure.",https://ideaproof.io/failure/saleen-china
wujiang-hotels,Wujiang Hotels,2019,2020,China,Hospitality/Budget Hotel Aggregation,major,30,$30M,,,"COVID-19 timing, intense competition, capital-intensive model",Trip.com (Ctrip),"Capital-intensive 'lease guarantee' models in hospitality are highly vulnerable to market shocks like pandemics and fierce competition, especially when scaling in commoditized segments.",https://ideaproof.io/failure/wujiang-hotels
baicheng,Baicheng,2000,2020,China,E-commerce/Marketplace,major,49,$49M,,,"Competitive displacement, strategic misalignment, poor execution","Alibaba, China Broadband Capital","In platform businesses, owning critical infrastructure like payments and logistics creates defensibility that pure software alone cannot, as demonstrated by Alibaba's Alipay in China's e-commerce market.",https://ideaproof.io/failure/baicheng
bitspark-china,Bitspark,2014,2020,Hong Kong,Fintech/Blockchain Remittance,notable,,$68K,,,"Undercapitalized, regulatory whiplash, poor timing",Unknown,"Regulated fintech businesses require significantly more capital than typically estimated, especially when navigating complex and evolving regulatory landscapes in emerging markets.",https://ideaproof.io/failure/bitspark-china
bordrin-motors,Bordrin Motors,2016,2021,China,Automotive / Electric Vehicles,major,362,$362M,,,"Intense competition, inefficient capital use","Sumitomo Corp, China Minsheng",Hardware startups in competitive markets require massive capital efficiency and rapid scale to overcome intense competition and high production costs.,https://ideaproof.io/failure/bordrin-motors
lesports-china,LeSports China,2014,2018,China,Communication Services/Sports Streaming,major,1700,$1.7B,,,Unsustainable spending on content rights,Unknown,Blindly pursuing growth through unsustainable content acquisition in highly competitive markets can lead to catastrophic cash burn and collapse.,https://ideaproof.io/failure/lesports-china
dev-bootcamp,Dev Bootcamp,2012,2017,USA,EdTech,major,30,$30M,,,"Oversaturated market, lack of adaptability, scalability issues",Kaplan,"First-mover advantage in education is a trap without continuous innovation; market dynamics can shift quickly, requiring constant adaptation to remain competitive.",https://ideaproof.io/failure/dev-bootcamp
the-iron-yard,The Iron Yard,2013,2017,USA,EdTech,notable,15,$15M,,,"Premature scaling, market saturation",Apollo Education Group,Aggressive physical expansion in EdTech without robust unit economics and market understanding can lead to collapse.,https://ideaproof.io/failure/the-iron-yard
itt-tech,ITT Technical Institute,1969,2016,USA,EdTech,notable,,Unknown,,,Regulatory execution due to systemic fraud,Unknown,For-profit education models relying heavily on federal student aid are inherently unstable and prone to regulatory scrutiny if outcomes are poor or practices are predatory.,https://ideaproof.io/failure/itt-tech
corinthian-usa,Corinthian Colleges,1995,2015,USA,Education Tech,major,1000,$1.0B,,,Regulatory crackdown on systemic fraud,Unknown,Business models decoupled from genuine student success and reliant on aggressive recruitment and fabricated outcomes are regulatory time bombs.,https://ideaproof.io/failure/corinthian-usa
juni-learning,Juni Learning,2017,2024,USA,EdTech,major,30,$30M,,,"Unsustainable unit economics, post-pandemic correction","Forerunner, Index Ventures","Human-labor-intensive EdTech models require high gross margins (70%+) to be venture fundable, a challenge for 1-on-1 tutoring at sub-$400/month pricing.",https://ideaproof.io/failure/juni-learning
altschool-usa,AltSchool,2013,2019,USA,EdTech,major,175,$175M,,,"Poor unit economics, strategic confusion","Mark Zuckerberg, Founders Fund","Operating schools to build software created irreconcilable conflicts, highlighting the 'full-stack' fallacy in the education sector.",https://ideaproof.io/failure/altschool-usa
zovio,Zovio,2004,2022,USA,Education Technology,major,400,$400M,,,Regulatory and reputational strangulation,Unknown,"Founders must recognize that regulatory frameworks can undermine a business model, especially when those regulations are tied to public perception and government funding.",https://ideaproof.io/failure/zovio
allhere-usa,AllHere,2016,2024,USA,EdTech,notable,13,$13M,,,"AI product-market fit, EdTech sales",Rethink Education,"AI capabilities are rapidly commoditizing; building a sustainable EdTech solution requires deep understanding of sales cycles and operational realities, not just technological prowess.",https://ideaproof.io/failure/allhere-usa
udacity,Udacity,2011,2024,USA,EdTech,major,1000,$1.0B,,,"Low completion rates, high burn",Unknown,"Even with substantial funding and an early market lead, low course completion rates and an unsustainable business model can erode a company's market position and lead to significant financial struggles.",https://ideaproof.io/failure/udacity
dux-education,Dux Education,2020,2023,India,EdTech,notable,,Unknown,,,"Market saturation, poor differentiation, unsustainable economics",Unknown,"In hyper-competitive markets, differentiation and sustainable unit economics are crucial; avoid me-too products during boom cycles.",https://ideaproof.io/failure/dux-education
2u,2U,2008,2024,USA,EdTech,notable,,Unknown,,,"Unsustainable unit economics, M&A, market shift",Unknown,Revenue-share models with suppliers in edtech can lead to margin-squeezed operations with no pricing power; owning content or proprietary tech is crucial.,https://ideaproof.io/failure/2u
invact-metaversity,Invact Metaversity,2021,2022,India,EdTech,notable,5,$5.0M,,,"Misread market, solution-first thinking",Unknown,"Novel technology alone doesn't guarantee success; educational value and job outcomes are primary for professional learners, not just delivery mechanism.",https://ideaproof.io/failure/invact-metaversity
crejo-fun,Crejo.Fun,2020,2022,India,Information Technology/Developer Tools,notable,3,$3.0M,,,"Product-market misalignment, mistimed platform shift",Matrix Partners,"No-code platforms in emerging markets need to avoid complexity and instead offer vertical, AI-driven solutions that solve the full job-to-be-done for specific niches, rather than generic tools.",https://ideaproof.io/failure/crejo-fun
yellow-class,Yellow Class,2020,2023,India,EdTech,notable,7.5,$7.5M,,,"Unsustainable unit economics, bad market timing",Unknown,"Live human instruction does not scale profitably in edtech, requiring either recorded content, AI tutoring, or B2B2C distribution to achieve sustainable unit economics.",https://ideaproof.io/failure/yellow-class
udayy-india,Udayy,2019,2022,India,EdTech,notable,13.5,$13.5M,,,Underfunded in competitive market,"Norwest Venture Partners, Alpha Wave","In hyper-competitive, commoditized markets, capital efficiency is critical, and being underfunded against giants can prevent achieving escape velocity.",https://ideaproof.io/failure/udayy-india
frank-usa,Frank,2016,2023,USA,Fintech/Education,major,175,$175.0M,,,Alleged founder fraud on user numbers,JP Morgan (Acquirer),"Allegations of founder fraud concerning user metrics directly led to Frank's demise, highlighting the critical importance of verifiable data and ethical leadership.",https://ideaproof.io/failure/frank-usa
pluralsight,Pluralsight,2004,2024,USA,Information Technology,major,4000,$4.0B,,,"Unsustainable unit economics, market fragmentation",Vista Equity,Edtech engagement and ROI for enterprise sales are crucial; a 'growth-at-all-costs' model masked fundamental unit economic problems leading to a slow-motion collapse.,https://ideaproof.io/failure/pluralsight
bitwise-industries,Bitwise Industries,2013,2023,USA,Information Technology,major,158,$158M,,,"Overambitious, multi-venture, poor cash flow","Kapor Capital, Goldman Sachs Urban Investment Group","Attempting to run multiple capital-intensive, low-margin businesses simultaneously without achieving operational leverage is a recipe for disaster.",https://ideaproof.io/failure/bitwise-industries
dada-english,Dada English,2013,2021,China,EdTech,major,100,$100M,,,Regulatory ban on for-profit tutoring,"Tiger Global, TAL Education","In authoritarian markets, regulatory risk can be total, instant, and unappealable, requiring a significant haircut to TAM-based valuations for sustainable growth.",https://ideaproof.io/failure/dada-english
byjus-india,Byju's,2011,2025,India,EdTech,major,6000,$6B,,,"Unsustainable growth, poor unit economics",Unknown,"Growth at all costs through aggressive M&A and high customer acquisition without sustainable unit economics is a recipe for disaster, especially when product-market fit is superficial.",https://ideaproof.io/failure/byjus-india
silicon-valley-bank,Silicon Valley Bank (SVB),1983,2023,USA,Financials,major,209000,$209.0B in assets,,,"Asset-liability mismatch, concentration risk",Unknown,"Concentration risk in a single industry can create correlated failure modes, making a business vulnerable to market shifts.",https://ideaproof.io/failure/silicon-valley-bank
bitfront-usa,Bitfront USA,2020,2023,USA,Financial & Fintech,notable,10,$10M,,,"Late-mover disadvantage, insufficient differentiation",Unknown,"In network-effects-driven markets, late entrants without strong differentiation or a unique wedge face insurmountable challenges against established competitors.",https://ideaproof.io/failure/bitfront-usa
neeva,Neeva,2019,2023,USA,Information Technology / SaaS (B2C),major,77,$77.0M,,,"High acquisition costs, misaligned business model",Unknown,"Consumers have near-zero willingness-to-pay for search, making a subscription model incredibly difficult against free ad-supported giants.",https://ideaproof.io/failure/neeva
visionai,VisionAI,2020,2025,USA,Artificial Intelligence,major,80,$80M,,,Strategic misalignment with market evolution,Unknown,"Founders must build applications that deliver clear business outcomes, rather than just selling infrastructure, especially in rapidly evolving tech markets.",https://ideaproof.io/failure/visionai
locomation,Locomation,2018,2023,USA,Robotics/Autonomous Trucking,major,100,$100.0M,,,"Product-market fit, technical overreach, regulatory hurdles",Scale Venture,Regulatory risk is a primary constraint in physical-world AI and physical-world hardware integration is a multi-dimensional challenge.,https://ideaproof.io/failure/locomation
tusimple-china,TuSimple,2015,2024,USA,Industrials/AI,major,1000,$1B,,,Geopolitical risks and corporate governance issues,"UPS, Nvidia","Geopolitical tensions and corporate governance issues can be existential threats, especially for dual-use technologies in an interconnected world.",https://ideaproof.io/failure/tusimple-china
suncable-australia,SunCable,2018,2023,Australia,Utilities/CleanTech,major,130,$130.0M,,,Insufficient capital for megaproject scale,"Mike Cannon-Brookes, Andrew Forrest","Megaprojects require state-level backing or Public-Private Partnerships, not traditional venture capital, due to extreme capital needs and long timelines.",https://ideaproof.io/failure/suncable-australia
embark-usa,Embark,2016,2023,USA,Industrials/Robotics,major,300,$300M,,,"Underestimated tech complexity, capital market realities",Tiger Global,Deep tech development timelines often clash with capital market expectations; high TAM doesn't compensate for underestimated technology readiness levels.,https://ideaproof.io/failure/embark-usa
groop-turkey,Groop,2017,2021,Turkey,Consumer/marketplace,notable,0.5,$500K,,,"No market need, catastrophic unit economics",500 Startups,"Two-sided marketplaces need a 10x better value proposition than existing solutions to overcome friction, especially in competitive and volatile markets.",https://ideaproof.io/failure/groop-turkey
incita,Incita,2018,2022,Turkey,Enterprise Software,notable,,Unknown,,,"Macroeconomic headwinds, currency crisis",Unknown,Emerging market SaaS requires robust currency hedging and a strong value proposition to overcome macroeconomic volatility and limited local purchasing power.,https://ideaproof.io/failure/incita
tazemasa,Tazemasa,2012,2023,Turkey,Online Grocery Delivery,notable,2,$2M,,,"Poor unit economics, low margins, lack of scale",Unknown,Capital-intensive businesses with low margins require significant funding and scale to achieve profitability; strong unit economics are crucial for survival.,https://ideaproof.io/failure/tazemasa
lidyana-turkey,Lidyana,2012,2022,Turkey,Consumer E-commerce / Fashion Tech,notable,10,$10M,,,Unsustainable unit economics in hybrid model,"Endeavor, RuNet",Hybrid content-commerce models are capital intensive and require strong unit economics and execution to succeed; niche focus or structural advantage is crucial.,https://ideaproof.io/failure/lidyana-turkey
vebitcoin-turkey,Vebitcoin,2017,2021,Turkey,Financials/Fintech,notable,,Unknown,,,Founder absconded with customer funds,Unknown,"Financial platforms require robust trust infrastructure, secure custody, and strict regulatory compliance; commingling funds leads to catastrophic failure.",https://ideaproof.io/failure/vebitcoin-turkey
gittigidiyor-turkey,GittiGidiyor,2001,2022,Turkey,E-commerce/Marketplace,notable,,Unknown,,,"Platform obsolescence, strategic neglect by eBay",Unknown,"Marketplaces must continuously evolve with user expectations and local market dynamics, or risk being outcompeted by modern mobile-first platforms and specialized services.",https://ideaproof.io/failure/gittigidiyor-turkey
getir-intl-ops,Getir (Intl. Ops),2015,2024,Turkey,Quick Commerce/Grocery Delivery,notable,,Unknown,,,"Unsustainable unit economics, premature international expansion",Unknown,"Capital-intensive marketplaces need to achieve unit-level profitability in one market before attempting rapid, simultaneous international expansion to avoid catastrophic capital burn and market timing issues.",https://ideaproof.io/failure/getir-intl-ops
thodex-turkey,Thodex,2017,2021,Turkey,Financials,notable,,Unknown,,,Large-scale crypto exit scam,Unknown,Exchanges must provide verifiable 'Proof-of-Reserves' and adhere to strict regulatory compliance to prevent fraudulent activities and protect user assets.,https://ideaproof.io/failure/thodex-turkey
homehero,HomeHero,2013,2017,USA,Health Care/Marketplace,major,23,$23M,,,Misunderstood healthcare economics & regulations,"Social Capital, Graham Holdings",Healthcare marketplaces require defensible supply and a deep understanding of regulatory complexities and unit economics beyond typical on-demand models.,https://ideaproof.io/failure/homehero
alle-app,Alle App,2023,2026,India,Social Commerce/E-commerce,notable,3,$3M,,,"Competitive compression, capital inefficiency",Elevation Capital,"In hyper-competitive markets like Indian social commerce, strong distribution and capital efficiency are paramount, as even good product ideas can be overwhelmed by dominant players.",https://ideaproof.io/failure/alle-app
subspace,Subspace\USA,2018,2022,USA,Information Technology,major,26,$26.0M,,,Capital-intensive infrastructure meets slow sales,Unknown,"Infrastructure startups require significantly more capital than estimated and face long enterprise sales cycles, making them vulnerable during market downturns.",https://ideaproof.io/failure/subspace
adamos,ADAMOS,2017,2023,Germany,Industrials/IoT Platform,major,60,$60M,,,"Consortium governance complexity, slow execution","DMG MORI, Dürr, Zeiss","Consortium models with diverse, slow-moving partners stifle innovation and swift execution in fast-paced software markets, especially with conflicting incentives.",https://ideaproof.io/failure/adamos
meatable,Meatable,2018,2025,Netherlands,Biotechnology/Cultivated Meat,major,100,$100M,,,"Commercialization chasm, deeptech complexity, insufficient runway","Agronomics, BlueYard","Deeptech startups, especially in capital-intensive areas like cultivated meat, must manage capital runway effectively and consider wedge products over moonshots for earlier commercial viability.",https://ideaproof.io/failure/meatable
smartisan-china,Smartisan,2012,2019,China,Information Technology,major,250,$250.0M,,,"Competition, unsustainable unit economics, hardware war",Unknown,Hardware startups require significantly more capital than anticipated and face brutal competition and scaling challenges.,https://ideaproof.io/failure/smartisan-china
stadia,Stadia,2019,2023,USA,Communication Services,major,1000,$1.0B,,,"Strategic incoherence, content scarcity, poor execution",Unknown,"Even world-class technology in consumer platforms fails without exclusive content, strong ecosystem lock-in, and clear market differentiation.",https://ideaproof.io/failure/stadia
instream,InStream,2015,2023,Poland,Video Streaming & Creator Economy,notable,0.5,$500K,,,Insufficient capital for competitive market,Unknown,Building a two-sided marketplace in a capital-intensive industry requires significant funding to compete with entrenched incumbents and attract both creators and audiences.,https://ideaproof.io/failure/instream
fair-com-usa,Fair.com,2016,2022,USA,Automotive / Flexible Ownership,major,2100,$2.1B,,,"Negative unit economics, asset-heavy model","SoftBank, BMW","Asset-heavy marketplaces require robust unit economics from day one, as scaling negative margins only accelerates failure.",https://ideaproof.io/failure/fair-com-usa
lovely-poland,Lovely,2016,2022,Poland,Real Estate / PropTech,notable,0.25,$250K,,,"Undercapitalization, strong incumbents, low trust market",PROTOS VC,"Building a two-sided marketplace, particularly in a low-trust market with strong incumbents, requires substantial capital that $250K simply cannot provide.",https://ideaproof.io/failure/lovely-poland
turbotranslations,TurboTranslations,2014,2023,Poland,Communication Services,notable,,$150K,,,Technological disruption by AI translation,Unknown,"Marketplace models are vulnerable when technology eliminates the need for their core human-powered supply, especially in rapidly evolving tech sectors.",https://ideaproof.io/failure/turbotranslations
woolet-poland,Woolet,2015,2021,Poland,Consumer Hardware,notable,0.4,$400K,,,"Unsustainable unit economics, hardware competition, market timing","Crowdfunding, Angels",Hardware startups require significantly more capital and time than software; insufficient funding led to Woolet's demise in a highly competitive market.,https://ideaproof.io/failure/woolet-poland
arrinera,Arrinera,2008,2021,Poland,Automotive / Supercar Manufacturing,notable,5,$5.0M,,,"Underestimated capital, regulatory, and supply chain needs","Private Investors, Polish Government Grants","Building a hardware startup, especially in complex industries like automotive, requires orders of magnitude more capital, domain expertise, and strategic partnerships than many founders anticipate.",https://ideaproof.io/failure/arrinera
righthello,RightHello,2014,2022,Poland,Information Technology,notable,,Unknown,,,"Stuck in competitive, commoditized market",Unknown,"In commoditized markets, undifferentiated feature parity is a death trap; unique value propositions or specialized niches are critical for survival.",https://ideaproof.io/failure/righthello
surge-cloud,Surge Cloud,2018,2023,Poland,Information Technology,notable,1,$1.0M,,,"Underestimated capital intensity, hyperscaler moat",Unknown,"Infrastructure businesses are extremely capital-intensive and require vast resources to compete with established hyperscalers like AWS, Azure, and GCP.",https://ideaproof.io/failure/surge-cloud
cinkciarz-pl,Cinkciarz.pl (Conotoxia),2010,2024,Poland,Fintech,notable,,Unknown,,,"Regulatory issues, alleged Ponzi scheme",Unknown,Regulatory compliance is not a 'nice-to-have' in fintech—it's the product; operating in gray zones enables early growth but leads to eventual collapse.,https://ideaproof.io/failure/cinkciarz-pl
zortrax,Zortrax,2013,2024,Poland,Industrials/3D Printing,notable,15,$15M,,,"Market commoditization, strategic rigidity",NewConnect public market,"Proprietary hardware in rapidly commoditizing markets struggles without adapting to open-source competition and changing customer demands, leading to being stranded in a shrinking middle-market segment.",https://ideaproof.io/failure/zortrax
neon-shake,Neon Shake,2009,2023,Poland,Information Technology/Digital Agency,notable,,Unknown,,,Failed to adapt services model,Unknown,Digital agencies must transition from a services model to a scalable product business within 3-5 years to avoid commoditization and AI disruption.,https://ideaproof.io/failure/neon-shake
nk-pl,NK.pl,2006,2021,Poland,Social Networking,notable,,Unknown,,,"Loss to global competitors, slow innovation",Unknown,First-mover advantage in platform businesses is temporary without continuous innovation velocity and adaptation to new trends like mobile-first.,https://ideaproof.io/failure/nk-pl
ursus-poland,Ursus,1893,2021,Poland,Industrials/Agricultural Machinery,major,77,$77M,,,"Technological obsolescence, market competition, failed industrial policy","Public bailouts, Unknown","For established industries, continuous innovation and adaptation to market changes are crucial to avoid obsolescence and compete against global leaders.",https://ideaproof.io/failure/ursus-poland
merlin-pl,Merlin.pl,1999,2024,Poland,E-commerce/Marketplace,notable,9,$9.0M,,,"Premature market timing, strategic inflexibility, capital inefficiency",Unknown (publicly traded),"Even with a strong vision, launching an innovative product too far ahead of market readiness can lead to failure, as infrastructure and consumer behavior may not yet support sustainable growth.",https://ideaproof.io/failure/merlin-pl
onkyo,Onkyo,1946,2022,Japan,Consumer Electronics,notable,,Unknown,,,"Market shift, failed software pivot, legacy business",Unknown,"Legacy hardware companies must adapt to software-driven ecosystems and recurring revenue models, or risk obsolescence from market shifts and changing consumer behavior.",https://ideaproof.io/failure/onkyo
tateru-japan,Tateru,2006,2021,Japan,Real Estate/Proptech,notable,,Unknown,,,"Fraud scandal, unsustainable growth model",Unknown,"Regulated marketplace businesses require physical and legal infrastructure to scale proportionally with technology, otherwise fraud and shortcuts become inevitable under growth pressure.",https://ideaproof.io/failure/tateru-japan
renown-japan,Renown Japan,1902,2020,Japan,Apparel Retail,major,125,$125M,,,"Distribution channel obsolescence, failure to adapt",Shandong Ruyi,Over-reliance on outdated distribution channels and a failure to adapt to changing consumer preferences and e-commerce can lead to the downfall of even long-established companies.,https://ideaproof.io/failure/renown-japan
fcnt-japan,FCNT,2018,2023,Japan,Information Technology/Hardware,major,1000,$1.0B,,,Hardware commoditization in mature market,Polaris Capital,"Attempting to compete in a commoditized hardware market, especially against established global players, is exceptionally difficult without a significant software or ecosystem advantage.",https://ideaproof.io/failure/fcnt-japan
rumah-com,Rumah.com,2011,2023,Indonesia,Real Estate/Marketplace,notable,,Unknown,,,"Competitive displacement, limited transaction control",Unknown,"Marketplaces must own the transaction, not just lead generation, to build a sustainable moat against better-capitalized competitors.",https://ideaproof.io/failure/rumah-com
airy-rooms,Airy Rooms,2015,2020,Indonesia,Travel/Hospitality,notable,,Unknown,,,"Unsustainable unit economics, parent company misalignment",Unknown,"Marketplace aggregation in asset-heavy industries requires operational control, not just curation, and sustainable unit economics are paramount.",https://ideaproof.io/failure/airy-rooms
igrow-indonesia,iGrow Indonesia,2014,2024,Indonesia,Agritech/Crowdfunding,major,100,$100M,,,Unsustainable unit economics in agricultural crowdfunding,LinkAja (Telkomsel),Agricultural crowdfunding for commodity crops faces structural unprofitability; high operational overhead and low margins make scalability and investor returns unsustainable.,https://ideaproof.io/failure/igrow-indonesia
panda-auto,Panda Auto,2015,2021,China,Automotive/Electric Vehicles,notable,,Unknown,,,"Subsidy-dependent model, capital misallocation",Unknown,Relying heavily on government subsidies without genuine product differentiation makes a business model inherently fragile and prone to collapse when subsidies decline.,https://ideaproof.io/failure/panda-auto
joled,JOLED,2015,2023,Japan,Information Technology/Hardware,major,1000,$1.0B,,,Insufficient scale for capital-intensive manufacturing,Innovation Network Corporation of Japan (INCJ),"Hardware manufacturing, especially in advanced materials, requires immense capital and patience, often more than anticipated, to overcome the 'hardware death spiral' of insufficient scale preventing profitability.",https://ideaproof.io/failure/joled
marie-zelie,Marie Zélie,2016,2023,Poland,Fashion E-commerce / Marketplace,notable,2,$2.0M,,,"Unsustainable unit economics, marketplace chicken-and-egg",Unknown,"Marketplaces require significant capital and robust unit economics to overcome chicken-and-egg problems and achieve scale, especially in fragmented artisan markets.",https://ideaproof.io/failure/marie-zelie
qingchi,Qingchi,2018,2022,China,Social Networking,notable,,Unknown,,,"Regulatory issues, unsustainable unit economics",Unknown,"In China, regulatory compliance is paramount for social platforms; anonymity often leads to toxicity and poor retention without clear identity transition.",https://ideaproof.io/failure/qingchi
qraved-indonesia,Qraved Indonesia,2013,2021,Indonesia,Consumer/Marketplace,notable,15,$15.0M,,,Unsustainable marketplace unit economics,"MDI, Gobi",Marketplaces in emerging markets demand significantly better unit economics due to lower transaction values and higher customer acquisition costs.,https://ideaproof.io/failure/qraved-indonesia
uang-teman-indonesia,UangTeman\Indonesia,2014,2022,Indonesia,Financials,major,30,$30M,,,"Regulatory guillotine, unit economics death spiral",Unknown,"In emerging markets, fintech success hinges on a compliance-first approach, not just rapid growth, as regulatory changes can quickly invalidate even strong market positions.",https://ideaproof.io/failure/uang-teman-indonesia
zenius-indonesia,Zenius,2004,2024,Indonesia,EdTech,major,40,$40M,,,"Competitive displacement, strategic missteps","Northstar, MDI","Content alone is not a moat in EdTech; distribution, superior UX, and effective monetization are crucial for success, especially against well-funded competitors.",https://ideaproof.io/failure/zenius-indonesia
getback-poland,GetBack,2012,2018,Poland,Financials,major,600,$600M,,,Accounting fraud and liquidity crisis,Unknown,"Accounting fraud and mismanaged capital structures, particularly relying on short-term debt for long-term investments, can lead to catastrophic collapse despite rapid growth.",https://ideaproof.io/failure/getback-poland
investree-indonesia,Investree\Indonesia,2015,2024,Indonesia,Financials/Fintech,major,50,$50.0M,,,"Unit economics collapse, market saturation, regulatory headwinds","MUFG, BRI Ventures","Capital-intensive marketplaces in regulated industries require robust unit economics, aiming for significantly higher gross margins than software to withstand market pressures and regulatory challenges.",https://ideaproof.io/failure/investree-indonesia
origami-japan,Origami,2012,2020,Japan,Fintech / Mobile Payments,major,80,$80M,,,Lost subsidy war in competitive market,"SoftBank, SBI","In winner-take-all two-sided marketplaces, 'unfair advantages' like existing user bases, integrated ecosystems, or massive capital are often necessary to overcome well-funded competitors.",https://ideaproof.io/failure/origami-japan
zen-rooms,Zen Rooms,2015,2022,Singapore,Information Technology,major,20,$20.0M,,,"Broken unit economics, premature scaling",Unknown,Asset-light marketplace models in fragmented industries need significantly higher density than estimated for viable unit economics.,https://ideaproof.io/failure/zen-rooms
bebgroup,Bebgroup (Beb),2019,2023,Vietnam,Fintech,major,100,$100M,,,"Growth at all costs, broken unit economics",Unknown,Subsidized growth in two-sided marketplaces is a risky trap unless there's a clear path to profitability and a differentiated moat to sustain it.,https://ideaproof.io/failure/bebgroup
pegipegi-indonesia,Pegipegi,2012,2023,Indonesia,Information Technology,major,60,$60.0M,,,Outspent in winner-take-most market,Recruit Holdings,"Competing as a generalist online travel agency (OTA) in a highly competitive market requires substantial capital, making it unsuitable for bootstrapped approaches.",https://ideaproof.io/failure/pegipegi-indonesia
elevenia-indonesia,Elevenia Indonesia,2014,2022,Indonesia,E-commerce,major,60,$60M,,,"Strategic misalignment, competitive suffocation","SK Planet, XL Axiata","Corporate joint ventures need unconditional capital commitment, not staged funding based on 'option value' thinking, especially in winner-take-most markets.",https://ideaproof.io/failure/elevenia-indonesia
stoqo,Stoqo,2017,2020,Indonesia,Information Technology,notable,10,$10.0M,,,"Unsustainable unit economics, capital-intensive growth",Unknown,"Marketplaces with low gross margins cannot support high customer acquisition, logistics, and working capital costs, leading to unsustainable unit economics.",https://ideaproof.io/failure/stoqo
iflix-malaysia,Iflix,2014,2020,Malaysia,Information Technology,major,348,$348.0M,,,Cost-revenue mismatch in low ARPU markets,Unknown,"Low ARPU emerging markets require extreme cost efficiency and a sustainable revenue model, not just aggressive user acquisition.",https://ideaproof.io/failure/iflix-malaysia
tutorgroup-itutor,TutorGroup (iTutor),2004,2021,China,EdTech/Online Tutoring,major,300,$300M,,,"Regulatory crackdown, poor unit economics",Unknown,"Regulatory risks and unsustainable unit economics can lead to swift collapse, especially in heavily regulated markets like China's education sector.",https://ideaproof.io/failure/tutorgroup-itutor
qiantu-motor,Qiantu Motor,2015,2020,China,Automotive/Electric Vehicles,major,450,$450M,,,"Misread market, unit economics, over-reliance on subsidies",State-backed funds,"Niche luxury EV products in price-sensitive markets are difficult, especially with reliance on government subsidies that can be withdrawn.",https://ideaproof.io/failure/qiantu-motor
zhangmen-china,Zhangmen,2014,2022,China,Education Technology,notable,,Unknown,,,Regulatory crackdown and unsustainable unit economics,Unknown,"Beware of highly concentrated regulatory risk in heavily policed industries, especially when unit economics depend on unsustainable subsidies and unchecked growth.",https://ideaproof.io/failure/zhangmen-china
hiphi-human-horizons,HiPhi (Human Horizons),2017,2024,China,Automotive / Electric Vehicles,notable,,Unknown,,,"Poor unit economics, oversaturated market",Unknown,"In capital-intensive hardware businesses, unit economics must be viable at a fraction of target scale, not just at full scale.",https://ideaproof.io/failure/hiphi-human-horizons
bluepad-india,Bluepad India,2020,2024,India,Creator Economy/SaaS,notable,,Unknown,,,"Broken unit economics, failed product-market fit",Unknown,"Transaction-based models in low-ARPU markets require significantly higher volume to be viable, and user acquisition costs often don't scale down proportionally.",https://ideaproof.io/failure/bluepad-india
nintee,Nintee,2023,2024,India,HealthTech,notable,2,$2M,,,"Premature scaling, poor unit economics",Angel,"Indian health-tech requires a 'Trojan Horse' business model, starting with low-value, high-frequency transactions to build trust before upselling higher-value services.",https://ideaproof.io/failure/nintee
niutron,Niutron,2021,2023,China,Automotive / Electric Vehicles,major,500,$500M,,,"Capital starvation, market competition, poor timing","IDG Capital, Coatue","Building a full-stack automotive company in a hyper-competitive market with vast capital requirements is extremely challenging for a startup, even with significant funding.",https://ideaproof.io/failure/niutron
localbanya,LocalBanya,2012,2015,India,E-commerce/Online Grocery,notable,5,$5.0M,,,"Broken unit economics, insufficient capital",Unknown,"Inventory-led models in low-margin categories require significantly more capital than founders often estimate, and sustainable unit economics are crucial for survival.",https://ideaproof.io/failure/localbanya
doodhwala,Doodhwala,2015,2019,India,Information Technology,notable,4,$4.0M,,,"Broken unit economics, premature scaling",Omnivore,Low-margin subscription models require extreme customer density and efficient supply chain ownership to achieve profitability and scale.,https://ideaproof.io/failure/doodhwala
mojocare,Mojocare,2020,2023,India,HealthTech,notable,,Unknown,,,"Broken unit economics, misread customer psychology",Unknown,Stigma-driven markets require immense trust-building beyond just privacy; customers value social proof and holistic support for sensitive health issues.,https://ideaproof.io/failure/mojocare
frontrow,FrontRow,2020,2023,India,EdTech/Creator Economy,notable,18,$18M,,,Unsustainable celebrity-led growth model,Unknown,"Celebrity-led education models often fail due to high, fixed talent costs and inherent scalability limitations, especially when educational outcomes require consistency over star power.",https://ideaproof.io/failure/frontrow
shopx-india,ShopX India,2015,2022,India,B2B E-commerce,major,60,$60M,,,Poor unit economics and low margins,Unknown,Horizontal B2B marketplaces in emerging markets often fail without high-margin alternate revenue streams like lending or SaaS to offset low transaction margins.,https://ideaproof.io/failure/shopx-india
nitrous-io,Nitrous.io,2012,2016,USA,Information Technology,notable,8,$8.0M,,,"Right idea, wrong timing, fatal competition",Unknown,"Developer tools are 'features' until they own a workflow chokepoint; Nitrous built a better IDE but didn't control source control, deployment, or underlying cloud infrastructure.",https://ideaproof.io/failure/nitrous-io
plastc,Plastc,2014,2017,USA,Fintech/Hardware,notable,9,$9.0M,,,Poor hardware economics and network miscalculation,Unknown,"Hardware startups need high gross margins (60%+) before scaling, otherwise they burn capital rapidly due to negative unit economics.",https://ideaproof.io/failure/plastc
toplyne,Toplyne,2021,2024,India,Information Technology,notable,15,$15.0M,,,"Market timing, product-market fit erosion",Unknown,"Point solutions in horizontal markets are vulnerable when larger platforms bundle similar features, as happened when Amplitude integrated predictive scoring.",https://ideaproof.io/failure/toplyne
meerkat,Meerkat,2015,2016,USA,Social Media/Live streaming,notable,14,$14.0M,,,"Platform dependence, competition, high costs",Unknown,Dependency on another platform's API is a major risk; build a sustainable ecosystem or risk losing distribution.,https://ideaproof.io/failure/meerkat
coin-usa,Coin,2013,2017,Unknown,Information Technology,notable,15,$15.0M,,,"Hardware risk, catastrophic market timing",Unknown,Building complex hardware as a wedge into fintech is risky; focus on software and control distribution or recurring revenue.,https://ideaproof.io/failure/coin-usa
bluesmart,Bluesmart,2013,2018,USA,Consumer Goods/IoT,major,20,$20.0M,,,"Regulatory ban, unsustainable hardware business model",Unknown,Hardware startups must anticipate regulatory challenges and ensure their core product provides value even without complex smart features.,https://ideaproof.io/failure/bluesmart
shoes-of-prey,Shoes of Prey,2009,2019,Australia,Footwear eCommerce,major,25,$25.0M,,,"Misunderstood customer psychology, paradox of choice",Unknown,"Offering too many customization options can overwhelm customers (paradox of choice), leading to lower conversion rates and poor product-market fit, especially when combined with complex manufacturing and high unit economics.",https://ideaproof.io/failure/shoes-of-prey
viddy,Viddy,2011,2014,USA,Social Media/Video-Sharing,major,30,$30.0M,,,Lost platform war to competitors,Unknown,"Feature parity is not a durable moat in social networks, and creating new habits is harder than leveraging existing ones.",https://ideaproof.io/failure/viddy
joost-uk,Joost,2006,2012,Unknown,Video Streaming / P2P Technology,major,45,$45M,,,"Architectural over-engineering, market mistiming",Unknown,"P2P technology is not a universal solution, especially for consumer-facing video, and market timing is crucial for disruptive ideas.",https://ideaproof.io/failure/joost-uk
pearl-auto,Pearl Auto,2014,2017,USA,Information Technology,major,50,$50.0M,,,"Market timing, OEM competition, hardware economics",Unknown,Hardware startups competing with OEM roadmaps must have a long-term strategic view of market evolution and regulatory changes to avoid obsolescence.,https://ideaproof.io/failure/pearl-auto
winc-usa,Winc,2011,2022,USA,E-commerce/Wine Subscription,major,54,$54M,,,Unsustainable unit economics for D2C wine,Unknown,Subscription models for physical goods with high logistics costs require robust unit economics and cannot rely solely on venture capital-fueled growth.,https://ideaproof.io/failure/winc-usa
le-tote,Le Tote,2012,2020,USA,Fashion Rental/Subscription,major,75,$75.0M,,,"Poor unit economics, inventory capital trap",Unknown,Subscription models for physical goods with heavy inventory require robust unit economics and fast cash conversion cycles.,https://ideaproof.io/failure/le-tote
primary-data,Primary Data,2013,2018,USA,Information Technology,major,100,$100.0M,,,"Technical overreach, market timing misalignment",Unknown,Infrastructure software requiring enterprise behavior change faces extremely high adoption friction compared to solutions that integrate seamlessly with existing workflows.,https://ideaproof.io/failure/primary-data
viggle-usa,Viggle,2010,2016,USA,Media & Entertainment/Loyalty Platform,major,100,$100M,,,"Unsustainable business model, reward overpayout",Unknown,Loyalty programs for passive behavior are unsustainable 'Ponzi schemes' if reward costs significantly exceed monetization per user.,https://ideaproof.io/failure/viggle-usa
domio,Domio,2016,2020,USA,Hospitality/Accommodation,major,100,$100M,,,"Broken unit economics, COVID-19 impact",SoftBank,"Asset-heavy marketplace businesses require substantial capital to fund both supply and demand sides, making unit economics notoriously difficult to scale profitably.",https://ideaproof.io/failure/domio
lyric-usa,Lyric,2014,2020,USA,Information Technology,major,180,$180M,,,Unsustainable capital-intensive business model on master leases,"Airbnb, Tishman Speyer","Master leases in hospitality are risky unless you have overwhelming demand density and operational efficiency, as they expose you to significant inventory risk.",https://ideaproof.io/failure/lyric-usa
wine-dot-com-1-0,Wine.com (1.0),1994,2001,USA,E-commerce/Wine,major,150,$150M,,,"Premature scaling, poor unit economics","Kleiner Perkins, Al-Fayed",High spending on brand and domain name won't overcome fundamental unit economic challenges and regulatory hurdles in mature industries.,https://ideaproof.io/failure/wine-dot-com-1-0
terraform-labs,Terraform Labs,2018,2022,South Korea,Information Technology,notable,,Unknown,,,"Algorithmic stablecoin bank run, death spiral",Unknown,"Algorithmic stablecoins lacking exogenous collateral are inherently fragile, scaling beautifully upwards but collapsing catastrophically downwards due to reflexive liquidation mechanics.",https://ideaproof.io/failure/terraform-labs
mode-media,Mode Media,2004,2016,USA,Information Technology,major,230,$230M,,,Cost structure vs. market commoditization,Unknown,"Aggregation without ownership is a trap in commoditizing markets; once programmatic infrastructure commoditized display ads, Mode Media's value proposition eroded.",https://ideaproof.io/failure/mode-media
lytro,Lytro,2006,2018,USA,Information Technology,major,215,$215.0M,,,"Poor unit economics, repeated market pivots",Unknown,Hardware-first strategies without controlling distribution are dead; unit economics must be viable before pivoting.,https://ideaproof.io/failure/lytro
tintri,Tintri,2008,2018,USA,Information Technology,major,260,$260.0M,,,"Market timing, competition, failed IPO",Unknown,"Deep integration with a specific platform creates existential risk if that platform's dominance erodes, hindering adaptability to market shifts.",https://ideaproof.io/failure/tintri
knotel,Knotel,2016,2021,USA,Commercial Real Estate / Flexible Offices,major,560,$560M,,,"Inverted unit economics, catastrophic timing, non-scalable model",Unknown,"Master lease arbitrage requires extremely high occupancy and has no margin for error, especially when combined with non-scalable operations and market volatility.",https://ideaproof.io/failure/knotel
answerly-usa,Answerly,2013,2016,USA,Customer Service Automation,notable,,Unknown,,,"Product-market misalignment, unready tech",Unknown,"Early-stage AI solutions must prove real value, as vanity metrics can mask fundamental product-market misalignment with immature technology.",https://ideaproof.io/failure/answerly-usa
q-cells,Q-Cells,1999,2012,Germany,Energy/CleanTech,notable,,Unknown,,,"Subsidy dependence, commoditization, cost disadvantage",Unknown,"Capital-intensive manufacturing dependent on government subsidies without sustainable unit economics is a policy arbitrage play with extreme existential risk, not a robust business.",https://ideaproof.io/failure/q-cells
solarworld,SolarWorld,1998,2017,Germany,CleanTech,major,1000,$1.0B,,,"Structural cost disadvantage, Chinese subsidies",Unknown,"Vertical integration in commodity hardware, especially against subsidized competition, is a liability rather than an asset.",https://ideaproof.io/failure/solarworld
matchesfashion-uk,MatchesFashion,1987,2024,UK,Luxury Fashion E-commerce,major,600,$600M,,,"Unsustainable unit economics, over-leveraged, misaligned strategy",Unknown,Content-driven e-commerce moats are temporary and expensive without sustainable unit economics and a robust capital structure.,https://ideaproof.io/failure/matchesfashion-uk
amigo-loans,Amigo Loans,2005,2023,UK,Financials,major,1000,$1.0B,,,"Regulatory failure, business model rot, poor leadership",Unknown,"Ignoring regulatory warnings and relying on a socially problematic business model can lead to catastrophic failure, even for highly profitable ventures.",https://ideaproof.io/failure/amigo-loans
blade-shadow,Blade (Shadow),2015,2021,France,Communication Services,major,110,$110.0M,,,"Unsustainable unit economics, high infrastructure costs",Unknown,Cloud gaming requires first-party content or alternative monetization strategies to overcome immense infrastructure costs and poor unit economics.,https://ideaproof.io/failure/blade-shadow
navya,Navya,2014,2023,France,Industrials/Robotics,major,120,$120.0M,,,"Broken unit economics, hardware trap",Unknown,"Hardware-as-a-Service models need positive unit economics within 18 months of deployment, or face structural failure.",https://ideaproof.io/failure/navya
ve-interactive,Ve Interactive,2009,2017,UK,Information Technology,major,60,$60.0M,,,"Aggressive growth, broken unit economics",Unknown,Performance-based pricing in B2B SaaS carries catastrophic cash flow risk without massive reserves or deferred infrastructure costs.,https://ideaproof.io/failure/ve-interactive
blippar,Blippar,2011,2018,UK,Augmented Reality,major,130,$130.0M,,,"Unsustainable unit economics, adoption problems",Unknown,Platform businesses require critical mass on both sides; Blippar's strategy of signing brand deals one-by-one while hoping consumers would discover value was flawed.,https://ideaproof.io/failure/blippar
lightyear,Lightyear,2016,2023,Netherlands,Consumer Electronics,major,200,$200.0M,,,"Capital intensity, negative unit economics, bad timing",Unknown,"Hardware startups must achieve gross margin positivity before scaling manufacturing, as building production capacity for a product with negative unit economics is unsustainable.",https://ideaproof.io/failure/lightyear
kano-uk,Kano,2013,2023,UK,Consumer Electronics/EdTech,major,45,$45.0M,,,"Poor hardware economics, misaligned business model",Unknown,"Hardware startups must align product value with sustainable revenue models, as hardware-as-a-hook only works if it transitions to high-margin recurring services quickly.",https://ideaproof.io/failure/kano-uk
bulb-energy-uk,Bulb Energy,2013,2021,United Kingdom,Utilities,major,80,$80M,,,"Poor hedging, wholesale market volatility, capital crunch",Unknown,"In commodity-exposed businesses, robust hedging strategies are critical and must be treated as a core product function, not a back-office optimization.",https://ideaproof.io/failure/bulb-energy-uk
signa-sports,Signa Sports,2018,2023,Germany,Consumer/E-commerce,major,1000,$1.0B,,,"Flawed roll-up economics, debt, overexpansion",Unknown,Roll-up strategies require meticulous operational discipline and acquisition multiples that align with the sustainable organic growth rate of the combined entity.,https://ideaproof.io/failure/signa-sports
cake-sweden,Cake\Sweden,2016,2024,Sweden,Consumer Electronics,major,75,$75.0M,,,Premium brand couldn't scale hardware margins,Unknown,"Premium hardware brands require high gross margins (60%+) to absorb significant R&D and operational costs, a threshold Cake's 20-30% margins couldn't meet, leading to an unsustainable business model.",https://ideaproof.io/failure/cake-sweden
farfetch-uk-portugal,Farfetch,2007,2024,UK,Luxury E-commerce Marketplace,notable,,Unknown,,,"Broken unit economics, strategic overreach, power dynamics",Unknown,"Luxury marketplace economics are inverted due to high returns, low frequency, and powerful suppliers, making traditional software scalability models ineffective.",https://ideaproof.io/failure/farfetch-uk-portugal
tada-vcnc,Tada (VCNC),2011,2020,South Korea,Industrials/Marketplace (Mobility),major,50,$50M,,,Regulatory arbitrage attacked by incumbents,Unknown,Regulatory arbitrage is not a sustainable business model if it relies on loopholes that can be closed by powerful incumbent lobbies.,https://ideaproof.io/failure/tada-vcnc
leflair-vietnam,Leflair,2015,2020,Vietnam,Consumer/Flash Sales Marketplace,notable,12,$12.0M,,,"Inventory asphyxiation, high CAC, low margins",Unknown,"Flash sales in emerging markets require a fast cash conversion cycle; otherwise, you're building a financing company, not a retailer, leading to liquidity issues.",https://ideaproof.io/failure/leflair-vietnam
trell,Trell,2016,2024,India,Social Media/Social Commerce,major,60,$60.0M,,,"Broken unit economics, strategic confusion",Unknown,"In low-transaction-value markets, engagement without monetization is unsustainable; the 'vernacular premium' is often a myth without clear profitability paths.",https://ideaproof.io/failure/trell
kaodim-malaysia,Kaodim,2014,2022,Malaysia,Consumer/Marketplace,notable,17,$17M,,,"Unsustainable unit economics, marketplace death spiral",Unknown,Marketplaces need sustainable unit economics and must build supply density before spending on demand generation to avoid a death spiral.,https://ideaproof.io/failure/kaodim-malaysia
propzy-vietnam,Propzy,2016,2022,Vietnam,Real Estate/PropTech,major,35,$35.0M,,,"Negative unit economics, cultural misalignment",SoftBank,"Full-stack models in low-margin, high-touch industries require gross margins over 40% and strong customer lifetime value to support vertical integration overhead.",https://ideaproof.io/failure/propzy-vietnam
hooq-singapore,Hooq,2015,2020,Singapore,Communication Services,major,95,$95.0M,,,"Unsustainable unit economics, strategic misalignment","Singtel, Sony Pictures, Warner Bros.","Geographic arbitrage in content businesses only works if you can arbitrage the cost structure, not just the price point; Hooq paid Western licensing costs but charged emerging market prices.",https://ideaproof.io/failure/hooq-singapore
best-express-china,Best Express,2007,2021,China,Industrials/Logistics,major,2000,$2.0B,,,"Structural unprofitability, strategic misalignment",Alibaba,Asset-heavy businesses in commodity markets need absolute cost leadership or premium differentiation; the middle ground leads to failure.,https://ideaproof.io/failure/best-express-china
zestmoney-india,ZestMoney,2015,2023,India,Financial & Fintech,major,150,$150M,,,"Adverse selection, unit economics",Unknown,"Alternative data in lending can supplement, but not substitute, stable income and robust credit assessment to avoid adverse selection at scale.",https://ideaproof.io/failure/zestmoney-india
qoros-auto,Qoros Auto,2007,2022,China,Automotive,major,3000,$3.0B,,,"Cost-structure mismatch, slow EV transition","Chery, Quantum LLC","Product quality alone cannot overcome distribution and cost disadvantages, especially during major industry transitions like ICE to EV.",https://ideaproof.io/failure/qoros-auto
aiways,Aiways,2017,2024,China,Automotive / Electric Vehicles,major,1000,$1.0B,,,"Underestimated capital, complex hardware scaling, weak DTC","Tencent, Didi","Hardware startups must accurately estimate capital needs and the difficulty of scaling physical production, as direct-to-consumer models are often not defensible enough to overcome these challenges.",https://ideaproof.io/failure/aiways
ezubao-china,Ezubao,2014,2016,China,Financials,major,7600,$7.6B,,,Massive Ponzi scheme and fraud,Unknown,"Beware of investment platforms promising unusually high, fixed returns, especially if they lack transparency and independent verification of projects.",https://ideaproof.io/failure/ezubao-china
levdeo-china,Levdeo,2008,2023,China,Automotive/Electric Vehicles,major,500,$500M,,,"Premature scaling, government capital, no market discipline",Shandong provincial government,Government funding without market discipline often leads to zombie companies that prioritize political goals over customer value and sustainable business models.,https://ideaproof.io/failure/levdeo-china
renrenche,Renrenche,2014,2020,China,Consumer/Marketplace,major,760,$760.0M,,,Unsustainable C2C used car operational model,Unknown,"C2C marketplaces for high-value, low-frequency goods with information asymmetry require trust infrastructure that is more costly than users will pay in transaction fees, making sustainable unit economics nearly impossible.",https://ideaproof.io/failure/renrenche
bluegogo-china,Bluegogo,2016,2017,China,Micro-mobility/Bike Sharing,major,90,$90M,,,Unsustainable unit economics in hyper-competitive market,Unknown,Asset-heavy businesses disguised as tech platforms with linear capital growth are often venture capital traps and require robust unit economics in hyper-competitive markets to survive.,https://ideaproof.io/failure/bluegogo-china
tongcheng-life,Tongcheng Life,2018,2021,China,Consumer/E-commerce,major,300,$300M,,,Unsustainable capital-intensive marketplace model,Unknown,"Capital-intensive marketplace models, especially in low-margin sectors, struggle with scaling efficiently without sustainable unit economics and consistent profitability.",https://ideaproof.io/failure/tongcheng-life
gionee,Gionee,2002,2018,China,Consumer Electronics,notable,,Unknown,,,"Catastrophic working capital crisis, capital mismatch",Unknown,"In hardware, working capital is the primary constraint, not just market fit; massive marketing spend without sustainable unit economics leads to collapse.",https://ideaproof.io/failure/gionee
yiguo-fresh,Yiguo Fresh,2005,2020,China,Consumer/Online Grocery,major,960,$960.0M,,,"Unsustainable unit economics, cold chain costs",Unknown,"Infrastructure-as-moat only works if unit economics are significantly better than asset-light competitors, especially when pioneering a market with high CapEx.",https://ideaproof.io/failure/yiguo-fresh
zeku,Zeku,2019,2023,China,Information Technology,major,1400,$1.4B,,,Long chip development cycles and high cost,Oppo (parent company),"Vertical integration in chip design requires massive scale and long timelines, making it prohibitively expensive for companies without monopoly-level resources or a deep financial buffer.",https://ideaproof.io/failure/zeku
taojiji,Taojiji,2018,2019,China,Social Commerce/Marketplace,major,130,$130M,,,"Unsustainable unit economics, operational complexity",Unknown,"Commission-based marketplaces require significantly higher gross margins than paper calculations suggest due to hidden costs like fraud prevention, seller support, and quality disputes.",https://ideaproof.io/failure/taojiji
panda-tv,Panda TV,2015,2019,China,Communication Services/Social Media,major,200,$200M,,,"Unsustainable streamer acquisition costs, mismanaged platform economics",Unknown,Platform businesses cannot outbid vertically-integrated ecosystems in content acquisition and must understand their unit economics to scale sustainably.,https://ideaproof.io/failure/panda-tv
missfresh,Missfresh,2014,2022,China,Grocery Delivery/E-commerce,major,1500,$1.5B (estimated from 'TOTAL CASH BURNED'),,,Unsustainable capital-intensive growth model,Unknown,"Capital-intensive growth models with negative scaling characteristics struggle to achieve profitability, especially in competitive, low-margin sectors like fresh grocery delivery.",https://ideaproof.io/failure/missfresh
onesmart-edu-china,OneSmart Edu China,2008,2021,China,EdTech,major,500,$500.0M,,,"Regulatory crackdown, unsustainable economics, premium paradox",Unknown,"Premium positioning without defensible quality and adaptable unit economics is a time bomb, especially in highly regulated sectors.",https://ideaproof.io/failure/onesmart-edu-china
byton-china,Byton,2016,2021,China,Consumer Electronics,major,1200,$1.2B,,,"Capital structure mismatch, manufacturing, market timing",Unknown,Automotive hardware startups require immense capital and perfect execution; incremental iteration is not possible due to high costs and long development cycles.,https://ideaproof.io/failure/byton-china
hsmc,HSMC,2017,2021,China,Information Technology,major,2000,$2.0B,,,"Lack of experience, equipment access",State backing,Capital cannot substitute for institutional knowledge and experience in deep-tech industries like semiconductor manufacturing.,https://ideaproof.io/failure/hsmc
nice-tuan,Nice Tuan,2018,2021,China,Community Group Buying/E-commerce,major,1200,$1.2B,,,"Negative unit economics, regulatory crackdown",Alibaba,"Growth without sustainable unit economics, especially in highly regulated sectors, can lead to rapid collapse, and over-reliance on subsidies masks fundamental business flaws.",https://ideaproof.io/failure/nice-tuan
kibu-com,Kibu.com,1999,2000,USA,Social Media,major,22,$22M,,,"Unsustainable economics, catastrophic market timing",Unknown,Advertising-only models for narrow demographics are high-risk; monopolistic scale or negligible content costs are crucial for success.,https://ideaproof.io/failure/kibu-com
singulato-china,Singulato,2014,2023,China,Automotive/Electric Vehicles,major,2400,$2.4B,,,"Production hell, capital mismanagement, bad timing","Intel Capital, Itochu","In capital-intensive hardware businesses, achieving minimum efficient scale and flawless production is critical before competitors establish insurmountable advantages.",https://ideaproof.io/failure/singulato-china
wm-motor,WM Motor,2015,2023,China,Automotive/Electric Vehicles,major,5800,$5.8B,,,"Broken unit economics, poor timing",Unknown,"Capital-intensive hardware businesses require a massive minimum viable scale and aligned capital structure, which WM Motor failed to achieve despite significant funding.",https://ideaproof.io/failure/wm-motor
drkoop-com,DrKoop.com,1997,2001,USA,Health Care / Medical Information,major,130,$130M,,,"Unsustainable burn, fraudulent revenue, no product-market fit",Unknown,Celebrity endorsement is a temporary asset; sustainable business models require genuine product-market fit and ethical practices beyond brand recognition.,https://ideaproof.io/failure/drkoop-com
etoys-com,eToys.com,1997,2001,USA,Consumer/E-commerce,major,160,$160.0M,,,"Unsustainable economics, poor timing, overexpansion",Unknown,Building extensive infrastructure before proven demand and sustainable unit economics can lead to catastrophic capital burn and failure.,https://ideaproof.io/failure/etoys-com
garden-com,Garden.com,1995,2000,USA,Consumer/Marketplace,major,65,$65.0M,,,"Unsustainable unit economics, bad timing",Unknown,"Founders must ensure unit economics are sustainable on the first transaction, especially in high Customer Acquisition Cost, low-frequency purchase categories.",https://ideaproof.io/failure/garden-com
zulzi,Zulzi,2016,2023,South Africa,Consumer/Grocery Delivery,notable,2,$2.0M,,,"Unsustainable unit economics, asset-heavy model",Unknown,"Asset-light models are crucial for emerging markets, as asset-heavy approaches face immense capital and logistical challenges.",https://ideaproof.io/failure/zulzi
volta-trucks,Volta Trucks,2019,2025,Sweden,Industrials/CleanTech,major,300,$300.0M,,,"Capital intensity, extended sales cycles, funding winter.",Unknown,"Highly capital-intensive hardware startups require massive funding and face execution risks, especially during economic downturns and long sales cycles.",https://ideaproof.io/failure/volta-trucks
leeco-china,LeEco,2004,2017,China,Consumer Electronics,major,6000,$6.0B,,,Simultaneous capital starvation across too many verticals,Unknown,"Vertical integration only creates value with control over scarce resources or cost advantages, neither of which LeEco possessed across its vast, capital-intensive ecosystem.",https://ideaproof.io/failure/leeco-china
sigfox-france,Sigfox,2009,2022,France,IoT Connectivity,major,300,$300M,,,"Proprietary protocol, strategic architecture failure",Unknown,"Proprietary protocols are detrimental in infrastructure markets demanding interoperability, as they hinder adoption and scalability against open standards.",https://ideaproof.io/failure/sigfox-france
mister-hot-india,Mister Hot,2015,2016,India,Consumer/Food Delivery,notable,10,$10.0M,,,"Unsustainable unit economics, inventory waste, growth vanity metrics.",Unknown,Focusing solely on speed without addressing fundamental unit economics leads to failure; growth metrics can mask fatal business model flaws.,https://ideaproof.io/failure/mister-hot-india
zepz-uk,Zepz,2010,2024,UK,Financial & Fintech,major,700,$700.0M,,,Revenue growth without profitable growth,Unknown,"Confusing revenue growth with profitable growth and expanding into too many unprofitable corridors can lead to failure, especially in industries with poor network effects like remittances.",https://ideaproof.io/failure/zepz-uk
frontier-car-group,Frontier Car Group,2016,2020,Germany,Consumer,major,170,$170.0M,,,"Poor unit economics, operational complexity, capital issues",Unknown,"Transplanting Western business models to emerging markets requires meticulous adaptation and robust unit economics, not just arbitrage, due to unique operational complexities.",https://ideaproof.io/failure/frontier-car-group
gomechanic,GoMechanic,2016,2023,India,Consumer/Automotive Services,major,100,$100.0M,,,Systematic financial fraud and inflated revenue,Unknown,Aggregator models in high-touch service industries require honest unit economics; financial fraud ultimately destroys trust and viability.,https://ideaproof.io/failure/gomechanic
mobike-china,Mobike,2015,2018,China,Industrials,notable,,Unknown,,,"Unsustainable unit economics, tragedy of commons",Unknown,"Hardware-as-a-Service requires significantly better unit economics than anticipated, especially with shared physical assets.",https://ideaproof.io/failure/mobike-china
a123-systems,A123 Systems,2001,2012,USA,CleanTech,major,1000,$1.0B,,,"Premature scaling, customer concentration, hardware economics",Unknown,Hardware startups must achieve manufacturing cost competitiveness before scaling production; betting on unproven markets with capital-intensive strategies is risky.,https://ideaproof.io/failure/a123-systems
mozido-usa,Mozido,2005,2017,USA,Financial & Fintech,major,250,$250.0M,,,"Strategic overreach, execution failures, poor market timing",Unknown,"Attempting to be everything to everyone and failing to secure critical chokepoints in a B2B2C model, particularly in complex emerging markets, leads to strategic overreach and execution failure.",https://ideaproof.io/failure/mozido-usa
ofo-china,Ofo,2014,2020,China,Industrials/Micromobility,major,2200,$2.2B,,,"Negative unit economics, operational chaos, rapid expansion",Unknown,"Blindly growing a business with broken unit economics leads to financial suicide, regardless of funding. Focus on profitability in one market before expanding.",https://ideaproof.io/failure/ofo-china
intarcia-therapeutics,Intarcia Therapeutics,1997,2020,USA,Health Care,major,1400,$1.4B,,,"Regulatory failure, capital exhaustion, manufacturing issues",Unknown,"In regulated industries, manufacturing quality and alignment with regulatory expectations are paramount, not back-end details, especially for combination products.",https://ideaproof.io/failure/intarcia-therapeutics
zymergen,Zymergen,2013,2021,USA,Biotech/Materials,major,900,$900.0M,,,"Premature scaling, product-market fit issues",Unknown,Biology is complex and not easily scalable like software; prematurely scaling without proven unit economics and product-market fit can be fatal.,https://ideaproof.io/failure/zymergen
cazoo-uk,Cazoo,2018,2023,UK,Consumer/Automotive E-commerce,notable,,Unknown,,,"Flawed unit economics, poor timing, high burn",Unknown,"High capital intensity models, especially with physical inventory, require incredibly robust unit economics and careful market timing to avoid catastrophic cash burn.",https://ideaproof.io/failure/cazoo-uk
waterproof-digital-camera,Waterproof Digital Camera,2013,2017,USA,Consumer Electronics,notable,,Unknown,,,Unsustainable Black Hat SEO practices,Unknown,Relying on Black Hat SEO for traffic is unsustainable and leads to search engine penalties; sustainable growth requires legitimate marketing strategies and diversification.,https://ideaproof.io/failure/waterproof-digital-camera
hitronasplet,HitroNaSplet,2013,2018,Slovenia,Information Technology,notable,,Unknown,,,"Competition, insufficient differentiation, thin margins",Unknown,"In competitive markets, specialized resellers need strong differentiation and sustainable unit economics to compete against integrated, large-scale providers.",https://ideaproof.io/failure/hitronasplet
twitch-highlights,Twitch Highlights,2017,2019,USA,Communication Services/SaaS,notable,3,3.0M,,,Poor marketing and brand presence,Unknown,Utilize influencer marketing within niche communities and leverage analytical tools to understand market needs better for effective product-market fit and brand establishment.,https://ideaproof.io/failure/twitch-highlights
quickhaggle-usa,QuickHaggle,2018,2021,USA,Communication Services/Marketplace,notable,2.5,$2.5M,,,Unable to achieve user critical mass,Unknown,Barter marketplaces struggle to scale due to complex matching and the inherent difficulty of achieving critical user mass without monetary incentives.,https://ideaproof.io/failure/quickhaggle-usa
worldos,WorldOS,2017,2020,USA,Information Technology/Developer Tools,notable,15,$15.0M,,,"No market need, technical complexity",Unknown,"Market validation is crucial before deep technical development, and early-stage decentralized solutions need a clear use case to succeed.",https://ideaproof.io/failure/worldos
toygaroo,ToyGaroo,2010,2012,USA,Consumer/Marketplace,notable,0.25,$250K,,,"High logistics costs, poor operational planning",Unknown,"High operational costs, particularly for shipping bulky physical goods, can quickly undermine an innovative business model if not meticulously planned and managed from the outset.",https://ideaproof.io/failure/toygaroo
okami-pack,Okami Pack,2018,2021,USA,Consumer/Hardware,notable,0.5,$500K,,,"Insufficient capital, hardware scaling challenges",Unknown,"Hardware startups need significant capital for design, prototyping, and manufacturing; crowdfunding can validate demand without immediate VC involvement.",https://ideaproof.io/failure/okami-pack
rent-nest,Rent Nest,2016,2019,USA,Real Estate/Marketplace,notable,3.2,$3.2M,,,"Flawed business model, poor user-generated content",Unknown,"Crowdsourcing critical data requires robust mechanisms for quality control and incentivization, as relying solely on goodwill often leads to poor data quality and unpredictable volume.",https://ideaproof.io/failure/rent-nest
cuddli,Cuddli,2015,2019,USA,Communication Services,notable,,Unknown,,,"Flawed business model, limited niche scalability",Unknown,"Niche apps need scalable growth strategies and diversified revenue to avoid being confined by their market size, focusing on community building beyond just dating.",https://ideaproof.io/failure/cuddli
vo2-sportswear,VO2 Sportswear,2014,2020,USA,Consumer/Sportswear,notable,1.5,$1.5M,,,"Undercapitalization, inventory, and scaling issues",Unknown,"Under-capitalization can cripple even a promising niche business, highlighting the need for sufficient funding for inventory, marketing, and operational scaling in physical goods companies.",https://ideaproof.io/failure/vo2-sportswear
readership,Readership,2015,2018,USA,Communication Services/SaaS,notable,2,$2.0M,,,Misaligned offerings with market needs,Unknown,Visualizing data is insufficient; products must provide actionable insights that demonstrate clear ROI to users.,https://ideaproof.io/failure/readership
gawkbox,Gawkbox,2015,2019,USA,Communication Services,notable,4.5,$4.5M,,,"Niche monetization strategy, limited scalability",Unknown,Over-reliance on a niche monetization strategy can limit scalability and market adoption in rapidly evolving industries.,https://ideaproof.io/failure/gawkbox
mongoose-cricket-uk,Mongoose Cricket,2008,2012,UK,Consumer,notable,,Unknown,,,Failed to overcome traditionalist market preferences,Unknown,Introducing innovative products into deeply traditional markets requires groundbreaking marketing and significant endorsements to shift entrenched consumer preferences.,https://ideaproof.io/failure/mongoose-cricket-uk
140-canvas,140 Canvas,2012,2014,USA,Consumer/E-commerce,notable,,Unknown,,,"Niche market, lack of broader appeal",Unknown,Focus on evolving digital content trends rather than static reproductions and ensure a broad market appeal for long-term viability.,https://ideaproof.io/failure/140-canvas
the-blogging-manifesto,The Blogging Manifesto,2012,2015,USA,Education/Online Learning,notable,,Unknown,,,"Generic advice, lacked niche, poor execution",Unknown,Broad and ambiguous value propositions fail to attract users seeking specialized insights; focus and actionable depth are crucial for educational platforms.,https://ideaproof.io/failure/the-blogging-manifesto
berg-uk,Berg UK,2005,2014,United Kingdom,Consumer IoT,notable,,Unknown,,,Unsustainable hardware-plus-platform monetization,Unknown,Monetizing niche hardware and platform services effectively requires a scalable business model beyond initial product sales to achieve long-term sustainability.,https://ideaproof.io/failure/berg-uk
formatically,Formatically,2015,2017,USA,Consumer SaaS,notable,,Unknown,,,Unsustainable business model selling to students,Unknown,"Even with a useful product, a business model targeting a user base unwilling to pay significant amounts, like students, can lead to failure.",https://ideaproof.io/failure/formatically
busymind-usa,BusyMind,2017,2022,USA,Health Care/Mobile App,notable,3,$3.0M,,,"Lack of focus, market differentiation",Unknown,"In crowded markets, focused differentiation and sustainable growth loops are critical for survival and success.",https://ideaproof.io/failure/busymind-usa
young-entrepreneurs-program,Young Entrepreneurs' Program,2015,2019,USA,EdTech,notable,,Unknown,,,Poor product-market fit with target demographic,Unknown,"Understanding the financial capabilities and aspirations of your target audience is crucial for product-market fit, especially in education, to avoid high-touch, expensive models that lack scalability.",https://ideaproof.io/failure/young-entrepreneurs-program
refolo-usa,Refolo,2017,2021,USA,Consumer/Mobile App,notable,2,$2.0M,,,Poor market fit for niche product,Unknown,"Even with growing interest in a sector, products must target a sufficiently motivated and willing-to-pay market segment, as focusing on an unmonetizable niche can lead to failure.",https://ideaproof.io/failure/refolo-usa
ringdaddy,RingDaddy,2019,2021,USA,Communication Services/SaaS,notable,3,$3.0M,,,Poor market fit for SMS streamer marketing,Unknown,"Even with a conceptually sound idea and growing market, poor market fit and competitive landscapes can swiftly lead to failure.",https://ideaproof.io/failure/ringdaddy
ne-lounge,NE Lounge,2020,2021,USA,Consumer Goods,notable,,Unknown,,,"Poor market fit, lack of research",Unknown,"Thorough market research and understanding consumer preferences are crucial for product development and market fit, especially in competitive sectors like Amazon FBA.",https://ideaproof.io/failure/ne-lounge
localtown-usa,LocalTown\USA,2019,2022,Unknown,Marketplace,notable,2.5,$2.5M,,,"Niche market, low monetization, limited scalability",Unknown,Niche market platforms need precise product-market fit from inception and robust incentives for community participation; rapid MVP alone is insufficient without a clear monetization path.,https://ideaproof.io/failure/localtown-usa
juice-startup,Juice Startup,2018,2020,Thailand,Consumer/Beverage,notable,,Unknown,,,Lack product differentiation in saturated market,Unknown,"Unique branding and robust differentiation are crucial for success in saturated markets, alongside leveraging digital platforms for marketing and sales.",https://ideaproof.io/failure/juice-startup
hubrif,Hubrif,2018,2021,Nigeria,Communication Services,notable,,Unknown,,,Poor business model; narrow market,Unknown,"An innovative content platform needs a clear, scalable business model and broad market appeal to succeed, even with a compelling cultural mission.",https://ideaproof.io/failure/hubrif
botnim-usa,Botnim,2016,2019,USA,Health Care,notable,1.5,$1.5M,,,"Poor market fit, logistical data challenges",Unknown,Thoroughly validate market fit and address data scalability challenges before significant investment in product development.,https://ideaproof.io/failure/botnim-usa
101-studios,101 Studios,2018,2021,USA,Education Technology,notable,15,$15.0M,,,Misjudged market readiness for educational gaming,Unknown,"Even with an innovative product, underestimating institutional inertia and professors' reluctance to adopt unconventional tools can halt market adoption, especially in traditional sectors like education.",https://ideaproof.io/failure/101-studios
wedmap-lithuania,WedMap,2018,2021,Lithuania,Consumer/Wedding Planning,notable,,$150K,,,"Insufficient funding, complex integrations, fragmented market",Unknown,"Securing adequate funding and navigating complex, fragmented markets with simple unit economics are crucial for early-stage platform startups.",https://ideaproof.io/failure/wedmap-lithuania
vacation-bird-usa,Vacation Bird,2010,2014,USA,Consumer/Marketplace,notable,5,5.0M,,,"Lack of founder experience, strategic missteps",Unknown,"Building a two-sided marketplace requires robust user acquisition, strong network effects, and modern infrastructure to achieve scalability and compete effectively.",https://ideaproof.io/failure/vacation-bird-usa
raw-gains,Raw Gains,2017,2021,USA,Health Care/Mobile App,notable,3.5,$3.5M,,,"Inexperienced founders, strategic and operational missteps",Unknown,Founders must possess or acquire essential strategic planning and operational management expertise to navigate competitive markets effectively and handle scalability challenges.,https://ideaproof.io/failure/raw-gains
mycity-usa,MyCity,2018,2021,USA,Information Technology/SaaS (B2B),notable,2.5,$2.5M,,,"Limited market, bureaucratic government customers",Unknown,"Align product offerings with genuine market needs, especially when targeting slow-moving, budget-constrained sectors like government.",https://ideaproof.io/failure/mycity-usa
kaya-gs,Kaya.gs,2010,2013,USA,Communication Services,notable,,Unknown,,,Product inadequacies and technical hurdles,Unknown,"Even with innovative ideas, a strong technical foundation and solid product-market fit are crucial for platform success, especially in niche markets.",https://ideaproof.io/failure/kaya-gs
melon-usa,Melon USA,2019,2022,USA,Food Delivery/Marketplace,notable,5,$5.0M,,,Operational mismanagement and intense competition,Unknown,Focusing solely on cost-cutting without robust operational frameworks or sufficient capital to compete in a saturated market is a recipe for failure.,https://ideaproof.io/failure/melon-usa
inovvorx,InoVVorX,2015,2019,USA,Information Technology,notable,0.1,$100K,,,Cash flow crisis from balancing projects,Unknown,Focus resources on fewer projects with higher potential ROI and leverage modern SaaS solutions for infrastructure complexities and cloud-based collaboration.,https://ideaproof.io/failure/inovvorx
hawthorne-strategies,Hawthorne Strategies,2014,2018,USA,Consulting/Philanthropy,notable,,Unknown,,,Lack of sustainable funding streams,Unknown,"Even with a clear mission, a service-based business targeting a niche market needs diversified and sustainable funding to thrive.",https://ideaproof.io/failure/hawthorne-strategies
habitual-denmark,Habitual,2019,2021,Denmark,Consumer/Mobile App,notable,,Unknown,,,"Inadequate marketing, poor user acquisition",Unknown,Even a promising product can fail without an effective marketing strategy to acquire and retain users.,https://ideaproof.io/failure/habitual-denmark
explore-vr,ExploreVR,2015,2018,USA,Communication Services,notable,,Unknown,,,"Nascent market, technical challenges, low engagement",Unknown,"Even with a compelling vision, success in a nascent market requires deep operational experience, sophisticated technical execution, and robust user engagement strategies to overcome fragmentation and achieve mass adoption.",https://ideaproof.io/failure/explore-vr
cam-ly,Cam.ly,2014,2018,USA,Consumer/IoT,notable,,Unknown,,,Unpolished product in competitive market,Unknown,Developing integrated hardware and software systems requires substantial resources and a polished product to succeed in competitive markets.,https://ideaproof.io/failure/cam-ly
adleaf-technologies,Adleaf Technologies,2015,2020,USA,EdTech,notable,15,$15.0M,,,"Financial mismanagement, operational scaling failure",Unknown,"Aggressive spending on fixed costs and infrastructure without clear scaling strategies can lead to financial collapse, especially in high-touch service models.",https://ideaproof.io/failure/adleaf-technologies
sharkius,Sharkius,2012,2015,USA,Communication Services/Social Media,notable,12,$12.0M,,,"Ineffective marketing, poor scaling, squandered resources",Unknown,"Effective marketing and scalable infrastructure are crucial for social gaming companies, even with initial user growth.",https://ideaproof.io/failure/sharkius
wura,WURA,2015,2021,Nigeria,Communication Services,notable,5,$5.0M,,,Lack of diversified revenue streams,Unknown,Diversify revenue models beyond sole subscriptions to ensure financial stability and adapt to changing market dynamics in niche content platforms.,https://ideaproof.io/failure/wura
the-punjab-kitchen,The Punjab Kitchen,2018,2020,India,Consumer/Food Delivery,notable,,Unknown,,,Inability to handle intense competition,Unknown,Home-based food ventures need robust logistics and e-commerce strategies to compete with well-funded delivery platforms and scale effectively.,https://ideaproof.io/failure/the-punjab-kitchen
teacher-finder,Teacher Finder,2015,2019,Unknown,Consumer/Language Learning,notable,0.05,$50K,,,"Intense competitive pressure, low network effects",Unknown,"Focus on building strong network effects in a marketplace and be prepared for intense competition with larger, more integrated platforms.",https://ideaproof.io/failure/teacher-finder
nox-usa,NOX,2016,2022,USA,Consumer,notable,,Unknown,,,"Financial mismanagement, poor pivot execution",Unknown,"Shifting business models without adequate operational and financial planning can lead to resource depletion and failure, even with initial revenue stability.",https://ideaproof.io/failure/nox-usa
knownet-usa,KnowNet,2019,2023,USA,EdTech,notable,,Unknown,,,Struggled in overcrowded market,Unknown,"In a saturated market, a clear and agile value proposition is crucial to stand out from competitors and avoid inadequate responses to threats.",https://ideaproof.io/failure/knownet-usa
gameslog-usa,Gameslog,2015,2018,USA,Communication Services/Social Media,notable,0.2,$200K,,,Could not differentiate from established competitors,Unknown,"In saturated markets, achieving success requires a truly unique value proposition and diversified content strategies to stand out against entrenched competitors.",https://ideaproof.io/failure/gameslog-usa
vivalatina-france,Vivalatina,2014,2019,France,Consumer/Jewelry E-commerce,notable,,Unknown,,,Poor marketing and competition,Unknown,"Even with a unique product, intense competition in e-commerce requires a strong digital marketing strategy and efficient operations to succeed.",https://ideaproof.io/failure/vivalatina-france
ropero-argentina,Ropero,2017,2019,Argentina,Consumer/Marketplace,notable,,Unknown,,,Poor market fit in saturated market,Unknown,"Attempting to enter a saturated market without significant product differentiation, even with a seemingly simple business model, often leads to poor market fit and failure.",https://ideaproof.io/failure/ropero-argentina
phoenix,Phoenix,2017,2020,USA,Communication Services/SaaS,notable,5,$5.0M,,,Misjudged market need and cultural sensitivity,Unknown,Thoroughly validate market need and cultural acceptance before developing solutions for deeply emotional and sensitive problems.,https://ideaproof.io/failure/phoenix
lockpick-entertainment,Lockpick Entertainment,2005,2011,Sweden,Gaming,notable,1.5,$1.5M,,,"Competitive market, evolving player expectations",Unknown,Niche game studios must carefully balance ambitious development with market realities and player expectations to survive a competitive industry.,https://ideaproof.io/failure/lockpick-entertainment
gymlisted,Gymlisted,2018,2020,USA,Consumer/Fitness,notable,,$500K,,,Market mismatch for premium private gyms,Unknown,"Even with an innovative concept, market demand and willingness to pay must align with the premium offering to ensure viability and scalability.",https://ideaproof.io/failure/gymlisted
addressbin,Addressbin,2019,2022,USA,Information Technology,notable,,Unknown,,,"Ineffective marketing, failed to acquire customers",Unknown,"Early investment in a strong marketing and go-to-market strategy is crucial for market penetration, even for simple, user-friendly solutions.",https://ideaproof.io/failure/addressbin
community-coders,Community Coders,2015,2019,USA,Consumer/Marketplace,notable,,Unknown,,,"Poor management, inefficient matching, low scalability",Unknown,"Effective management, scalable operations, and efficient matching algorithms are crucial for marketplace success.",https://ideaproof.io/failure/community-coders
lernin-games,Lernin Games,2014,2020,Brazil,EdTech,notable,1,$1.0M,,,Poor monetization strategies in niche,Unknown,"Effective monetization is crucial, even with a unique product; explore subscription models and strategic partnerships early on.",https://ideaproof.io/failure/lernin-games
the-nerd-cave,The Nerd Cave,2015,2018,USA,Gaming / Retail,notable,0.5,$500K,,,Inability to sustain financial momentum,Unknown,Physical retail for niche markets requires significant investment and high margins to overcome operational costs and achieve scalability.,https://ideaproof.io/failure/the-nerd-cave
fantastic-house-buyers-uk,Fantastic House Buyers\UK,2018,2020,UK,Real Estate/Proptech,notable,,Unknown,,,"Misunderstood market needs, poor adoption",Unknown,Thorough market validation and integration with existing financial and legal systems are crucial for proptech success.,https://ideaproof.io/failure/fantastic-house-buyers-uk
onepagetrip-usa,Onepagetrip,2016,2020,USA,Travel Tech/Marketplace,notable,3,$3.0M,,,"Flawed business model, poor monetization",Unknown,"Careful attention to monetization strategy and sustainable unit economics is crucial, even for platforms with good user value propositions.",https://ideaproof.io/failure/onepagetrip-usa
swipes-bulgaria,Swipes,2013,2018,Bulgaria,Information Technology/SaaS,notable,0.5,$500K,,,"Lack of product-market fit, unfocused target",Unknown,Attempting to serve too many user segments (individuals and teams) with a broad feature set led to diluted capabilities and failure to achieve critical product-market fit.,https://ideaproof.io/failure/swipes-bulgaria
kolos-denmark,Kolos\Denmark,2016,2018,Denmark,Consumer Electronics,notable,,Unknown,,,No market need for niche product,Unknown,"Niche hardware products require thorough market validation and compelling value propositions before scaling, as a small target market inherently limits scalability.",https://ideaproof.io/failure/kolos-denmark
dotahaven,DotaHaven,2016,2019,USA,Communication Services/Social Media,notable,5,$5.0M,,,"Misjudged market, content fragmentation, user retention",Unknown,"Thoroughly validate market fit and user behavior for niche communities before significant investment, and diversify monetization beyond ad-based models.",https://ideaproof.io/failure/dotahaven
motobox-usa,MotoBox,2015,2019,USA,Consumer IoT,notable,3.5,$3.5M,,,Unable to market hardware effectively,Unknown,Effective marketing is crucial even for innovative hardware; prioritize lean strategies and software prototyping before heavy hardware investment.,https://ideaproof.io/failure/motobox-usa
lieferoo-germany,Lieferoo Germany,2017,2022,Germany,Industrials/Logistics,notable,7.5,$7.5M,,,"Inadequate marketing, internal disharmony",Unknown,"Effective marketing and internal team cohesion are crucial for communicating value and executing operations, even with a strong business model.",https://ideaproof.io/failure/lieferoo-germany
birdy-usa,Birdy,2014,2018,USA,Financials/SaaS,notable,,Unknown,,,"Underfunded, intense competition, lack of growth",Unknown,"Even with a strong product, lack of sufficient funding and a viral growth strategy severely limit a startup's ability to compete in saturated markets.",https://ideaproof.io/failure/birdy-usa
hot-barber,Hot Barber,2015,2019,USA,Consumer/Marketplace,notable,,Unknown,,,"Ill-conceived, non-viable business model",Unknown,A strong business model with clear monetization strategies is crucial; value capture must align with platform offerings to achieve sustainable growth.,https://ideaproof.io/failure/hot-barber
gulp-usa,Gulp,2015,2017,USA,Consumer/Mobile App,notable,1.5,$1.5M,,,Weak affiliate marketing and poor unit economics,Unknown,A strong affiliate marketing strategy and favorable unit economics are crucial for rapid user acquisition and profitability in app-based services.,https://ideaproof.io/failure/gulp-usa
zapstream,Zapstream,2015,2018,USA,Communication Services/Social Media,notable,5,$5.0M,,,"Financial mismanagement, declining user engagement",Unknown,Effective financial management and continuous user engagement strategies are crucial for sustained growth in competitive markets.,https://ideaproof.io/failure/zapstream
taleship,Taleship,2018,2020,USA,Communication Services/Social Media,notable,,Unknown,,,"Lack of focus, scattered resources",Unknown,"Focus on core competencies and build a clear monetization strategy before scaling, especially in niche markets.",https://ideaproof.io/failure/taleship
playdate,Playdate,2016,2018,USA,Communication Services,notable,2,$2.0M,,,Insufficient funding for user acquisition,Unknown,"Securing sufficient funding is crucial to reach critical mass in user adoption, especially for social apps requiring network effects.",https://ideaproof.io/failure/playdate
phez,Phez,2014,2016,Unknown,Social Media,notable,,$0,,,"Unviable business model, lack of user adoption",Unknown,Simply adding a financial twist to an existing platform is not enough to create a viable business model or gain significant user adoption.,https://ideaproof.io/failure/phez
legaats-usa,Legaats,2017,2022,USA,Communication Services/Social Media,notable,2.5,$2.5M,,,"Unclear monetization strategy, unsustainable revenue",Unknown,"Even with a noble mission, a clear and sustainable monetization strategy is crucial for a social platform's longevity, especially when targeting niche demographics.",https://ideaproof.io/failure/legaats-usa
beehiveid,BeehiveID,2013,2016,USA,Communication Services/SaaS,notable,,Unknown,,,Dependency on Facebook API changes,Unknown,"Minimize dependency on a single data source; explore multi-source strategies and adapt to changing data landscapes, especially concerning privacy.",https://ideaproof.io/failure/beehiveid
hashtag-pirate,Hashtag Pirate,2016,2019,USA,Communication Services,notable,,Unknown,,,Platform policy changes; API dependency,Unknown,Businesses heavily reliant on a single platform's API must have contingency plans for policy changes and strive for data agility to adapt to evolving access rules.,https://ideaproof.io/failure/hashtag-pirate
want-remote-job,WantRemoteJob,2018,2021,Unknown,Information Technology/Job Board,notable,,Unknown,,,"Poor market fit, limited niche focus",Unknown,Niche job boards need to carefully balance specialization with market demand to avoid overly limiting their user base and scalability.,https://ideaproof.io/failure/want-remote-job
tandem-app,Tandem App,2018,2022,USA,Health Care,notable,5,$5.0M,,,Lack of differentiation and market demand,Unknown,"Even with a pervasive problem, solutions must offer strong differentiation and integrate into existing healthcare ecosystems to succeed.",https://ideaproof.io/failure/tandem-app
kopely,Kopely,2020,2022,USA,Health Care / Mobile App,notable,,Unknown,,,Over-reliance on external development partners,Unknown,"External development can lead to loss of control, impacting product quality, iterations, and overall project success.",https://ideaproof.io/failure/kopely
jobridge-india,Jobridge,2017,2020,India,Communication Services/Recruitment,notable,,Unknown,,,Unable to adapt hybrid online/offline model,Unknown,"Focus on entirely digital ecosystems, incorporate AI/ML for tailored matching, and utilize scalable modern database solutions.",https://ideaproof.io/failure/jobridge-india
openmargin,Openmargin,2011,2015,Netherlands,Communication Services/Social Media,notable,,$650K,,,"Lack of focus, struggled with niche market",Unknown,"Niche markets require focused execution and clear value, especially for platforms needing critical mass to deliver on their social promise.",https://ideaproof.io/failure/openmargin
flux-usa,Flux,2015,2018,USA,Communication Services,notable,7,$7.0M,,,"Poor management, lack of strategic focus",Unknown,"Integrated communication tools must prioritize user experience and flexible architecture for swift adaptation to market changes, rather than over-investing in perfect integrations.",https://ideaproof.io/failure/flux-usa
eloquis-usa,Eloquis,2015,2019,USA,Information Technology,notable,15,$15.0M,,,Mismatch between tech ambition and market demand,Unknown,"Even innovative technology needs to align with existing market demand and be able to prove its value to potential customers, especially in crowded tech sectors.",https://ideaproof.io/failure/eloquis-usa
creator-growth-lab,Creator Growth Lab,2018,2022,USA,Communication Services/SaaS,notable,2.5,$2.5M,,,"Platform API changes, static models",Unknown,"Relying too heavily on a single platform's API and not adapting to its frequent changes can doom a product, especially in dynamic tech sectors like social media.",https://ideaproof.io/failure/creator-growth-lab
boston-apartment-hub,Boston Apartment Hub,2014,2017,USA,Real Estate / Marketplace,notable,,Unknown,,,Struggled with differentiation and data acquisition,Unknown,"Hyper-local marketplaces need strong differentiation and scalable data acquisition strategies to compete with larger, well-funded national platforms.",https://ideaproof.io/failure/boston-apartment-hub
zor-technology,Zor Technology,2018,2020,Unknown,Consumer Electronics,notable,,Unknown,,,"Regulatory non-compliance, unethical pricing",Unknown,"Regulatory compliance is critical for import-heavy businesses, and aggressive pricing strategies must consider legal and ethical boundaries to ensure sustainable growth.",https://ideaproof.io/failure/zor-technology
sport-draftr,Sport Draftr,2017,2019,United Kingdom,Communication Services,notable,1.5,$1.5M,,,Underestimated complex regulatory environment,Unknown,Thoroughly research and plan for regional legal compliance in regulated industries to avoid insurmountable challenges.,https://ideaproof.io/failure/sport-draftr
reality-hunt,Reality Hunt,2017,2020,USA,Information Technology,major,50,$50.0M,,,Market too early for advanced AR,Unknown,"Advanced AR solutions were ahead of their time; market wasn't ready for widespread adoption, leading to high costs and low demand.",https://ideaproof.io/failure/reality-hunt
mishra-motors,Mishra Motors,2016,2020,India,Consumer/Electric Vehicle,notable,15,$15.0M,,,Inability to secure sustained funding,Unknown,"Electric vehicle hardware development requires significant, sustained funding and strategic partnerships to offset high production costs and navigate scalability challenges.",https://ideaproof.io/failure/mishra-motors
chowdy-canada,Chowdy,2015,2016,Canada,Consumer/Food Tech,notable,,Unknown,,,Legal & regulatory hurdles with home kitchens,Unknown,"Early and thorough legal due diligence on operational models, especially those involving novel uses of personal property for commercial services, is crucial for viability.",https://ideaproof.io/failure/chowdy-canada
autto-in,Autto.in,2016,2019,India,Consumer/On-demand Car Servicing,notable,,Unknown,,,Unsustainable capital burn and scaling issues,Unknown,"Financial sustainability is paramount; high operational costs and thin margins can quickly deplete capital, especially in complex service industries requiring significant infrastructure.",https://ideaproof.io/failure/autto-in