Write-up,Startup,Slug,Country,Country (top 12),Industry,Industry Group,Prominence,Category,Founded Year,Failed Year,Lifespan Years,Failure Theme,Theme Sort,Failure Reason,Lesson,Funding Label,Funding USD,Peak Valuation USD,Employees At Peak,Investors,Url
MilkRun,MilkRun,milkrun,Australia,Australia,Quick Commerce/Grocery,Food & grocery,Major,major,2018,2023,5,Unit economics,7,Unsustainable Unit Economics,Sydney's quick-commerce darling raised AUD$75M+ then collapsed inside 18 months when capital tightened. Australian density couldn't support 10-minute grocery economics.,$75M,75000000.00,,,"AirTree Ventures, Blackbird Ventures, Tiger Global, Grok Ventures",https://ideaproof.io/failure/milkrun
Send,Send,send-au,Australia,Australia,Quick Commerce/Grocery,Food & grocery,Notable,notable,2020,2022,2,Unit economics,7,Quick-Commerce Collapse,"Smaller Australian quick-commerce competitor that collapsed before MilkRun, signaling the entire category's unviability locally.",$11M,11000000.00,,,"Atlassian co-founder Mike Cannon-Brookes (Grok), Folklore",https://ideaproof.io/failure/send-au
Metigy,Metigy,metigy,Australia,Australia,MarTech/AI,Software & AI,Notable,notable,2015,2022,7,Fraud or governance,1,Cash Burn & Founder Issues,Sydney AI-marketing platform raised AUD$28M then collapsed amid allegations the founder used company funds for personal property. A governance failure case study.,$28M,28000000.00,,,"Cygnet Capital, Regal Funds, Five V Capital",https://ideaproof.io/failure/metigy
Volt Bank,Volt Bank,vollie,Australia,Australia,Fintech/Neobank,Fintech & insurance,Major,major,2017,2022,5,Ran out of cash or could not raise,8,Could Not Raise Series F,Australia's first neobank to receive a banking licence handed it back in 2022 after failing to raise the AUD$200M needed to become profitable.,$220M,220000000.00,,,"Collection House, ASX-listed strategic investors",https://ideaproof.io/failure/vollie
Brighte (Down Round),Brighte (Down Round),scouted-au,Australia,Australia,Fintech/BNPL Solar,Fintech & insurance,Notable,notable,2015,2023,8,"Macro, timing, or shock",5,Rates & BNPL Reckoning,"Australia's solar-financing BNPL hit the same wall as global BNPL: rising rates, rising defaults, no path to profitability at peak valuation.",$200M,200000000.00,,,"Atlassian co-founder Mike Cannon-Brookes (Grok), Airtree, Skip Capital",https://ideaproof.io/failure/scouted-au
Plenti (Stock Collapse),Plenti (Stock Collapse),scouted-pty,Australia,Australia,Fintech/Lending,Fintech & insurance,Notable,notable,2014,2023,9,Unit economics,7,Margin Compression & Equity Collapse,ASX-listed Plenti's stock fell over 80% as Australian P2P lending margins evaporated under the rate cycle.,$70M,70000000.00,,,"ASX (IPO), Carsales.com, AGL",https://ideaproof.io/failure/scouted-pty
Olive AI,Olive AI,olive-ai,United States,United States,Healthcare AI,Healthcare & biotech,Mega,mega,2012,2023,11,Product or execution failed,12,"Overpromised RPA as 'AI', under-delivered ROI to hospitals","Selling AI to hospitals requires proven ROI per workflow, not a $4B narrative. Olive's automation broke on messy edge cases and clients cancelled.",$902M,902000000.00,4000000000.00,1300,"Vista Equity, Tiger Global, General Catalyst, Base10, Drive Capital",https://ideaproof.io/failure/olive-ai
Arrival,Arrival,arrival,United Kingdom,United Kingdom,Electric Vehicles,Mobility & logistics,Mega,mega,2015,2024,9,Product or execution failed,12,Microfactory model never produced vehicles at scale,"'Microfactories' sound capital-light in a pitch deck. In reality auto manufacturing rewards scale, and Arrival never built one.",$1.7B,1700000000.00,13000000000.00,2400,"Hyundai, Kia, BlackRock, UPS, CIIG (SPAC)",https://ideaproof.io/failure/arrival
Argo AI,Argo AI,argo-ai,United States,United States,Autonomous Vehicles,Mobility & logistics,Mega,mega,2016,2022,6,Acquired or shut by owner,3,Backers Ford and VW pulled the plug on robotaxi timeline,"When your only two customers stop believing L4 arrives this decade, no independent balance sheet survives it.",$3.6B,3600000000.00,7250000000.00,2000,"Ford, Volkswagen",https://ideaproof.io/failure/argo-ai
Iron Ox,Iron Ox,iron-ox,United States,United States,AgTech / Robotics,Food & grocery,Notable,notable,2015,2023,8,Outcompeted,6,Robotic greenhouse capex could not beat commodity produce prices,Robotics + agriculture forces you to compete on lettuce price. Automation gains rarely offset the extra capital cost of the greenhouse.,$98M,98000000.00,500000000.00,200,"Y Combinator, Crosslink, Eniac, R7, Amplo",https://ideaproof.io/failure/iron-ox
Veev,Veev,veev,United States,United States,PropTech / Modular Housing,Real estate,Major,major,2008,2023,15,Unit economics,7,Modular home factory economics broke as housing demand cooled,"Modular housing has killed serial unicorns — Katerra, Veev — because factory throughput doesn't beat conventional builders once demand drops.",$600M,600000000.00,1000000000.00,400,"LennarX, Zeev Ventures, JLL Spark, Zeev, Fifth Wall",https://ideaproof.io/failure/veev
Electric Last Mile Solutions,Electric Last Mile Solutions,electric-last-mile-solutions,United States,United States,Electric Vehicles,Mobility & logistics,Major,major,2020,2022,2,Fraud or governance,1,"SEC probe, founder exits, and unable to raise more capital",Post-SPAC EV plays with unresolved SEC issues can't raise follow-on capital. ELMS ran out of runway in 18 months.,$300M,300000000.00,1400000000.00,400,"Forum Merger III (SPAC), public shareholders",https://ideaproof.io/failure/electric-last-mile-solutions
Hopin,Hopin,hopin,United Kingdom,United Kingdom,Virtual Events,Media & social,Mega,mega,2019,2023,4,"Macro, timing, or shock",5,"Pandemic tailwind evaporated overnight, valuation cratered",A pandemic tailwind is not a durable market. Hopin raised at $7.75B in a category that shrank 80% once offices reopened.,$1.02B,1020000000.00,7750000000.00,1100,"IVP, Andreessen Horowitz, Tiger Global, General Catalyst, Coatue",https://ideaproof.io/failure/hopin
Thrasio,Thrasio,thrasio,United States,United States,E-commerce Aggregator,Commerce & retail,Mega,mega,2018,2024,6,Outcompeted,6,"Bought Amazon brands at 2021 multiples, couldn't service debt","Aggregators paid 5x EBITDA for FBA brands in 2021. When Amazon fees rose and ad costs doubled, the debt stack sank them all.",$3.4B,3400000000.00,10000000000.00,1100,"Silver Lake, Advent, Oaktree, PEAK6, Upper90",https://ideaproof.io/failure/thrasio
Perch,Perch,perch-hq,United States,United States,E-commerce Aggregator,Commerce & retail,Major,major,2019,2024,5,Unit economics,7,"Aggregator model collapsed, sold to Razor Group in distress","Perch was the 'quality' Amazon roll-up. When rates rose, quality didn't matter — every aggregator got repriced together.",$909M,909000000.00,2000000000.00,350,"SoftBank, Spark Capital, Tectonic Ventures",https://ideaproof.io/failure/perch-hq
Frank (JPMorgan),Frank (JPMorgan),frank-financial-aid,United States,United States,Fintech / EdTech,Fintech & insurance,Notable,notable,2016,2023,7,Fraud or governance,1,Founder Charlie Javice convicted of $175M JPMorgan sale fraud,The most spectacular startup failures aren't insolvencies — they're founder-driven fraud that unwinds a nine-figure acquisition.,$20M+,20000000.00,175000000.00,50,"Aleph, Marc Rowan, Apollo (angel), Chris Sacca",https://ideaproof.io/failure/frank-financial-aid
Purplebricks,Purplebricks,purplebricks,United Kingdom,United Kingdom,PropTech / Real Estate,Real estate,Major,major,2012,2023,11,"Macro, timing, or shock",5,Flat-fee model couldn't cover marketing spend as UK market cooled,"In real estate, £1,000-flat-fee revenue can't fund £70M TV campaigns — the LTV/CAC math breaks the moment listings slow.",£108M IPO,108000000.00,1350000000.00,800,"Neil Woodford, Axel Springer, public shareholders (LSE:PURP)",https://ideaproof.io/failure/purplebricks
Shift Technologies,Shift Technologies,shift-technologies,United States,United States,AutoTech / E-commerce,Commerce & retail,Major,major,2014,2023,9,Unit economics,7,"Used-car e-commerce economics broke, merger with CarLotz failed",Consolidating two failing used-car startups doesn't create a winning one — it doubles operational drag.,$820M,820000000.00,1500000000.00,1000,"DCM, Goldman Sachs, DFJ, Highland Capital, Great Oaks",https://ideaproof.io/failure/shift-technologies
Reali,Reali,reali,United States,United States,PropTech / Real Estate,Real estate,Notable,notable,2015,2022,7,"Macro, timing, or shock",5,Cash-offer / power-buyer model unworkable as rates spiked,"Power-buyer models depend on cheap capital and stable prices. When mortgage rates doubled in 2022, every buy-before-sell player broke.",$146M,146000000.00,500000000.00,200,"Signia Venture Partners, Zeev Ventures",https://ideaproof.io/failure/reali
Enjoy Technology,Enjoy Technology,enjoy-technology,United States,United States,Retail Tech,Commerce & retail,Notable,notable,2014,2022,8,Unit economics,7,"Home-visit retail model unprofitable, Apple contract insufficient","Ex-Apple retail chief Ron Johnson learned twice (JCPenney, Enjoy) that reinventing retail from famous credentials still requires unit economics.",$300M,300000000.00,1200000000.00,1600,"Kleiner Perkins, Highland Capital, Andreessen Horowitz, Marvin Traub",https://ideaproof.io/failure/enjoy-technology
BuzzFeed News,BuzzFeed News,buzzfeed-news,United States,United States,Digital Media,Media & social,Notable,notable,2011,2023,12,Unit economics,7,Pulitzer-winning newsroom couldn't outrun ad revenue collapse,Prestige journalism does not monetize on programmatic ads. BuzzFeed News won a Pulitzer and was still shuttered.,N/A (division),,,100,BuzzFeed parent (NASDAQ:BZFD),https://ideaproof.io/failure/buzzfeed-news
Vice Media,Vice Media,vice-media,United States,United States,Digital Media,Media & social,Mega,mega,1994,2023,29,Ran out of cash or could not raise,8,"Once valued at $5.7B, filed Chapter 11 in 2023 and shuttered flagship site in 2024","A cool brand, a $5.7B valuation, and a TV network still can't survive if programmatic ads and Facebook traffic evaporate together.",$1.5B+,1500000000.00,5700000000.00,3000,"Disney, TPG, Sixth Street, Fortress, A&E",https://ideaproof.io/failure/vice-media
Volta Charging,Volta Charging,volta-charging,United States,United States,EV Charging,Mobility & logistics,Notable,notable,2010,2023,13,Unit economics,7,"Ad-subsidized charging model unproven, sold to Shell for $169M",'Free' charging paid by ad impressions on the station screen was a beautiful pitch. It never actually paid for the electrons.,$400M+,400000000.00,2000000000.00,300,"Tortoise SPAC, Energy Impact Partners",https://ideaproof.io/failure/volta-charging
Adept AI,Adept AI,adept-ai,United States,United States,AI Agents / Foundation Models,Software & AI,Major,major,2022,2024,2,Acquired or shut by owner,3,Founding team acqui-hired by Amazon; company left as licensor,The 2024 AI 'reverse acqui-hire' invented a new failure mode: the company survives on paper while its brain moves to Big Tech.,$415M,415000000.00,1000000000.00,100,"General Catalyst, Spark Capital, Greylock, Microsoft, Nvidia",https://ideaproof.io/failure/adept-ai
Inflection AI (original),Inflection AI (original),inflection-ai-original,United States,United States,AI / Foundation Models,Software & AI,Mega,mega,2022,2024,2,Acquired or shut by owner,3,"Microsoft hired Mustafa Suleyman and team, gutting the original consumer plan",A $1.5B raise doesn't guarantee a business — sometimes the best exit is your investor hiring your founders directly.,$1.5B,1500000000.00,4000000000.00,70,"Microsoft, Nvidia, Reid Hoffman, Bill Gates, Eric Schmidt",https://ideaproof.io/failure/inflection-ai-original
Character.AI (original),Character.AI (original),character-ai-original,United States,United States,AI / Consumer,Software & AI,Mega,mega,2021,2024,3,Fraud or governance,1,Google hired founders and licensed tech; consumer plan effectively over,"The third 2024 reverse acqui-hire — Google-Character followed Microsoft-Inflection and Amazon-Adept, formalizing a new category of AI failure.",$193M,193000000.00,1000000000.00,130,"Andreessen Horowitz, SV Angel, Google",https://ideaproof.io/failure/character-ai-original
Convoy (convoy-freight),Convoy,convoy-freight,United States,United States,Logistics / Freight Tech,Mobility & logistics,Mega,mega,2015,2023,8,"Macro, timing, or shock",5,Digital freight brokerage margins vanished in freight recession,"Freight brokerage is a spread business. When the freight cycle turns, the spread turns negative for everyone chasing GMV.",$1.1B,1100000000.00,3800000000.00,1500,"Generation IM, T. Rowe Price, Y Combinator, Bezos Expeditions",https://ideaproof.io/failure/convoy-freight
Hyperloop One,Hyperloop One,hyperloop-one,United States,United States,Transportation,Mobility & logistics,Notable,notable,2014,2023,9,No market need,10,"Ten years, one test track, zero commercial route",The most seductive hardware pitches (500 mph vacuum tubes) still need regulatory reality and cost per mile below rail.,$450M,450000000.00,1000000000.00,250,"DP World, Richard Branson (Virgin), Sherpa Capital, GE Ventures",https://ideaproof.io/failure/hyperloop-one
Divvy Homes,Divvy Homes,divvy-homes,United States,United States,PropTech / Rent-to-Own,Real estate,Major,major,2017,2025,8,"Macro, timing, or shock",5,Rent-to-own economics broken by rates; sold to Brookfield at half valuation,Even the 'right' rent-to-own model at $2B valuation had to sell to Brookfield for half that. Housing beta ate the alpha.,$735M,735000000.00,2300000000.00,400,"Tiger Global, GGV, Andreessen Horowitz, Caffeinated Capital",https://ideaproof.io/failure/divvy-homes
Rally (Rally Rd),Rally (Rally Rd),rally-collectibles,United States,United States,Fintech / Fractional Investing,Fintech & insurance,Notable,notable,2016,2024,8,Ran out of cash or could not raise,8,Fractional collectibles secondary market never had liquidity,"Fractional collectibles work as a marketing gimmick, not as a liquid secondary market. Every player in the category has stalled.",$40M,40000000.00,400000000.00,100,"Upfront Ventures, Alexis Ohanian, Anthos Capital, Porsche Ventures",https://ideaproof.io/failure/rally-collectibles
Argo Blockchain (US Mining ops),Argo Blockchain (US Mining ops),argo-blockchain-hosting,United Kingdom,United Kingdom,Crypto / Bitcoin Mining,Crypto,Notable,notable,2017,2022,5,Ran out of cash or could not raise,8,Sold flagship Helios Texas facility to Galaxy Digital to avoid Chapter 11,"Bitcoin mining is a leveraged bet on hashprice. When BTC halved and energy prices doubled in 2022, over-levered miners had to sell flagship assets to survive.",£100M+,100000000.00,2000000000.00,100,"AIM public shareholders, Nasdaq ADSs",https://ideaproof.io/failure/argo-blockchain-hosting
Core Scientific,Core Scientific,core-scientific,United States,United States,Crypto / Bitcoin Mining,Crypto,Major,major,2017,2022,5,Ran out of cash or could not raise,8,BTC crash + Celsius exposure forced Chapter 11,Public miners that lent hashrate to Celsius discovered the counter-party risk when Celsius defaulted mid-2022. The debt stack did the rest.,$1.2B+,1200000000.00,4300000000.00,900,"Ascend Capital, XMS Capital, public shareholders",https://ideaproof.io/failure/core-scientific
Compute North,Compute North,compute-north,United States,United States,Crypto / Data Center Hosting,Crypto,Notable,notable,2017,2022,5,Unit economics,7,Debt-financed data center build tripped when BTC crashed and Compute North's own customers defaulted,Crypto data center capex is only cheap if BTC and hashprice stay high. Compute North built through 2022 and never recovered.,$385M,385000000.00,500000000.00,40,"Generate Capital, Marathon Digital, National Grid Partners",https://ideaproof.io/failure/compute-north
Olist (Down Round & Layoffs),Olist (Down Round & Layoffs),olist-down-round,Brazil,Other,E-commerce SaaS,Software & AI,Major,major,2015,2023,8,"Macro, timing, or shock",5,Macro Reversal & Profitability Push,Brazil's 2021 unicorns face a brutal 2023-24 reality: SoftBank-funded growth collapsed when capital tightened and Olist-style marketplaces had to cut deep.,$220M,220000000.00,1500000000.00,,"SoftBank, Wellington, Goldman Sachs, Redpoint",https://ideaproof.io/failure/olist-down-round
Loft (Down Round),Loft (Down Round),loft-down-round,Brazil,Other,Real Estate/PropTech,Real estate,Major,major,2018,2023,5,"Macro, timing, or shock",5,iBuying Model & Brazilian Rates,Brazilian iBuying never made sense at 13% interest rates. Loft's $2.9B peak valuation collapsed as the inventory model bled cash.,$800M,800000000.00,2900000000.00,,"SoftBank, Andreessen Horowitz, D1 Capital, Tiger Global",https://ideaproof.io/failure/loft-down-round
Facily,Facily,facily,Brazil,Other,Social Commerce,Media & social,Major,major,2018,2023,5,Unit economics,7,Unsustainable Unit Economics,Brazil's answer to Pinduoduo couldn't replicate the Chinese model's logistics density. Group-buying with subsidies burned $300M before shutdown.,$300M,300000000.00,,,"Andreessen Horowitz, Citius, Quona, Monashees",https://ideaproof.io/failure/facily
Vnda (Closed),Vnda (Closed),olist-vnda,Brazil,Other,E-commerce SaaS,Software & AI,Notable,notable,2014,2023,9,Acquired or shut by owner,3,Acquired & Sunsetted,Brazilian e-commerce SaaS Vnda was acquired by Olist at the 2021 peak — only to be shut down two years later when the parent company restructured.,$15M,15000000.00,,,Acquired by Olist in 2021,https://ideaproof.io/failure/olist-vnda
Kavak (Brazil Exit),Kavak (Brazil Exit),kavak-brazil-exit,Brazil,Other,Used Car Marketplace,Mobility & logistics,Major,major,2016,2023,7,Unit economics,7,Capital-Intensive Inventory Model,"Even with $1.5B raised, Kavak couldn't make Brazilian used-car economics work and exited the country in 2023.",$1.5B,1500000000.00,8700000000.00,,"SoftBank, General Catalyst, Tiger Global",https://ideaproof.io/failure/kavak-brazil-exit
Buggy,Buggy,vc-buggy,Brazil,Other,Used Car/E-commerce,Mobility & logistics,Notable,notable,2020,2023,3,Unit economics,7,Unviable Inventory Economics,A smaller used-car play that ran into the same inventory wall as Kavak — but with one-tenth the cushion.,$25M,25000000.00,,,"Riverwood Capital, Endeavor Catalyst",https://ideaproof.io/failure/vc-buggy
Yellow (Grow Mobility),Yellow (Grow Mobility),yellow-bikes-br,Brazil,Other,Micromobility,Mobility & logistics,Notable,notable,2017,2020,3,"Macro, timing, or shock",5,Unit Economics & COVID,"Brazil's biggest bike-and-scooter sharing startup couldn't reach unit economics, then COVID sealed its fate.",$150M,150000000.00,,,"GGV Capital, Monashees, Base Partners",https://ideaproof.io/failure/yellow-bikes-br
Easynvest (Sold at Discount),Easynvest (Sold at Discount),easynvest-troubles,Brazil,Other,Fintech/Brokerage,Fintech & insurance,Notable,notable,2010,2020,10,Outcompeted,6,Outcompeted by XP & Nubank,Easynvest pioneered Brazilian discount brokerage but was outscaled by XP Inc and folded into Nubank at a price below its 2018 mark.,$50M,50000000.00,,,Advent International,https://ideaproof.io/failure/easynvest-troubles
Wealthsimple (Down Round),Wealthsimple (Down Round),ledn-canada-troubles,Canada,Canada,Fintech/Wealth,Fintech & insurance,Major,major,2014,2023,9,"Macro, timing, or shock",5,Crypto Winter & Margin Compression,"Canada's flagship fintech raised at CAD$5B in 2021, then accepted a CAD$1.5B mark in 2023 — destroying CAD$3.5B+ in paper value.",$900M,900000000.00,5000000000.00,,"Power Corporation, TCV, Allianz X, Greylock",https://ideaproof.io/failure/ledn-canada-troubles
Tehama (Wind-Down),Tehama (Wind-Down),tehama-acquired,Canada,Canada,SaaS/Remote Work,Software & AI,Notable,notable,2017,2023,6,"Macro, timing, or shock",5,Post-COVID Demand Collapse,Ottawa-based virtual-desktop startup Tehama was a COVID darling that couldn't sustain growth as remote-work tooling consolidated.,$30M,30000000.00,,,"Pelorus Venture Capital, Espresso Capital",https://ideaproof.io/failure/tehama-acquired
Thinkific (Stock Collapse),Thinkific (Stock Collapse),thinkific-stock-collapse,Canada,Canada,EdTech/SaaS,Education,Notable,notable,2012,2023,11,"Macro, timing, or shock",5,Post-COVID Demand Decline,Vancouver-based Thinkific listed on the TSX in 2021 then lost over 90% of its market cap as creator-economy spending collapsed.,$200M,200000000.00,1400000000.00,,"TSX (IPO), Rhino Ventures",https://ideaproof.io/failure/thinkific-stock-collapse
ApplyBoard (Down Round & Layoffs),ApplyBoard (Down Round & Layoffs),mejuri-down-round,Canada,Canada,EdTech/Enrollment,Education,Major,major,2015,2023,8,Regulatory or legal,2,Visa Policy Risk & Layoffs,Canada's CAD$3.2B unicorn ApplyBoard accepted a deep recap and laid off ~40% of staff as Canadian student-visa caps decimated its core market.,$600M,600000000.00,3200000000.00,,"Ontario Teachers, Drive Capital, Garage Capital",https://ideaproof.io/failure/mejuri-down-round
Lightspeed Commerce (Value Destruction),Lightspeed Commerce (Value Destruction),lightspeed-stock,Canada,Canada,POS/SaaS,Software & AI,Major,major,2005,2024,19,Public-market collapse,4,Short Report & Stock Collapse,"Montreal-based Lightspeed peaked at CAD$30B in 2021 then lost over 80% after short-seller accusations. While still operating, billions in shareholder value evaporated.",$1B,1000000000.00,30000000000.00,,"TSX/NYSE (IPO), Caisse de dépôt",https://ideaproof.io/failure/lightspeed-stock
Delphia,Delphia,delphia,Canada,Canada,Fintech/AI,Fintech & insurance,Notable,notable,2018,2024,6,Fraud or governance,1,SEC Settlement & Wind-Down,"Toronto AI-investing startup paid an SEC fine for AI-washing claims, then wound down — a fintech case of overstating AI capabilities.",$60M,60000000.00,,,"Multicoin Capital, Real Ventures",https://ideaproof.io/failure/delphia
Mt. Gox,Mt. Gox,mt-gox,Japan,Other,Crypto/Fintech,Crypto,Mega,mega,2010,2014,4,Fraud or governance,1,Hack & Mismanagement,"Handling other people's money requires enterprise-grade security and compliance, not hobbyist infrastructure. Mt. Gox proved that being first-to-market means nothing if you can't protect customer assets.",$0,0.00,,20,"Self-funded, Tibanne Co.",https://ideaproof.io/failure/mt-gox
BitConnect,BitConnect,bitconnect,India,India,Crypto/Fintech,Crypto,Mega,mega,2016,2018,2,Fraud or governance,1,Ponzi Scheme,Guaranteed returns in volatile markets are the hallmark of fraud. BitConnect's promised 1% daily returns were mathematically impossible and classic Ponzi mechanics.,$0,0.00,2700000000.00,50,No institutional investors — retail-driven,https://ideaproof.io/failure/bitconnect
QuadrigaCX,QuadrigaCX,quadriga-cx,Canada,Canada,Crypto/Fintech,Crypto,Major,major,2013,2019,6,Fraud or governance,1,Fraud & Mysterious Death of Founder,Single points of failure — especially a single person controlling all private keys — create existential risk. QuadrigaCX showed that 'key man risk' can be literal.,$0,0.00,,15,"Self-funded, no institutional backing",https://ideaproof.io/failure/quadriga-cx
Wirecard,Wirecard,wirecard,Germany,Germany,Fintech/Payments,Fintech & insurance,Mega,mega,1999,2020,21,Fraud or governance,1,Massive Accounting Fraud,Even DAX-30 companies with Big Four auditors can be complete frauds. Wirecard proved that regulatory capture and national pride can blind everyone to obvious red flags.,$1.9B,1900000000.00,24000000000.00,5800,"SoftBank, Public markets (DAX 30)",https://ideaproof.io/failure/wirecard
Greensill Capital,Greensill Capital,greensill-capital,United Kingdom,United Kingdom,Fintech/Supply Chain Finance,Fintech & insurance,Mega,mega,2011,2021,10,Other,13,Concentrated Risk & Insurance Loss,Supply chain finance works when risk is diversified. Greensill concentrated exposure on a few troubled borrowers and relied on a single insurer — creating a house of cards.,$1.7B,1700000000.00,7000000000.00,1000,"SoftBank Vision Fund, General Atlantic",https://ideaproof.io/failure/greensill-capital
BitMEX,BitMEX,bitmex,Hong Kong,Other,Crypto/Fintech,Crypto,Major,major,2014,2020,6,Regulatory or legal,2,Regulatory Evasion & Criminal Charges,You cannot build a financial empire by deliberately evading regulations. BitMEX's founders chose offshore structures over compliance and paid with criminal convictions.,$0,0.00,,50,Self-funded (bootstrapped to billions in revenue),https://ideaproof.io/failure/bitmex
N26 US,N26 US,n26-us,Germany,Germany,Fintech/Neobank,Fintech & insurance,Major,major,2013,2022,9,Regulatory or legal,2,Regulatory Failures & Market Misfit,"European fintech success doesn't automatically translate to the US market. N26's failure in America shows that regulatory environments, competitive landscapes, and customer expectations differ dramatically.",$1.8B,1800000000.00,9000000000.00,1500,"Third Point Ventures, Coatue, Insight Partners, Peter Thiel, Tencent",https://ideaproof.io/failure/n26-us
Health IQ,Health IQ,health-iq,United States,United States,InsurTech/HealthTech,Fintech & insurance,Notable,notable,2013,2023,10,Fraud or governance,1,Fraud — Fabricated Metrics & False Claims,Insurance is a heavily regulated industry where fabricated data doesn't just mislead investors — it violates insurance regulations. Health IQ's founder couldn't fake actuarial science.,$130M,130000000.00,450000000.00,300,"Andreessen Horowitz, Ribbit Capital, Aquiline Capital Partners",https://ideaproof.io/failure/health-iq
Vicarious,Vicarious,vicarious-ai,United States,United States,AI/Robotics,Hardware & robotics,Notable,notable,2010,2022,12,No market need,10,Over-ambition & No Product-Market Fit,Having the most famous investors in the world cannot compensate for failing to ship a product. Vicarious spent 12 years chasing artificial general intelligence without finding a commercial application.,$250M,250000000.00,1000000000.00,100,"Mark Zuckerberg, Elon Musk, Jeff Bezos, Founders Fund, Khosla Ventures",https://ideaproof.io/failure/vicarious-ai
Kindred AI,Kindred AI,kindred-ai,Canada,Canada,AI/Robotics,Hardware & robotics,Notable,notable,2014,2023,9,No market need,10,Failed Commercialization,Building AI robots that learn from human demonstrations is brilliant research but requires massive scale to become economically viable. Kindred never found enough customers to justify the R&D investment.,$93M,93000000.00,400000000.00,150,"Google Ventures, Horizons Ventures, Eclipse Ventures",https://ideaproof.io/failure/kindred-ai
Outdoor Voices,Outdoor Voices,outdoor-voices,United States,United States,DTC/Fashion,Commerce & retail,Notable,notable,2013,2024,11,Fraud or governance,1,Founder Drama & Unsustainable Spending,A beloved brand with a passionate community can still fail if the business burns cash faster than it generates revenue. Outdoor Voices proved that Instagram-worthy branding doesn't equal a sustainable business.,$64M,64000000.00,110000000.00,200,"General Catalyst, GV (Google Ventures), Forerunner Ventures, J.Crew's Mickey Drexler",https://ideaproof.io/failure/outdoor-voices
HQ Trivia,HQ Trivia,hq-trivia,United States,United States,Media/Entertainment,Media & social,Notable,notable,2017,2020,3,Fraud or governance,1,"Founder Death, No Revenue Model & User Decline","A viral moment isn't a business model. HQ Trivia captured lightning in a bottle but never figured out how to monetize it, and the death of its co-founder accelerated a spiral that was already underway.",$15M,15000000.00,100000000.00,35,"Founders Fund, Lightspeed Venture Partners",https://ideaproof.io/failure/hq-trivia
Ozy Media,Ozy Media,ozy-media,United States,United States,Media/News,Media & social,Notable,notable,2013,2021,8,Fraud or governance,1,Fabricated Metrics & Fraud,"In media, inflated metrics are easy to fabricate and hard to verify. Ozy's CEO impersonated a YouTube executive on a Goldman Sachs due diligence call — the moment fraud crossed from deception into delusion.",$70M+,70000000.00,250000000.00,75,"Axel Springer, Laurene Powell Jobs, Marc Lasry",https://ideaproof.io/failure/ozy-media
Frank (JPMorgan Fraud),Frank (JPMorgan Fraud),frank-jpmorgan,United States,United States,Fintech/EdTech,Fintech & insurance,Notable,notable,2017,2023,6,Fraud or governance,1,Fabricated User Data — $175M Acquisition Fraud,"When JPMorgan Chase — the largest bank in the world — can be defrauded by a startup founder who fabricated 4 million fake users, it proves that acquisition due diligence failures exist at every level.",$20M,20000000.00,175000000.00,50,"Aleph, Reach Capital, Chegg, Marc Rowan",https://ideaproof.io/failure/frank-jpmorgan
Zenefits,Zenefits,zenefits,United States,United States,HR Tech/SaaS,Software & AI,Major,major,2013,2022,9,Regulatory or legal,2,Compliance Violations & Hypergrowth Chaos,"Zenefits grew at 'break-neck speed' by selling insurance without proper licenses — proving that in regulated industries, compliance isn't a growth constraint to hack around.",$584M,584000000.00,4500000000.00,1600,"Andreessen Horowitz, Fidelity, TPG, Insight Ventures",https://ideaproof.io/failure/zenefits
Rethink Robotics,Rethink Robotics,rethink-robotics,United States,United States,Robotics/Manufacturing,Hardware & robotics,Notable,notable,2008,2018,10,No market need,10,Over-engineering & Market Mismatch,"Collaborative robots are a brilliant concept, but Rethink's Baxter was too slow and imprecise for manufacturing, and too expensive for its target market of small manufacturers.",$150M,150000000.00,500000000.00,150,"Bezos Expeditions, CRV, Highland Capital Partners, GE Ventures",https://ideaproof.io/failure/rethink-robotics
Faraday Future,Faraday Future,faraday-future,United States,United States,EV/Automotive,Mobility & logistics,Mega,mega,2014,2024,10,Fraud or governance,1,"Founder Fraud, Governance Failures & Endless Delays",Faraday Future is what happens when a founder wanted by Chinese authorities for fraud convinces American investors to fund a car company that barely produces any cars.,$3B+,3000000000.00,5000000000.00,1400,"Public markets (SPAC), Ares Management, Birch Lake Partners",https://ideaproof.io/failure/faraday-future
DataRobot,DataRobot,datarobot,United States,United States,AI/ML,Software & AI,Recent,recent,2012,2024,12,Outcompeted,6,Commoditization & Failed Enterprise Pivot,"AutoML was a brilliant concept when data science was scarce. But as AI tools became ubiquitous and cloud providers offered their own AutoML, DataRobot's $6.3B valuation evaporated.",$1B+,1000000000.00,6300000000.00,1500,"Sapphire Ventures, Iconiq, T. Rowe Price, Tiger Global, Mubadala",https://ideaproof.io/failure/datarobot
Clarifai,Clarifai,clarifai,United States,United States,AI/Computer Vision,Software & AI,Notable,notable,2013,2024,11,Outcompeted,6,Commoditization by Cloud AI APIs,"Clarifai built world-class computer vision when it was novel. Then Google, Amazon, and Microsoft offered the same thing as a $1-per-1000-images API call, destroying the premium market.",$100M+,100000000.00,500000000.00,250,"New Enterprise Associates, Union Square Ventures, LDV Capital, Nvidia",https://ideaproof.io/failure/clarifai
x.ai (Scheduling AI),x.ai (Scheduling AI),x-ai-scheduling,United States,United States,AI/Productivity,Software & AI,Notable,notable,2014,2021,7,Product or execution failed,12,AI Couldn't Replace Calendar Coordination,Scheduling meetings seems simple but involves nuanced human preferences that early AI couldn't handle. x.ai spent $44M and 7 years on a problem that calendar links solved for free.,$44M,44000000.00,100000000.00,150,"Two Sigma, Work-Bench, Firsthand Technology, Pritzker Group",https://ideaproof.io/failure/x-ai-scheduling
Mighty AI,Mighty AI,mighty-ai,United States,United States,AI/Data Labeling,Software & AI,Notable,notable,2014,2019,5,Unit economics,7,Race to Bottom in Training Data,Training data labeling was critical for AI development but became a commodity service where price — not quality — won contracts. Mighty AI built a premium product in a market racing to the bottom.,$27M,27000000.00,80000000.00,70,"Foundry Group, Madrona Venture Group, Intel Capital",https://ideaproof.io/failure/mighty-ai
Narrative Science,Narrative Science,narrative-science,United States,United States,AI/Natural Language Generation,Software & AI,Notable,notable,2010,2022,12,Outcompeted,6,Niche Market & GPT Disruption,Narrative Science spent 12 years building proprietary NLG technology. Then GPT made natural language generation a commodity capability anyone could access through an API.,$43M,43000000.00,200000000.00,100,"Sapphire Ventures, Jump Capital, Battery Ventures, In-Q-Tel",https://ideaproof.io/failure/narrative-science
Anodot,Anodot,anodot-ai,Israel,Other,AI/Analytics,Software & AI,Notable,notable,2014,2024,10,Outcompeted,6,Niche Market & Cloud Platform Competition,AI anomaly detection is a valuable feature but not a company-defining product. Anodot built impressive technology that cloud monitoring platforms absorbed as just another capability.,$65M,65000000.00,250000000.00,150,"Aleph, Samsung NEXT, Intel Capital, Redline Capital",https://ideaproof.io/failure/anodot-ai
C3.ai,C3.ai,c3-ai-struggles,United States,United States,AI/Enterprise,Software & AI,Recent,recent,2009,2024,15,Public-market collapse,4,"Slow Growth, Stock Collapse & Customer Concentration","C3.ai is what happens when enterprise AI promises outpace enterprise adoption. Despite a billionaire founder and a $10B IPO valuation, revenue barely grew while the stock lost 85%+.",$300M+ (pre-IPO),300000000.00,10000000000.00,900,"Public markets (IPO), Baker Hughes, TPG, Breakthrough Energy",https://ideaproof.io/failure/c3-ai-struggles
Determined AI,Determined AI,determined-ai,United States,United States,AI/ML Infrastructure,Software & AI,Notable,notable,2017,2021,4,Outcompeted,6,Open-Source Competition & Cloud Platform Bundling,ML training infrastructure was a crowded space where cloud platforms and open-source tools squeezed out standalone vendors. Even Google Ventures and Sequoia couldn't save a product without a moat.,$14M,14000000.00,50000000.00,30,"GV (Google Ventures), Sequoia Capital",https://ideaproof.io/failure/determined-ai
Clover Health,Clover Health,clover-health,United States,United States,HealthTech/Insurance,Fintech & insurance,Major,major,2014,2024,10,Fraud or governance,1,SPAC Fraud Allegations & Unsustainable Losses,Chamath Palihapitiya's SPAC empire promised to democratize investing. Clover Health proved it mostly democratized losses — the stock dropped 95% while short sellers exposed undisclosed DOJ investigations.,$1.3B+,1300000000.00,3700000000.00,600,"Public markets (SPAC via Chamath), Sequoia Capital, First Round Capital, Greenoaks Capital",https://ideaproof.io/failure/clover-health
Nurx,Nurx,nurx-health,United States,United States,HealthTech/Telehealth,Healthcare & biotech,Notable,notable,2015,2023,8,Regulatory or legal,2,Regulatory Issues & Unsustainable Unit Economics,"Telehealth for birth control prescriptions seemed like a perfect digital health use case. But pharmacy fulfillment costs, regulatory complexity, and insurance billing challenges made every prescription unprofitable.",$150M+,150000000.00,500000000.00,400,"Union Square Ventures, Kleiner Perkins, Y Combinator",https://ideaproof.io/failure/nurx-health
Practice Fusion,Practice Fusion,practice-fusion,United States,United States,HealthTech/EHR,Healthcare & biotech,Major,major,2005,2020,15,Fraud or governance,1,DOJ Kickback Fraud & Failed Business Model,Free EHR software monetized by pharmaceutical advertising created a fatal conflict of interest. Practice Fusion's CEO went to prison for taking pharma kickbacks that influenced prescribing decisions.,$150M,150000000.00,700000000.00,600,"Kleiner Perkins, Peter Thiel, Founders Fund, Salesforce Ventures",https://ideaproof.io/failure/practice-fusion
Wheel Health,Wheel Health,wheel-health,United States,United States,HealthTech/Telehealth Infrastructure,Healthcare & biotech,Recent,recent,2018,2024,6,"Macro, timing, or shock",5,Post-COVID Telehealth Collapse,"Wheel built telehealth infrastructure for the COVID era. When the pandemic ended and telehealth demand normalized, the company's growth thesis evaporated along with its customers' volumes.",$216M,216000000.00,1500000000.00,400,"Tiger Global, Lightspeed, CRV, Silverton Partners",https://ideaproof.io/failure/wheel-health
Zuora,Zuora,zuora-struggles,United States,United States,Enterprise SaaS/Billing,Software & AI,Recent,recent,2007,2024,17,Public-market collapse,4,Slow Growth & Failed IPO Promise,"Zuora coined 'The Subscription Economy' and built the billing infrastructure for it. But subscription billing turned out to be a feature, not a platform — and Zuora's stock lost 85%+ proving it.",$250M+ (pre-IPO),250000000.00,3000000000.00,1200,"Public markets (IPO), Benchmark, Redpoint, Tenaya Capital, Greylock",https://ideaproof.io/failure/zuora-struggles
Domo,Domo,domo-struggles,United States,United States,Enterprise SaaS/BI,Software & AI,Major,major,2010,2024,14,Could not scale,9,"Overfunding, Slow Growth & BI Market Shift","Domo raised nearly $700M to build a BI platform and still couldn't compete with Tableau, Looker, or Power BI. Sometimes the most well-funded company in a category still loses.",$690M,690000000.00,2000000000.00,800,"Public markets (IPO), Benchmark, Greylock, IVP, Jeff Bezos",https://ideaproof.io/failure/domo-struggles
Sumo Logic,Sumo Logic,sumo-logic,United States,United States,Enterprise SaaS/Observability,Software & AI,Recent,recent,2010,2024,14,Outcompeted,6,Lost to Datadog & Cloud Platform Bundling,"Sumo Logic was an early cloud-native log analytics pioneer. But Datadog executed better, cloud providers bundled observability, and Sumo Logic was taken private at a fraction of its peak valuation.",$340M (pre-IPO),340000000.00,3000000000.00,750,"Public markets (IPO), Greylock, Sutter Hill, DFJ, Battery Ventures",https://ideaproof.io/failure/sumo-logic
Fastly,Fastly,fastly-struggles,United States,United States,Enterprise SaaS/Edge Computing,Software & AI,Recent,recent,2011,2024,13,Outcompeted,6,"Customer Concentration, TikTok Dependency & CDN Commoditization","Fastly was the 'developer-friendly CDN' that rode TikTok's growth to a $10B market cap. When TikTok optimized its CDN spend, Fastly lost its largest customer and 85% of its stock value.",$219M (pre-IPO),219000000.00,10000000000.00,1000,"Public markets (IPO), August Capital, Iconiq, IDG Capital",https://ideaproof.io/failure/fastly-struggles
Cloudera,Cloudera,cloudera-hortonworks,United States,United States,Enterprise SaaS/Big Data,Software & AI,Major,major,2008,2021,13,Outcompeted,6,Hadoop Obsolescence & Cloud Data Platform Shift,"Cloudera bet everything on Hadoop — the technology that was supposed to revolutionize big data. When the world moved to cloud data platforms and Hadoop became legacy, Cloudera's $5B valuation crumbled.",$1B+ (pre-IPO),1000000000.00,5000000000.00,3000,"Public markets (IPO), Intel Capital, Accel, Greylock, T. Rowe Price",https://ideaproof.io/failure/cloudera-hortonworks
Apttus,Apttus,apttus,United States,United States,Enterprise SaaS/CPQ,Software & AI,Major,major,2006,2020,14,Could not scale,9,"Overfunding, Complex Product & CRM Platform Dependency","Apttus raised $400M+ to build a Configure-Price-Quote platform that lived on top of Salesforce. When Salesforce built its own CPQ, Apttus lost its biggest distribution channel and its strategic moat.",$400M+,400000000.00,1300000000.00,1000,"K1 Investment Management, IBM, Salesforce Ventures, Goldman Sachs",https://ideaproof.io/failure/apttus
Radius Intelligence,Radius Intelligence,radius-intelligence,United States,United States,Enterprise SaaS/Data,Software & AI,Notable,notable,2012,2019,7,Outcompeted,6,B2B Data Became Commoditized,"Radius built a B2B data platform for sales intelligence. But ZoomInfo, LinkedIn Sales Navigator, and dozens of competitors commoditized B2B data, making Radius's standalone data product uncompetitive.",$49M,49000000.00,200000000.00,100,"American Express Ventures, Georgian Partners, Founders Fund",https://ideaproof.io/failure/radius-intelligence
Sprinklr,Sprinklr,sprinklr-struggles,United States,United States,Enterprise SaaS/Social Media Management,Media & social,Recent,recent,2009,2024,15,Public-market collapse,4,Complex Enterprise Sales & Stock Decline,"Sprinklr built the most comprehensive social media management platform in the world. But 'comprehensive' meant 'complex,' and most customers wanted simple tools, not a $500K/year enterprise platform.",$580M (pre-IPO),580000000.00,4400000000.00,2400,"Public markets (IPO), Battery Ventures, ICONIQ, Hellman & Friedman, Temasek",https://ideaproof.io/failure/sprinklr-struggles
Glossier,Glossier,glossier-struggles,United States,United States,E-commerce/Beauty,Commerce & retail,Major,major,2014,2024,10,"Macro, timing, or shock",5,DTC Model Collapse & Retail Pivot Too Late,DTC-only brands face existential risk when customer acquisition costs rise and wholesale channels are ignored too long.,$266M,266000000.00,1800000000.00,500,"Sequoia Capital, IVP, Forerunner Ventures, Index Ventures",https://ideaproof.io/failure/glossier-struggles
Casper (Post-IPO),Casper (Post-IPO),casper-ipo-decline,United States,United States,E-commerce/DTC,Commerce & retail,Major,major,2014,2021,7,Outcompeted,6,Unsustainable Unit Economics & Commoditized Product,Venture-scaling a commodity product with thin margins and high return rates creates a race to the bottom that no amount of branding can win.,$340M,340000000.00,1100000000.00,800,"Target, IVP, NEA, Lerer Hippeau",https://ideaproof.io/failure/casper-ipo-decline
Boxed,Boxed,boxed-wholesale,United States,United States,E-commerce/Wholesale,Commerce & retail,Notable,notable,2013,2023,10,Public-market collapse,4,SPAC Implosion & Failed Costco Challenger Model,"Challenging entrenched wholesale giants requires massive scale advantages that most startups cannot achieve, especially through SPAC shortcuts.",$300M+,300000000.00,900000000.00,600,"GGV Capital, SoftBank, SPAC merger",https://ideaproof.io/failure/boxed-wholesale
Allbirds (Post-IPO),Allbirds (Post-IPO),allbirds-decline,United States,United States,E-commerce/DTC Fashion,Commerce & retail,Major,major,2016,2024,8,Could not scale,9,DTC Shoe Brand Failed to Scale Beyond Niche,Sustainability-focused DTC brands face brutal economics when they can't expand beyond their initial audience and face competition from incumbent brands adopting similar messaging.,$202M,202000000.00,4100000000.00,1100,"Tiger Global, T. Rowe Price, Franklin Templeton",https://ideaproof.io/failure/allbirds-decline
Jet.com,Jet.com,jet-com,United States,United States,E-commerce,Commerce & retail,Major,major,2014,2020,6,Outcompeted,6,Failed Amazon Challenger Absorbed & Shut Down,Even $3.3B acquisitions can't save a business model that can't differentiate from the dominant marketplace.,$565M,565000000.00,3300000000.00,1500,"Bain Capital, Fidelity, Goldman Sachs, GV",https://ideaproof.io/failure/jet-com
Groupon (groupon-decline),Groupon,groupon-decline,United States,United States,E-commerce/Local Deals,Commerce & retail,Mega,mega,2008,2024,16,Unit economics,7,Daily Deals Model Proved Unsustainable for Merchants,Business models that primarily attract deal-seekers who never become loyal customers create a death spiral for merchant partners and the platform itself.,$1.14B,1140000000.00,16700000000.00,12000,"New Enterprise Associates, Accel Partners, Greylock, Battery Ventures",https://ideaproof.io/failure/groupon-decline
Farmstead,Farmstead,farmstead-grocery,United States,United States,Food/Grocery Delivery,Food & grocery,Notable,notable,2016,2023,7,Unit economics,7,Online Grocery Margins Too Thin to Build Standalone Business,Online grocery delivery has the thinnest margins in e-commerce — even well-run startups can't compete with incumbents' existing infrastructure.,$16M,16000000.00,60000000.00,80,"Y Combinator, Forerunner Ventures, Moment Ventures",https://ideaproof.io/failure/farmstead-grocery
Deliveroo,Deliveroo,deliveroo-losses,United Kingdom,United Kingdom,Food Delivery,Food & grocery,Major,major,2013,2024,11,Unit economics,7,Chronic Unprofitability Despite Massive Scale,"Even with $1.7B in funding and Amazon's backing, food delivery platforms struggle to achieve sustainable profitability due to structural margin challenges.",$1.7B,1700000000.00,7000000000.00,2800,"Amazon, T. Rowe Price, Fidelity, Greenoaks Capital",https://ideaproof.io/failure/deliveroo-losses
Getir (Detailed),Getir (Detailed),getir-collapse,Turkey,Turkey,Food/Instant Delivery,Food & grocery,Mega,mega,2015,2024,9,Unit economics,7,Instant Grocery Delivery Model Burned Through $5.5B,Instant grocery delivery requires such massive subsidies per order that even $5.5B in funding can't bridge the gap to profitability.,$5.5B,5500000000.00,11800000000.00,32000,"Sequoia Capital, Tiger Global, Mubadala, Abu Dhabi sovereign wealth",https://ideaproof.io/failure/getir-collapse
Jokr,Jokr,jokr-delivery,United States,United States,Food/Instant Delivery,Food & grocery,Notable,notable,2021,2023,2,Unit economics,7,Burned $430M in 2 Years on Failed Quick Commerce,Launching an instant delivery startup after the model was already failing for others is peak VC FOMO — the failure was predictable before the first dark store opened.,$430M,430000000.00,1200000000.00,4000,"GGV Capital, Tiger Global, Balderton Capital",https://ideaproof.io/failure/jokr-delivery
Didi (DiDi Global),Didi (DiDi Global),didi-struggles,China,China,Transportation/Ride-hailing,Mobility & logistics,Mega,mega,2012,2024,12,Regulatory or legal,2,Regulatory Crackdown After Controversial US IPO,Going public in the US against your home government's wishes can trigger an existential regulatory response that no amount of funding can overcome.,$20B+,20000000000.00,87000000000.00,16000,"SoftBank, Uber, Apple, Tencent, Alibaba",https://ideaproof.io/failure/didi-struggles
Getaround,Getaround,getaround-carsharing,United States,United States,Transportation/Car Sharing,Mobility & logistics,Notable,notable,2011,2024,13,Unit economics,7,Peer-to-Peer Car Sharing Never Achieved Profitability,"Peer-to-peer car sharing has structural challenges — supply quality is inconsistent, utilization rates are low, and the model can't compete with professional fleet operators on reliability.",$600M+,600000000.00,1700000000.00,700,"SoftBank, Menlo Ventures, Braemar Energy",https://ideaproof.io/failure/getaround-carsharing
Zum,Zum,zum-transport,United States,United States,Transportation/School,Mobility & logistics,Notable,notable,2015,2024,9,Unit economics,7,School Transportation Tech Faced Razor-Thin Public Sector Margins,"Modernizing public sector services (school buses) sounds transformative but faces procurement bureaucracy, budget constraints, and razor-thin margins that don't support venture returns.",$230M,230000000.00,1000000000.00,600,"SoftBank Vision Fund, GGV Capital, BMW i Ventures",https://ideaproof.io/failure/zum-transport
Grab Holdings,Grab Holdings,grab-losses,Singapore,Other,Transportation/Super-app,Mobility & logistics,Mega,mega,2012,2024,12,Unit economics,7,Southeast Asia's Super-App Struggles to Reach Profitability,"Building a super-app across fragmented Southeast Asian markets with ride-hailing, delivery, and fintech requires massive capital and patience — profitability may take a decade or more.",$12B+,12000000000.00,40000000000.00,8500,"SoftBank, Uber, Toyota, Microsoft, Didi",https://ideaproof.io/failure/grab-losses
Better.com,Better.com,better-com-mortgage,United States,United States,Real Estate/Fintech,Fintech & insurance,Major,major,2016,2024,8,Fraud or governance,1,Toxic CEO Culture & Market Timing Disaster,A toxic founder who fires 900 employees via Zoom can destroy a billion-dollar company even when the underlying product has genuine value.,$900M+,900000000.00,7700000000.00,10000,"SoftBank, Activant Capital, Goldman Sachs, L Catterton",https://ideaproof.io/failure/better-com-mortgage
Clubhouse (Social Audio),Clubhouse (Social Audio),clubhouse-social,United States,United States,Media/Social,Media & social,Major,major,2020,2024,4,"Macro, timing, or shock",5,Audio-Only Social Network Was a Pandemic Fad,Products that thrive in pandemic lockdown conditions may have zero product-market fit in the real world where people have alternatives to sitting in audio rooms.,$310M,310000000.00,4000000000.00,100,"Andreessen Horowitz, DST Global, Tiger Global",https://ideaproof.io/failure/clubhouse-social
Tumblr (Yahoo Acquisition),Tumblr (Yahoo Acquisition),tumblr-yahoo,United States,United States,Media/Social,Media & social,Mega,mega,2007,2019,12,Acquired or shut by owner,3,$1.1B Acquisition Wrote Down to $3M — 99.7% Value Destruction,"Acquiring a social platform for $1.1B without a monetization plan, then banning the content that drives engagement, is a masterclass in value destruction.",$125M (pre-acquisition),125000000.00,1100000000.00,400,"Yahoo (acquired for $1.1B), Union Square Ventures, Spark Capital",https://ideaproof.io/failure/tumblr-yahoo
SolarCity (Tesla Acquisition),SolarCity (Tesla Acquisition),solarcity-tesla-acquisition,Unknown,Unknown,CleanTech/Solar,Energy & climate,Other,cleantech,2006,2016,10,Acquired or shut by owner,3,Unsustainable economics & bailout acquisition,"Customer acquisition costs exceeded lifetime value in residential solar, requiring Tesla bailout that destroyed $2B+ in shareholder value.",$2.9B,2900000000.00,7000000000.00,,,https://ideaproof.io/failure/solarcity-tesla-acquisition
Bloom Energy,Bloom Energy,bloom-energy-struggles,Unknown,Unknown,CleanTech/Energy,Energy & climate,Other,cleantech,2001,2024,23,Unit economics,7,Chronic unprofitability & accounting issues,Two decades of losses despite $1.7B in funding proved that fuel cell technology couldn't achieve cost competitiveness with cheaper alternatives.,$1.7B,1700000000.00,4500000000.00,,,https://ideaproof.io/failure/bloom-energy-struggles
SunEdison,SunEdison,sunedison-bankruptcy,Unknown,Unknown,CleanTech/Solar,Energy & climate,Other,cleantech,1959,2016,,Acquired or shut by owner,3,Massive debt-fueled acquisition spree,The largest renewable energy bankruptcy in history ($16.1B in debts) was caused by reckless acquisitions financed with unsustainable debt structures.,$12B+ (debt),12000000000.00,10000000000.00,,,https://ideaproof.io/failure/sunedison-bankruptcy
Lordstown Motors (Detailed),Lordstown Motors (Detailed),lordstown-ev-fraud,Unknown,Unknown,CleanTech/EV,Mobility & logistics,Other,cleantech,2018,2023,5,Fraud or governance,1,Fake pre-orders & failed production,SPAC-listed EV startup collapsed after SEC investigation revealed fake pre-orders and the company failed to deliver a viable product.,$1.7B,1700000000.00,5000000000.00,,,https://ideaproof.io/failure/lordstown-ev-fraud
Quanergy Systems,Quanergy Systems,quanergy-lidar,Unknown,Unknown,Hardware/LiDAR,Hardware & robotics,Other,hardware,2012,2022,10,Product or execution failed,12,Failed to deliver solid-state LiDAR,Promised revolutionary solid-state LiDAR at $100/unit but never delivered a competitive product as the market was flooded with cheaper alternatives.,$350M,350000000.00,1500000000.00,,,https://ideaproof.io/failure/quanergy-lidar
Desktop Metal,Desktop Metal,desktop-metal-3d,Unknown,Unknown,Hardware/3D Printing,Hardware & robotics,Other,hardware,2015,2023,8,Monetization,11,Revenue never matched valuation,"Despite $800M raised and a $6.3B peak valuation, Desktop Metal never achieved profitability in metal 3D printing as adoption remained niche.",$800M,800000000.00,6300000000.00,,,https://ideaproof.io/failure/desktop-metal-3d
Rethink Robotics (Detailed),Rethink Robotics (Detailed),rethink-robotics-baxter,Unknown,Unknown,Robotics/Manufacturing,Hardware & robotics,Other,robotics,2008,2018,10,No market need,10,Product didn't meet industrial needs,"Pioneer of collaborative robots failed because Baxter was too slow and imprecise for real manufacturing, while cheaper and better alternatives emerged.",$150M,150000000.00,500000000.00,,,https://ideaproof.io/failure/rethink-robotics-baxter
SoftBank Robotics (Pepper),SoftBank Robotics (Pepper),softbank-robotics-pepper,Unknown,Unknown,Robotics/Consumer,Hardware & robotics,Other,robotics,2012,2021,9,No market need,10,No clear use case for humanoid robot,"Despite $2B+ investment, Pepper the humanoid robot never found a sustainable use case as businesses couldn't justify the cost for a glorified greeter.",$2B+ (SoftBank funded),2000000000.00,,,,https://ideaproof.io/failure/softbank-robotics-pepper
Starship Technologies,Starship Technologies,starship-technologies-delivery,Unknown,Unknown,Robotics/Delivery,Mobility & logistics,Other,robotics,2014,2024,10,Unit economics,7,Unit economics didn't scale,Sidewalk delivery robots were a technical marvel but couldn't achieve cost-effectiveness versus human delivery at scale outside of campus environments.,$200M,200000000.00,500000000.00,,,https://ideaproof.io/failure/starship-technologies-delivery
SoFi Technologies,SoFi Technologies,social-finance-sofi-decline,Unknown,Unknown,FinTech/Lending,Fintech & insurance,Other,fintech,2011,2024,13,Outcompeted,6,Student loan moratorium & competition,SoFi's core student loan refinancing business was destroyed by the federal student loan moratorium while its pivot to becoming a full bank faced intense competition.,$3.1B,3100000000.00,24000000000.00,,,https://ideaproof.io/failure/social-finance-sofi-decline
Luma (Camera Hardware),Luma (Camera Hardware),luma-ai-hardware,Unknown,Unknown,Hardware/Consumer,Hardware & robotics,Other,hardware,2013,2017,4,Outcompeted,6,Smart home camera in overcrowded market,"Attempted to build premium smart home camera competing against Amazon, Google, and Netgear with insufficient scale and brand recognition.",$48M,48000000.00,100000000.00,,,https://ideaproof.io/failure/luma-ai-hardware
Kuri (Mayfield Robotics),Kuri (Mayfield Robotics),kuri-robot-mayfield,Unknown,Unknown,Robotics/Consumer,Hardware & robotics,Other,robotics,2015,2018,3,No market need,10,No compelling use case for home robot,Bosch-backed home robot was adorable but useless — couldn't justify $799 price when it did less than a $50 smart speaker.,$N/A (Bosch-funded),75000000.00,,,,https://ideaproof.io/failure/kuri-robot-mayfield
Electric Last Mile Solutions (Detailed),Electric Last Mile Solutions (Detailed),electric-last-mile-detailed,Unknown,Unknown,CleanTech/EV,Mobility & logistics,Other,cleantech,2020,2022,2,Other,13,Insider trading & failed product,SPAC-listed EV delivery van company collapsed in under 2 years after SEC investigation revealed executives bought shares before the SPAC deal was announced.,$480M,480000000.00,1400000000.00,,,https://ideaproof.io/failure/electric-last-mile-detailed
Velodyne Lidar,Velodyne Lidar,velodyne-lidar-decline,Unknown,Unknown,Hardware/LiDAR,Hardware & robotics,Other,hardware,2005,2023,18,Outcompeted,6,Pioneer overtaken by cheaper competitors,The company that invented modern LiDAR for autonomous vehicles was overtaken by cheaper competitors and sold for just $4.40/share after peaking at $24.,$350M,350000000.00,4000000000.00,,,https://ideaproof.io/failure/velodyne-lidar-decline
Karma Automotive,Karma Automotive,karma-automotive,Unknown,Unknown,CleanTech/EV,Mobility & logistics,Other,cleantech,2014,2024,10,No market need,10,Luxury EV with no market,"The successor to Fisker Automotive burned through $1B+ trying to sell luxury plug-in hybrids that nobody wanted, producing fewer than 3,000 cars in a decade.",$1B+,1000000000.00,1000000000.00,,,https://ideaproof.io/failure/karma-automotive
Body Labs,Body Labs,body-labs-3d,Unknown,Unknown,Hardware/AI/3D,Hardware & robotics,Other,hardware,2013,2017,4,No market need,10,B2B 3D body scanning market too small,Pioneering 3D body scanning technology from Brown University couldn't find enough paying customers in fashion/fitness to sustain operations.,$10M,10000000.00,30000000.00,,,https://ideaproof.io/failure/body-labs-3d
Carbon Robotics,Carbon Robotics,carbon-robotics-weeding,Unknown,Unknown,Robotics/AgTech,Food & grocery,Other,robotics,2018,2024,6,Unit economics,7,Hardware costs exceeded farmer ROI,"AI-powered laser weeding robots were technically impressive but too expensive for most farmers, with each unit costing $1M+ and requiring specialized operation.",$157M,157000000.00,400000000.00,,,https://ideaproof.io/failure/carbon-robotics-weeding
ecobee,ecobee,ecobee-smart-home,Unknown,Unknown,Hardware/Smart Home,Hardware & robotics,Other,hardware,2007,2024,17,Outcompeted,6,Couldn't compete with Google/Amazon smart home,Canadian smart thermostat pioneer raised $200M but couldn't compete against Nest (Google) and Amazon in the smart home ecosystem war.,$200M,200000000.00,500000000.00,,,https://ideaproof.io/failure/ecobee-smart-home
Impossible Aerospace,Impossible Aerospace,impossible-aerospace-drone,Unknown,Unknown,Hardware/Drones,Hardware & robotics,Other,hardware,2016,2021,5,Outcompeted,6,Battery-centric drone design couldn't compete,Ex-Tesla engineer's 'flying battery' drone concept couldn't achieve price-performance parity with established drone makers DJI and Skydio.,$18M,18000000.00,50000000.00,,,https://ideaproof.io/failure/impossible-aerospace-drone
Plastc Card,Plastc Card,plastc-card,Unknown,Unknown,Hardware/FinTech,Fintech & insurance,Other,hardware,2014,2017,3,Product or execution failed,12,Failed to ship smart card product,"Collected $9M in pre-orders for a smart credit card that could store multiple cards, but never shipped the product as Apple Pay and Google Wallet made it obsolete.",$9M (pre-orders),9000000.00,,,,https://ideaproof.io/failure/plastc-card
Essential Products (Detailed),Essential Products (Detailed),essential-products-phone,Unknown,Unknown,Hardware/Mobile,Hardware & robotics,Other,hardware,2015,2020,5,Fraud or governance,1,Android founder couldn't compete with Apple/Samsung,"Even Andy Rubin (Android creator) couldn't build a competitive smartphone brand, as the Essential Phone sold fewer than 150K units despite massive hype.",$330M,330000000.00,1200000000.00,,,https://ideaproof.io/failure/essential-products-phone
Zume Pizza (Detailed),Zume Pizza (Detailed),zume-pizza-robotics,Unknown,Unknown,Robotics/Food,Food & grocery,Other,robotics,2015,2023,8,No market need,10,Robot pizza was a solution looking for a problem,"SoftBank poured $375M into robot-made pizza, then the company pivoted to compostable packaging before collapsing — a textbook case of technology in search of a market.",$445M,445000000.00,2250000000.00,,,https://ideaproof.io/failure/zume-pizza-robotics
Lilium (Detailed),Lilium (Detailed),lilium-air-taxi,Unknown,Unknown,Hardware/Aviation,Mobility & logistics,Other,hardware,2015,2024,9,Unit economics,7,eVTOL physics don't work economically,"European air taxi startup burned $1.5B developing an electric vertical takeoff jet that couldn't achieve the range, speed, or cost targets needed for commercial viability.",$1.5B,1500000000.00,3300000000.00,,,https://ideaproof.io/failure/lilium-air-taxi
ICON (3D-Printed Homes),ICON (3D-Printed Homes),icon-3d-printing-homes,Unknown,Unknown,Hardware/Construction,Real estate,Other,hardware,2017,2024,7,Unit economics,7,3D-printed homes not cheaper than traditional,"Despite $451M raised and massive media hype, 3D-printed homes couldn't achieve cost savings over traditional construction when factoring in land, permits, plumbing, and electrical.",$451M,451000000.00,2000000000.00,,,https://ideaproof.io/failure/icon-3d-printing-homes
Peloton (Detailed Decline),Peloton (Detailed Decline),peloton-decline-detailed,Unknown,Unknown,Hardware/Fitness,Hardware & robotics,Other,hardware,2012,2024,12,"Macro, timing, or shock",5,"COVID boom was temporary, not permanent","Peloton mistook pandemic-driven demand for permanent market shift, expanded manufacturing capacity just as gyms reopened and demand collapsed 80%.",$1.7B (pre-IPO),1700000000.00,50000000000.00,,,https://ideaproof.io/failure/peloton-decline-detailed
TripAdvisor (Decline),TripAdvisor (Decline),tripadvisor-decline,Unknown,Unknown,Travel/Reviews,Mobility & logistics,Other,travel,2000,2024,24,Outcompeted,6,Google dominance & shifting travel behavior,"TripAdvisor's review empire crumbled as Google integrated reviews directly into search, eliminating the need for a separate review destination.",$3.5B (Public),3500000000.00,16000000000.00,,,https://ideaproof.io/failure/tripadvisor-decline
Getaway House,Getaway House,getaway-house-struggles,Unknown,Unknown,Travel/Hospitality,Healthcare & biotech,Other,travel,2015,2024,9,Unit economics,7,Overexpansion & thin margins in cabin rental,Getaway expanded to 15+ outposts chasing growth but discovered that building and maintaining remote cabins had razor-thin margins that couldn't support venture-scale returns.,$82M,82000000.00,300000000.00,,,https://ideaproof.io/failure/getaway-house-struggles
Sonder Holdings,Sonder Holdings,sonder-hospitality,Unknown,Unknown,Travel/Hospitality,Healthcare & biotech,Other,travel,2014,2024,10,Unit economics,7,Cash burn & unsustainable lease commitments,"Sonder leased apartments and operated them as hotels, but the model required massive upfront investment in each unit while generating hotel-like margins — the worst of both worlds.",$600M,600000000.00,2200000000.00,,,https://ideaproof.io/failure/sonder-hospitality
Kiwi.com,Kiwi.com,kiwi-travel-struggles,Unknown,Unknown,Travel/Flights,Mobility & logistics,Other,travel,2012,2024,12,Unit economics,7,Virtual interlining model collapse & airline pushback,Kiwi.com's innovation of combining flights from different airlines fell apart when airlines blocked screen scraping and refused to honor connecting itineraries they didn't sell.,$200M,200000000.00,1200000000.00,,,https://ideaproof.io/failure/kiwi-travel-struggles
Flyr,Flyr,flyr-airline-tech,Unknown,Unknown,Travel/Airline Tech,Mobility & logistics,Other,travel,2013,2024,11,Unit economics,7,Overambitious airline SaaS pivot & cash burn,"Flyr pivoted from consumer fare prediction to enterprise airline revenue management SaaS, but the sales cycles were 18-24 months and airline customers were notoriously slow adopters.",$225M,225000000.00,800000000.00,,,https://ideaproof.io/failure/flyr-airline-tech
Atrium (Legal Tech),Atrium (Legal Tech),atrium-legal-tech,Unknown,Unknown,Legal Tech/Law Firm,Software & AI,Other,legaltech,2017,2020,3,Product or execution failed,12,Technology couldn't replace lawyer judgment,Justin Kan's attempt to build a tech-enabled law firm discovered that legal work's complexity makes it resistant to the automation and scaling that works in software.,$75M,75000000.00,300000000.00,,,https://ideaproof.io/failure/atrium-legal-tech
Luminance,Luminance,luminance-legal-struggles,Unknown,Unknown,Legal Tech/AI,Software & AI,Other,legaltech,2015,2025,10,Product or execution failed,12,AI overpromise & slow legal enterprise sales,"Luminance promised AI-powered contract review would replace junior lawyers, but law firms discovered the technology required more human oversight than advertised, limiting ROI.",$120M,120000000.00,500000000.00,,,https://ideaproof.io/failure/luminance-legal-struggles
DoNotPay,DoNotPay,do-not-pay-legal,Unknown,Unknown,Legal Tech/Consumer,Software & AI,Other,legaltech,2015,2024,9,Regulatory or legal,2,Legal accuracy failures & unauthorized practice claims,"DoNotPay marketed itself as a 'robot lawyer' but was accused of providing inaccurate legal information that could harm consumers, and faced unauthorized practice of law complaints.",$25M,25000000.00,210000000.00,,,https://ideaproof.io/failure/do-not-pay-legal
Clio (Growth Challenges),Clio (Growth Challenges),clio-legal-challenges,Unknown,Unknown,Legal Tech/Practice Management,Software & AI,Other,legaltech,2008,2025,17,Outcompeted,6,Overfunding & LLM disruption threat to premium pricing,Clio raised nearly $1B for legal practice management software but faces existential pressure as AI-powered alternatives threaten its premium pricing model.,$900M,900000000.00,3000000000.00,,,https://ideaproof.io/failure/clio-legal-challenges
Notarize,Notarize,notarize-legal-platform,Unknown,Unknown,Legal Tech/Notary,Software & AI,Other,legaltech,2015,2024,9,Regulatory or legal,2,Post-COVID demand collapse & regulatory fragmentation,"Notarize exploded during COVID when remote notarization became essential, but demand collapsed as in-person services resumed and state-by-state regulations limited growth.",$213M,213000000.00,760000000.00,,,https://ideaproof.io/failure/notarize-legal-platform
Lemonade (Detailed),Lemonade (Detailed),lemonade-insurance-struggles,Unknown,Unknown,InsurTech/Home,Fintech & insurance,Other,insurtech,2015,2025,10,Unit economics,7,Unsustainable loss ratios & failed AI underwriting,"Lemonade promised AI would revolutionize insurance underwriting, but its loss ratios remained above 90% — far worse than traditional insurers — proving that technology alone can't fix insurance economics.",$480M,480000000.00,10600000000.00,,,https://ideaproof.io/failure/lemonade-insurance-struggles
Hippo Insurance,Hippo Insurance,hippo-insurance-decline,Unknown,Unknown,InsurTech/Home,Fintech & insurance,Other,insurtech,2015,2024,9,"Macro, timing, or shock",5,Catastrophic loss ratios & climate risk underpricing,"Hippo's home insurance model dramatically underpriced climate risk, leading to 166% loss ratios during wildfire and hurricane seasons that wiped out years of premium income.",$709M,709000000.00,5000000000.00,,,https://ideaproof.io/failure/hippo-insurance-decline
Metromile (Detailed),Metromile (Detailed),metromile-insurance,Unknown,Unknown,InsurTech/Auto,Fintech & insurance,Other,insurtech,2011,2022,11,Unit economics,7,Per-mile pricing attracted wrong customer base,"Metromile's pay-per-mile car insurance attracted low-mileage drivers who also happened to be the lowest-risk, lowest-premium customers — the ones traditional insurers wanted most.",$530M,530000000.00,1300000000.00,,,https://ideaproof.io/failure/metromile-insurance
Root Insurance (Detailed),Root Insurance (Detailed),root-insurance-struggles,Unknown,Unknown,InsurTech/Auto,Fintech & insurance,Other,insurtech,2015,2025,10,Unit economics,7,Telematics data didn't improve underwriting profitably,"Root raised $1.2B betting that smartphone telematics would revolutionize car insurance pricing, but the data wasn't predictive enough to beat traditional actuarial models at scale.",$1.2B,1200000000.00,6700000000.00,,,https://ideaproof.io/failure/root-insurance-struggles
wefox (Detailed),wefox (Detailed),wefox-insurance,Unknown,Unknown,InsurTech/Platform,Fintech & insurance,Other,insurtech,2015,2024,9,Fraud or governance,1,Governance scandals & unsustainable growth at any cost,"Europe's most-funded insurtech raised $1.6B but faced allegations of inflated metrics, governance failures, and loss ratios that proved the business was buying revenue at unsustainable costs.",$1.6B,1600000000.00,4500000000.00,,,https://ideaproof.io/failure/wefox-insurance
Vine (Detailed),Vine (Detailed),vine-social-detailed,Unknown,Unknown,Social Media/Video,Media & social,Other,social,2012,2017,5,Outcompeted,6,Twitter neglect & Instagram/Snapchat competition,"Vine invented short-form video but Twitter failed to invest in creator monetization, allowing Instagram and Snapchat to poach Vine's top creators by offering money and better tools.",$30M (Twitter acquisition),30000000.00,200000000.00,,,https://ideaproof.io/failure/vine-social-detailed
Parler,Parler,parler-social-media,Unknown,Unknown,Social Media/Political,Media & social,Other,social,2018,2023,5,Other,13,Platform deplatforming & content moderation failure,"Parler positioned itself as a free-speech alternative to Twitter but discovered that platform infrastructure providers (AWS, Apple, Google) have their own content policies that override your business model.",$56M,56000000.00,200000000.00,,,https://ideaproof.io/failure/parler-social-media
Friendster (friendster-social-pioneer),Friendster,friendster-social-pioneer,Unknown,Unknown,Social Media/Pioneer,Media & social,Other,social,2002,2015,13,Outcompeted,6,Technical failures & Facebook competition,Friendster was the original social network but suffered from chronic site performance issues (20+ second load times) that drove users to MySpace and then Facebook.,$50M,50000000.00,1000000000.00,,,https://ideaproof.io/failure/friendster-social-pioneer
Ello,Ello,ello-social-network,Unknown,Unknown,Social Media/Anti-Ad,Media & social,Other,social,2014,2023,9,Unit economics,7,No business model beyond anti-advertising manifesto,"Ello attracted millions of users who hated Facebook's ads, but discovered that an ad-free social network with no subscription revenue has no way to sustain itself.",$11M,11000000.00,50000000.00,,,https://ideaproof.io/failure/ello-social-network
Path (path-social-network),Path,path-social-network,Unknown,Unknown,Social Media/Private,Media & social,Other,social,2010,2018,8,Monetization,11,150-friend limit & failed monetization,"Path's intentional 150-friend cap created intimate social sharing but severely limited growth potential and network effects, making it impossible to compete with Facebook's expanding ecosystem.",$77M,77000000.00,500000000.00,,,https://ideaproof.io/failure/path-social-network
Google+ (google-plus-social),Google+,google-plus-social,Unknown,Unknown,Social Media/Big Tech,Media & social,Other,social,2011,2019,8,Outcompeted,6,Forced adoption & no differentiation from Facebook,"Even Google's massive resources and distribution (forcing G+ onto YouTube, Gmail, Android) couldn't create a social network that users actually wanted to use.",$0 (Google internal),,,,,https://ideaproof.io/failure/google-plus-social
Oscar Health,Oscar Health,oscar-health-insurtech,Unknown,Unknown,InsurTech/Health,Fintech & insurance,Other,insurtech,2012,2025,13,Unit economics,7,Healthcare costs outpaced tech savings,"Oscar raised $1.6B to make health insurance user-friendly with a consumer tech approach, but discovered that great UX can't fix the fundamental problem of rising healthcare costs.",$1.6B,1600000000.00,7700000000.00,,,https://ideaproof.io/failure/oscar-health-insurtech
Mastodon,Mastodon,mastodon-social-struggles,Unknown,Unknown,Social Media/Decentralized,Media & social,Other,social,2016,2025,9,Unit economics,7,Complexity barrier & post-Twitter hype collapse,"Mastodon's decentralized architecture appealed to idealists but confused mainstream users. Server selection, federation rules, and content fragmentation created friction that prevented mass adoption.",$5M (donations),5000000.00,,,,https://ideaproof.io/failure/mastodon-social-struggles
Honest Policy / PolicyGenius Struggles,Honest Policy / PolicyGenius Struggles,honestpolicy-insurtech,Unknown,Unknown,InsurTech/Comparison,Fintech & insurance,Other,insurtech,2014,2024,10,Unit economics,7,Insurance comparison margins too thin for VC returns,Insurance comparison platforms generate leads but can't capture enough value in the transaction. Insurers pay $20-50 per lead while it costs $100+ in digital advertising to acquire each shopper.,$250M,250000000.00,1000000000.00,,,https://ideaproof.io/failure/honestpolicy-insurtech
Take Eat Easy,Take Eat Easy,take-eat-easy,France,France,Food Delivery,Food & grocery,Notable,notable,2012,2016,4,Outcompeted,6,"Brussels-founded (later Paris-headquartered) food-delivery startup Take Eat Easy, launched in 2012 by siblings Adrien and Chloé Roose with Karim Slaoui, ceased trading on 26 Jul 2016 — the same week it announced its 1-millionth delivery. After raising €16M and expanding to Paris, London, Madrid and Berlin, Take Eat Easy failed to close a Series C round it needed to compete with Deliveroo and UberEats, and filed for juridical reorganisation. It was one of the first high-profile 2010s food-delivery casualties in Europe.",Belgian-French food-delivery pioneer ran out of cash before reaching scale. The Series B that didn't close became one of Europe's most-cited startup failure post-mortems.,€16M,16000000.00,50000000.00,160,"Rocket Internet, DN Capital, Piton Capital",https://ideaproof.io/failure/take-eat-easy
Cityscoot (Insolvency),Cityscoot (Insolvency),cityscoot,France,France,Mobility/Scooter Sharing,Mobility & logistics,Notable,notable,2014,2024,10,Outcompeted,6,"Paris-based free-floating electric scooter service Cityscoot, founded 2014 by Bertrand Fleurose, raised €70M+ from RATP, Allianz and BPI France to run one of Europe's largest shared-moped fleets. After the free-floating micromobility crash of 2022-23, Cityscoot entered insolvency proceedings at the Paris commercial court. On 21 Feb 2024 the court accepted Spanish competitor Cooltra's takeover bid for just €400k — retaining only 30 of 157-168 employees and effectively wiping shareholders.",Paris electric-scooter-sharing pioneer Cityscoot raised €60M from RATP and Allianz then filed for liquidation in 2024 — France's defining shared-mobility failure.,€70M ($75M),70000000.00,150000000.00,168,"Allianz, RATP Group, BNP Paribas",https://ideaproof.io/failure/cityscoot
Luko,Luko,luko,France,France,Insurtech,Fintech & insurance,Notable,notable,2016,2023,7,Acquired or shut by owner,3,"Paris-based home-insurance startup Luko, founded 2016 by Raphaël Vullierme and Benoît Bourdel, raised €65M and was valued at €250M in late 2020. After failing to reach profitability, Luko announced an acquisition by UK insurer Admiral in Oct 2023 for €14M — a deal Admiral pulled after audits in Nov 2023. Luko was placed in receivership in Dec 2023 and finally acquired by Allianz Direct on 25 Jan 2024 for just €4.3M (~$4.65M) at the Paris commercial court, wiping out shareholders.","Paris home-insurance unicorn-aspirant Luko was acquired by Allianz Direct subsidiary Admiral in 2023 at a steep discount, then its German subsidiary entered insolvency.",$73M (€65M),73000000.00,250000000.00,200,"EQT Ventures, Founders Fund, Speedinvest, Accel, Xavier Niel",https://ideaproof.io/failure/luko
Habx (Acquired in Distress),Habx (Acquired in Distress),habx,France,France,PropTech/Real Estate,Real estate,Notable,notable,2016,2024,8,Unit economics,7,French Property Market Collapse,Paris PropTech Habx raised €40M to digitalize new-build property pre-sales then filed for insolvency in 2024 as the French property market collapsed.,$45M,45000000.00,180000000.00,80,"Alven, Idinvest, Quadrille Capital",https://ideaproof.io/failure/habx
Ÿnsect,Ÿnsect,ynsect,France,France,AgTech/Insect Protein,Food & grocery,Major,major,2011,2025,14,Unit economics,7,French insect-protein pioneer Ÿnsect (founded 2011) raised over €600M — the largest agtech funding round outside the US — to build the world's largest vertical insect farm at Amiens for pet food and aquaculture feed. The Amiens facility ran years behind schedule with severe cost overruns. In Jul 2025 Ÿnsect took an €8.6M emergency bridge from historical investors alongside mass layoffs. A commercial court placed the company in supervised restructuring and extended the observation period to 12 Jan 2026. TechCrunch's Dec 2025 investigation described 'how reality crushed Ÿnsect'.,"France's most-funded AgTech, insect-protein producer Ÿnsect, raised $625M then entered French safeguard proceedings in 2024 as capital-intensive scaling proved unviable.",€600M+ ($625M),600000000.00,1000000000.00,400,"Astanor, Robert Downey Jr's FootPrint Coalition, Upfront Ventures",https://ideaproof.io/failure/ynsect
Tilkee (Acquired Distress),Tilkee (Acquired Distress),tilkee-decline,France,France,B2B SaaS/Sales Enablement,Software & AI,Notable,notable,2013,2023,10,Could not scale,9,Failed to Scale Internationally,Lyon B2B SaaS Tilkee raised €8M from Bpifrance then was acquired in distress in 2023 — a representative case for French SMB SaaS unable to scale beyond France.,$8M,8000000.00,32000000.00,40,"Bpifrance, ISAI",https://ideaproof.io/failure/tilkee-decline
Cazoo France (Market Exit),Cazoo France (Market Exit),cazoo-france-exit,France,France,Auto/E-commerce,Commerce & retail,Major,major,2018,2023,5,Other,13,Pan-European Retreat,"UK used-car unicorn Cazoo entered France in 2021 with massive marketing then withdrew entirely from France, Italy, Spain and Germany in 2023 — wiping out hundreds of millions in continental investment.",$2B,2000000000.00,12000000000.00,1000,"SoftBank, D1 Capital, General Catalyst (parent)",https://ideaproof.io/failure/cazoo-france-exit
Withings (Nokia Acquisition Crisis),Withings (Nokia Acquisition Crisis),withings-nokia,France,France,ConnectedHealth Hardware,Healthcare & biotech,Notable,notable,2008,2017,9,Acquired or shut by owner,3,Nokia Write-Down & Failed Integration,"Paris connected-health pioneer Withings was acquired by Nokia for €170M in 2016, then written down to near-zero by 2017 — Nokia eventually sold it back to its founder for a symbolic price. A canonical French acqui-failure.",$30M,30000000.00,120000000.00,80,"Idinvest, BPI, Nokia (acquirer)",https://ideaproof.io/failure/withings-nokia
ManoMano (Massive Down Round),ManoMano (Massive Down Round),manomano-correction,France,France,E-commerce/DIY Marketplace,Commerce & retail,Major,major,2013,2023,10,"Macro, timing, or shock",5,Post-COVID Demand & Profitability Push,Paris DIY-marketplace unicorn ManoMano raised $725M then conducted multiple rounds of layoffs and reportedly accepted a steep down-round in 2024 as post-COVID DIY demand collapsed.,$725M,725000000.00,2600000000.00,1000,"General Atlantic, Eurazeo, Bpifrance, Aglaé Ventures",https://ideaproof.io/failure/manomano-correction
Ledger (Crypto-Winter Down Round),Ledger (Crypto-Winter Down Round),ledger-correction,France,France,Crypto/Hardware Wallets,Crypto,Notable,notable,2014,2024,10,"Macro, timing, or shock",5,Crypto Winter & Markdown,"Paris crypto-hardware unicorn Ledger reached $1.5B valuation in 2021, then conducted layoffs and reportedly accepted significant valuation markdowns through 2023-2024.",$575M,575000000.00,1500000000.00,1000,"10T Holdings, Cathay Innovation, Digital Currency Group",https://ideaproof.io/failure/ledger-correction
Sorare (Markdown),Sorare (Markdown),sorare-decline,France,France,Web3/Fantasy Sports NFTs,Crypto,Major,major,2018,2023,5,Unit economics,7,NFT Crash & Volume Collapse,"Paris fantasy-sports-NFT unicorn Sorare raised $680M from SoftBank at $4.3B in 2021, then reportedly suffered massive valuation markdowns and revenue collapse as the NFT market crashed.",$735M,735000000.00,4300000000.00,1000,"SoftBank Vision Fund, Atomico, Benchmark, Accel",https://ideaproof.io/failure/sorare-decline
Believe (Public Markdown),Believe (Public Markdown),believe-take-private,France,France,Music/Digital Distribution,Media & social,Notable,notable,2005,2024,19,Public-market collapse,4,Public-Market Failure & Take-Private,"Paris-listed digital-music distributor Believe IPOed at €19.50 in 2021, then was taken private at €15 in 2024 after a value-destructive public-market journey — a major French IPO failure.",$338M,338000000.00,2200000000.00,600,Public market (Euronext IPO 2021),https://ideaproof.io/failure/believe-take-private
Ornikar (Down Round & Layoffs),Ornikar (Down Round & Layoffs),ornikar-correction,France,France,EdTech/Driving Schools,Education,Notable,notable,2013,2023,10,Could not scale,9,Failed International Expansion & Layoffs,"Paris driving-school unicorn Ornikar reached $750M valuation in 2021, then conducted significant layoffs and exited Spain in 2023 as international scaling failed.",$170M,170000000.00,750000000.00,300,"KKR, Idinvest, Bpifrance, H14",https://ideaproof.io/failure/ornikar-correction
Meero (Founder-Driven Crisis),Meero (Founder-Driven Crisis),platform-sh-correction,France,France,Marketplace/Photography,Commerce & retail,Major,major,2016,2023,7,Other,13,Mass Layoffs & Restructuring,"Paris on-demand-photography unicorn Meero raised $293M at $1B valuation in 2019, then conducted brutal layoffs (80%+ of staff) in 2020-23 — a defining French unicorn meltdown.",$293M,293000000.00,1000000000.00,600,"Eurazeo, Prime Ventures, Alven, Idinvest, White Star Capital",https://ideaproof.io/failure/platform-sh-correction
Sono Motors,Sono Motors,sono-motors,Germany,Germany,Automotive/Solar EV,Mobility & logistics,Major,major,2016,2023,7,Ran out of cash or could not raise,8,"Munich-based Sono Motors listed on NASDAQ in Nov 2021 promising the Sion — a €25,000 partly solar-powered EV backed by 21,000+ pre-orders. On Feb 24 2023 the company cancelled the Sion program and laid off ~75% of staff, pivoting to a B2B solar-integration business. On May 15 2023 Sono Group NV and Sono Motors GmbH filed for self-administration (Eigenverwaltung) under the German Insolvency Act after failing to secure the ~$100M needed to bring the Sion to production.","Munich-based solar-powered car startup Sono Motors raised hundreds of millions including a Nasdaq IPO, but cancelled its consumer Sion vehicle in early 2023 and filed for insolvency three months later.",$400M+ (incl. NASDAQ IPO),400000000.00,1600000000.00,400,"Public crowdfunding, Nasdaq IPO investors",https://ideaproof.io/failure/sono-motors
Auxmoney (Down Round),Auxmoney (Down Round),auxmoney-decline,Germany,Germany,Fintech/Lending,Fintech & insurance,Notable,notable,2007,2023,16,"Macro, timing, or shock",5,Rate Hikes & Default Spike,Düsseldorf-based P2P consumer-lender Auxmoney conducted layoffs and a flat-to-down round as German interest-rate hikes spiked default rates and crushed P2P-lending economics in 2022-23.,$370M,370000000.00,1900000000.00,600,"Centerbridge, Foundation Capital, Index Ventures",https://ideaproof.io/failure/auxmoney-decline
Vay (Berlin Exit),Vay (Berlin Exit),vay-germany-exit,Germany,Germany,Mobility/Teledriving,Mobility & logistics,Notable,notable,2018,2024,6,Product or execution failed,12,Pivot Away from Berlin Market,"Berlin teledriving startup Vay, after raising $110M, exited its German operations in 2024 to focus solely on Las Vegas — leaving its home market and laying off most Berlin staff.",$110M,110000000.00,440000000.00,300,"Coatue, Atomico, Eurazeo, Project A",https://ideaproof.io/failure/vay-germany-exit
Coya,Coya,coya,Germany,Germany,Insurtech,Fintech & insurance,Notable,notable,2016,2022,6,Acquired or shut by owner,3,Acquisition at Steep Discount,"Berlin Thiel-backed digital insurer Coya raised $70M+ and was sold to Luko in 2022 at a steep discount, then collapsed entirely with Luko's own insolvency in 2023.",$70M,70000000.00,280000000.00,150,"Valar Ventures, e.ventures, Peter Thiel",https://ideaproof.io/failure/coya
Kiwigrid,Kiwigrid,kiwigrid,Germany,Germany,Cleantech/Energy IoT,Energy & climate,Notable,notable,2011,2024,13,Ran out of cash or could not raise,8,Insolvency After Strategic Investor Pullback,Dresden energy-IoT startup Kiwigrid filed insolvency in 2024 after corporate strategic investors LG and E.ON pulled support — a classic German corporate-VC dependency failure.,$80M,80000000.00,320000000.00,150,"innogy/E.ON, AQTON, LG Electronics",https://ideaproof.io/failure/kiwigrid
VEACT,VEACT,veact,Germany,Germany,Automotive SaaS/CRM,Mobility & logistics,Notable,notable,2011,2023,12,Ran out of cash or could not raise,8,Customer Concentration & Insolvency,Munich automotive-CRM SaaS VEACT filed insolvency in 2023 after over-reliance on a small group of large dealer-group customers — one of the German automotive-tech failures of the year.,$45M,45000000.00,180000000.00,80,"Wellington Partners, Munich VCs",https://ideaproof.io/failure/veact
Infarm,Infarm,infarm,Germany,Germany,AgTech/Vertical Farming,Food & grocery,Major,major,2013,2023,10,Unit economics,7,"Berlin-based vertical farming unicorn Infarm, founded by Israeli siblings Erez & Guy Galonska and Osnat Michaeli, raised over $500M and reached $1B+ valuation in Dec 2021. In Nov 2022 the company announced a mass restructuring, closing operations in the UK, France, Netherlands, Spain, Portugal, US and Denmark to focus on 'Growing Centers' in fewer, larger locations. Its Dutch arm was declared bankrupt in 2023, and by Dec 2023 Sifted reported Infarm had 'all but disappeared' — a textbook case of vertical-farming unit economics failing at scale.","Berlin's vertical-farming unicorn raised $600M to grow herbs in supermarkets across Europe, then exited every European market in 2023 as the energy crisis destroyed already-thin unit economics.",$600M+,600000000.00,1000000000.00,1000,"Atomico, Lightrock, Qatar Investment Authority, Hanaco",https://ideaproof.io/failure/infarm
Forto (Down Round & Layoffs),Forto (Down Round & Layoffs),forto,Germany,Germany,Logistics/Freight Forwarding,Mobility & logistics,Major,major,2016,2023,7,"Macro, timing, or shock",5,Freight Rate Collapse & Layoffs,Berlin digital-freight unicorn Forto raised $590M from SoftBank then conducted multiple layoff rounds and a reported steep down-round as ocean freight rates normalized in 2023.,$590M,590000000.00,2100000000.00,1000,"SoftBank Vision Fund, Citi Ventures, Maersk",https://ideaproof.io/failure/forto
Flink (Down Round & Retreat),Flink (Down Round & Retreat),flink-down,Germany,Germany,Quick Commerce/Grocery,Food & grocery,Major,major,2020,2024,4,Acquired or shut by owner,3,"Berlin quick-commerce startup Flink hit a $5B valuation at the peak of the 2022 speedy-grocery bubble, then watched its category collapse — Gorillas was acquired by Getir, Getir itself exited the US/UK/Europe, and Gopuff retreated. In Sep 2024 Flink raised $150M ($115M equity + $35M debt) from Mubadala, Bond, Northzone and REWE at a valuation of just under $1B — an ~80% down round. Flink is now one of Europe's last surviving speedy-grocery players but the equity story of 2021 is fully unwound.","Berlin quick-commerce challenger Flink raised $1.1B at $5B valuation, then exited France in 2023 and accepted a steep down-round in 2024 as the entire q-commerce category collapsed.",$1.1B+,1100000000.00,5000000000.00,12000,"Mubadala, Prosus, BOND, REWE Group, DoorDash",https://ideaproof.io/failure/flink-down
Solaris SE Crisis,Solaris SE Crisis,solaris-crisis,Germany,Germany,Banking-as-a-Service,Fintech & insurance,Major,major,2016,2024,8,Regulatory or legal,2,"Berlin banking-as-a-service pioneer Solaris SE (formerly Solarisbank) reached a €1.6B valuation in 2022 as European fintechs raced to embed banking. In March 2024 BaFin fined the company €6.5M for systematically late suspicious-activity reports — a record fine that highlighted compliance failures. Solaris raised a €96M Series F in March 2024 to stabilise, then agreed in Dec 2024 / Jan 2025 to sell a >70% majority stake to Japan's SBI Holdings for ~€100M in a round that slashed the valuation to a fraction of its 2022 peak.","Berlin BaaS unicorn Solaris faced BaFin regulatory restrictions, multiple rounds of layoffs, and a 2024 rescue round at a sharp down valuation — the largest German BaaS crisis to date.",$430M+,430000000.00,1600000000.00,700,"SBI Group, BBVA, ABN AMRO, Vulcan Capital, Lakestar",https://ideaproof.io/failure/solaris-crisis
Snapdeal,Snapdeal,snapdeal,India,India,E-commerce,Commerce & retail,Major,major,2010,2022,12,Outcompeted,6,Intense Competition & Cash Burn,Snapdeal was once India's #1 e-commerce platform but lost to Flipkart and Amazon India by trying to be everything at once instead of finding a defensible niche.,$1.8B,1800000000.00,6500000000.00,10000,"SoftBank, Alibaba, Foxconn, BlackRock, eBay",https://ideaproof.io/failure/snapdeal
Housing.com,Housing.com,housing-com,India,India,Real Estate/PropTech,Real estate,Notable,notable,2012,2016,4,Fraud or governance,1,Founder Misconduct & Cash Burn,A brilliant product cannot survive a toxic founder. Rahul Yadav's public feuds with investors led to his firing and the company's decline.,$150M,150000000.00,250000000.00,2500,"SoftBank, Falcon Edge, Helion Ventures, Nexus Venture Partners",https://ideaproof.io/failure/housing-com
Hike Messenger,Hike Messenger,hike-messenger,India,India,Social/Consumer,Media & social,Major,major,2012,2021,9,Product or execution failed,12,WhatsApp Dominance & Constant Pivots,India's WhatsApp killer never found product-market fit despite $261M in funding. Constant pivots — messaging to social to content to crypto — signaled a lack of clear vision.,$261M,261000000.00,1400000000.00,900,"SoftBank, Tencent, Tiger Global, Foxconn",https://ideaproof.io/failure/hike-messenger
Koo,Koo,koo-app,India,India,Social Media,Media & social,Notable,notable,2020,2024,4,Monetization,11,User Retention & Monetization Failure,"Being the 'Indian Twitter' with government support wasn't enough. Without organic user engagement and a monetization model, Koo couldn't survive.",$60M,60000000.00,300000000.00,400,"Tiger Global, Accel, 3one4 Capital, Blume Ventures",https://ideaproof.io/failure/koo-app
Lido Learning,Lido Learning,lido-learning,India,India,EdTech,Education,Notable,notable,2019,2022,3,"Macro, timing, or shock",5,Post-COVID Demand Collapse & Cash Burn,"Lido expanded from 300 to 1,200 employees during COVID but couldn't sustain growth when schools reopened. The company shut down overnight, leaving employees without their last salary.",$20M,20000000.00,50000000.00,1200,"BAce Capital, Ronnie Screwvala, LetsVenture",https://ideaproof.io/failure/lido-learning
Vedantu,Vedantu,vedantu,India,India,EdTech,Education,Major,major,2014,2023,9,"Macro, timing, or shock",5,Post-COVID Demand Decline & Cash Burn,Vedantu achieved unicorn status during COVID but laid off 40% of staff in 2022. The live tutoring model was too expensive for India's price-sensitive parents.,$290M,290000000.00,1000000000.00,5500,"Tiger Global, Coatue, GGV Capital, WestBridge",https://ideaproof.io/failure/vedantu
ShopClues,ShopClues,shopclues,India,India,E-commerce,Commerce & retail,Major,major,2011,2020,9,Fraud or governance,1,Founder Disputes & Competition,ShopClues reached unicorn status targeting Tier 2-3 India but collapsed due to founder disputes and inability to compete with Flipkart/Amazon.,$200M,200000000.00,1100000000.00,2000,"Tiger Global, Nexus Venture Partners, GIC",https://ideaproof.io/failure/shopclues
PepperTap,PepperTap,peppertap,India,India,Grocery/E-commerce,Food & grocery,Notable,notable,2014,2016,2,Unit economics,7,Unsustainable Unit Economics,India's hyperlocal grocery delivery economics didn't work in 2015. PepperTap spent ₹300 to deliver a ₹150 order. It was 8 years too early for quick commerce.,$51M,51000000.00,60000000.00,1300,"Sequoia India, SAIF Partners, Snapdeal",https://ideaproof.io/failure/peppertap
TinyOwl,TinyOwl,tinyowl,India,India,Food Delivery,Food & grocery,Notable,notable,2014,2016,2,Fraud or governance,1,Mismanagement & Premature Scaling,"TinyOwl expanded from 1 to 11 cities, then retreated to 1. Employees held the founder hostage when layoffs were announced without severance. A cautionary tale of startup chaos.",$27M,27000000.00,40000000.00,800,"Matrix Partners, Sequoia India, Nexus Venture Partners",https://ideaproof.io/failure/tinyowl
Paytm Mall,Paytm Mall,paytm-mall,India,India,E-commerce,Commerce & retail,Major,major,2017,2023,6,Fraud or governance,1,Cashback Fraud & Strategic Confusion,Paytm Mall's O2O (online-to-offline) model confused merchants and customers. Rampant cashback fraud by sellers inflated GMV artificially.,$660M,660000000.00,3000000000.00,3000,"SoftBank, Alibaba, SAIF Partners",https://ideaproof.io/failure/paytm-mall
BharatPe,BharatPe,bharatpe-crisis,India,India,Fintech,Fintech & insurance,Major,major,2018,2023,5,Fraud or governance,1,Governance Crisis & Founder Scandal,BharatPe's co-founder Ashneer Grover became famous on Shark Tank India but was ousted over alleged financial fraud. The company survived but was severely damaged.,$638M,638000000.00,2850000000.00,3000,"Tiger Global, Sequoia India, Coatue, Dragoneer",https://ideaproof.io/failure/bharatpe-crisis
Zilingo,Zilingo,zilingo,India,India,Fashion/E-commerce,Commerce & retail,Major,major,2015,2023,8,Fraud or governance,1,Accounting Fraud & Governance Failure,Zilingo's Indian-origin CEO was suspended for alleged accounting irregularities. The Sequoia-backed fashion platform was liquidated after a forensic audit revealed revenue inflation.,$310M,310000000.00,970000000.00,900,"Sequoia India, Temasek, SoftBank, EDBI",https://ideaproof.io/failure/zilingo
FreshMenu,FreshMenu,freshworks-decline,India,India,Food/Cloud Kitchen,Food & grocery,Notable,notable,2014,2022,8,Outcompeted,6,Cloud Kitchen Economics & Competition,FreshMenu built cloud kitchens before it was trendy but couldn't compete with Swiggy and Zomato's aggregation model. Vertical integration in food delivery is capital-intensive.,$26M,26000000.00,50000000.00,600,"Lightspeed India, Zodius Capital",https://ideaproof.io/failure/freshworks-decline
Udaan,Udaan,udaan-struggles,India,India,B2B E-commerce,Commerce & retail,Major,major,2016,2024,8,Unit economics,7,Cash Burn & B2B Marketplace Challenges,Udaan became the fastest Indian unicorn but discovered that digitizing India's fragmented B2B trade required enormous capital and patience.,$1.85B,1850000000.00,3100000000.00,5000,"DST Global, Lightspeed, GGV Capital, Altimeter, Microsoft",https://ideaproof.io/failure/udaan-struggles
CommonFloor,CommonFloor,commonfloor,India,India,Real Estate/PropTech,Real estate,Notable,notable,2007,2016,9,"Macro, timing, or shock",5,Competition & Market Timing,"CommonFloor was acquired and shut down by Quikr. Despite innovation (3D property tours, community features), it couldn't build a sustainable business in India's fractured real estate market.",$42M,42000000.00,120000000.00,1100,"Tiger Global, Google Capital, Accel",https://ideaproof.io/failure/commonfloor
Rivigo,Rivigo,rivigo,India,India,Logistics/Trucking,Mobility & logistics,Major,major,2014,2024,10,Unit economics,7,Capital-Intensive Model & Market Challenges,Rivigo tried to revolutionize Indian trucking with relay-based logistics but the asset-heavy model burned through $325M without achieving profitability.,$325M,325000000.00,1050000000.00,3500,"Warburg Pincus, SAIF Partners, Spring Capital",https://ideaproof.io/failure/rivigo
Portea Medical,Portea Medical,portea-medical,India,India,HealthTech,Healthcare & biotech,Notable,notable,2013,2023,10,Unit economics,7,Unit Economics & Scaling Challenges,Home healthcare in India sounds perfect on paper but Portea discovered that managing thousands of healthcare workers across cities with razor-thin margins is incredibly difficult.,$75M,75000000.00,150000000.00,5000,"Accel, Qualcomm Ventures, Sabre Partners, IFC",https://ideaproof.io/failure/portea-medical
CureFit (Cult.fit),CureFit (Cult.fit),curefit-pivot,India,India,Health & Fitness,Healthcare & biotech,Major,major,2016,2023,7,"Macro, timing, or shock",5,Over-Diversification & COVID Impact,"CureFit tried to be everything — gym, food, mental health, primary care — at once. The 'super app for health' vision required infinite capital in a price-sensitive market.",$620M,620000000.00,1500000000.00,7000,"Tata Digital, Zomato, Accel, Chiratae",https://ideaproof.io/failure/curefit-pivot
Bounce,Bounce,bounce-scooters,India,India,Mobility/EV,Mobility & logistics,Notable,notable,2014,2023,9,Product or execution failed,12,Asset-Heavy Model & EV Pivot Failure,"Bounce went from scooter rentals to EV manufacturing and back, burning $220M in pivots. The company couldn't decide if it was a rental service or a vehicle manufacturer.",$220M,220000000.00,800000000.00,2000,"Accel, B Capital, Falcon Edge, Chiratae",https://ideaproof.io/failure/bounce-scooters
WhiteHat Jr,WhiteHat Jr,whitehat-jr,India,India,EdTech,Education,Notable,notable,2018,2023,5,Acquired or shut by owner,3,Misleading Marketing & Post-Acquisition Write-Down,"WhiteHat Jr's aggressive marketing — featuring fake student success stories and dubious coding claims for 6-year-olds — made it a poster child for EdTech hype. Acquired by Byju's for $300M, it was later written down to near zero.",$10M,10000000.00,300000000.00,5000,"Byju's (acquirer), Owl Ventures, Nexus Venture Partners",https://ideaproof.io/failure/whitehat-jr
Dazo,Dazo,dazo-food,India,India,Food Delivery,Food & grocery,Notable,notable,2015,2016,1,"Macro, timing, or shock",5,Unit Economics & Market Timing,"Dazo tried to deliver home-cooked meals from households but the model couldn't ensure quality, hygiene, or consistency at scale.",$2.5M,2500000.00,5000000.00,200,"Flipkart co-founders (angel), others",https://ideaproof.io/failure/dazo-food
Unacademy,Unacademy,unacademy-decline,India,India,EdTech,Education,Major,major,2015,2024,9,Acquired or shut by owner,3,Excessive Acquisitions & Post-COVID Decline,"Unacademy made 10 acquisitions including PrepLadder ($50M), CodeChef, and Relevel but couldn't integrate them. When EdTech demand fell, the conglomerate structure bled cash from every direction.",$860M,860000000.00,3440000000.00,6000,"SoftBank, Tiger Global, General Atlantic, Sequoia India",https://ideaproof.io/failure/unacademy-decline
Meesho (Challenges),Meesho (Challenges),meesho-struggles,India,India,Social Commerce,Media & social,Notable,notable,2015,2023,8,Unit economics,7,Profitability Struggles & Model Pivots,"Meesho pivoted from social commerce to zero-commission marketplace, capturing massive volumes but with razor-thin margins. Profitability remained elusive despite 150M+ transacting users.",$1.1B,1100000000.00,4900000000.00,2500,"SoftBank, Prosus, Meta, B Capital, Sequoia India",https://ideaproof.io/failure/meesho-struggles
Vogo,Vogo,vogo-scooters,India,India,Mobility,Mobility & logistics,Notable,notable,2016,2023,7,"Macro, timing, or shock",5,COVID Impact & Asset-Heavy Model,"Vogo's scooter rental business was devastated by COVID. Maintaining 10,000+ scooters across cities required massive capital that dried up when shared mobility demand collapsed.",$70M,70000000.00,120000000.00,500,"Ola, Lightrock, Matrix Partners, Stellaris",https://ideaproof.io/failure/vogo-scooters
Stayzilla,Stayzilla,stayzilla,India,India,Hospitality/Travel,Healthcare & biotech,Notable,notable,2005,2017,12,Fraud or governance,1,Competition & Founder Arrest,Stayzilla was one of India's oldest startups. Its founder was arrested over a vendor payment dispute after shutdown — highlighting the legal risks of startup failures in India.,$33M,33000000.00,55000000.00,500,"Nexus Venture Partners, Matrix Partners",https://ideaproof.io/failure/stayzilla
Grofers (pre-Blinkit),Grofers (pre-Blinkit),grofers-pivot,India,India,Grocery Delivery,Food & grocery,Major,major,2013,2022,9,Product or execution failed,12,Model Failure & Forced Pivot,Grofers' original same-day grocery delivery model failed. Only after pivoting to 10-minute delivery (Blinkit) and selling to Zomato for $568M did it find a sustainable path — but as a different company entirely.,$537M,537000000.00,1000000000.00,4000,"SoftBank, Tiger Global, Sequoia India",https://ideaproof.io/failure/grofers-pivot
Fabelio,Fabelio,fabelio,Indonesia,Indonesia,E-commerce/Furniture,Commerce & retail,Major,major,2015,2022,7,Unit economics,7,Cash Burn & Failed Funding Round,Indonesia's Wayfair-style furniture e-commerce raised US$30M then declared bankruptcy in 2022 after failing to secure a Series C.,$30M,30000000.00,,,"AppWorks, MDI Ventures, Aavishkaar Capital",https://ideaproof.io/failure/fabelio
TaniHub,TaniHub,fabelio-pluang,Indonesia,Indonesia,AgTech/Marketplace,Food & grocery,Major,major,2016,2023,7,Product or execution failed,12,Pivot Fatigue & Layoffs,Indonesia's flagship AgTech raised US$110M then conducted multiple rounds of layoffs as commodity-margin AgTech proved harder than projected.,$110M,110000000.00,,,"MDI Ventures, BRI Ventures, Openspace Ventures, Intudo Ventures",https://ideaproof.io/failure/fabelio-pluang
Pluang (Down Round),Pluang (Down Round),ayoconnect,Indonesia,Indonesia,Fintech/Wealth,Fintech & insurance,Notable,notable,2019,2023,4,"Macro, timing, or shock",5,Crypto Winter & Path to Profit,Indonesia's wealth-app Pluang raised US$160M during the crypto boom then conducted layoffs and reportedly accepted a flat-to-down round.,$160M,160000000.00,,,"Square Peg, Accel, BRI Ventures",https://ideaproof.io/failure/ayoconnect
Ula,Ula,ula-indonesia,Indonesia,Indonesia,B2B E-commerce,Commerce & retail,Major,major,2020,2023,3,Unit economics,7,Capital-Intensive Inventory Model,Tiger-Global-and-Bezos-backed Ula raised US$140M then shut down its core B2B Indonesia operations in 2023 — a major regional B2B e-commerce failure.,$140M,140000000.00,,,"Tiger Global, Bezos Expeditions, Sequoia India, Lightspeed",https://ideaproof.io/failure/ula-indonesia
Sirclo (Layoffs),Sirclo (Layoffs),j-t-pluang,Indonesia,Indonesia,E-commerce SaaS,Software & AI,Notable,notable,2013,2023,10,"Macro, timing, or shock",5,Post-COVID Demand & Profitability Push,Indonesia's Shopify-equivalent Sirclo raised US$130M then conducted significant layoffs and shut acquired brands as Indonesian e-commerce SaaS margins disappointed.,$130M,130000000.00,,,"EV Growth, OTP, Sumitomo Mitsui",https://ideaproof.io/failure/j-t-pluang
Halofina (Wind-Down),Halofina (Wind-Down),halofina,Indonesia,Indonesia,Fintech/Wealth,Fintech & insurance,Notable,notable,2018,2023,5,Could not scale,9,Failed to Reach Scale,Indonesian financial-planning app Halofina shut down in 2023 — a representative example of smaller Indonesian fintech apps failing to reach scale.,$3M,3000000.00,,,"BRI Ventures, Mandiri Capital",https://ideaproof.io/failure/halofina
Mosaicoon,Mosaicoon,mosaicoon,Italy,Italy,AdTech/Video,Media & social,Notable,notable,2010,2019,9,Unit economics,7,Pivot Fatigue & Cash Burn,Italy's most-hyped video-content startup pivoted three times in five years and ran out of runway before finding scalable revenue.,$15M,15000000.00,60000000.00,40,"United Ventures, Vertis, Atlante Ventures, Intesa Sanpaolo",https://ideaproof.io/failure/mosaicoon
Cortilia (Down Round),Cortilia (Down Round),cortilia-correction,Italy,Italy,E-commerce/Grocery,Food & grocery,Notable,notable,2011,2023,12,Unit economics,7,Failed to Reach Profitability,Milan grocery e-commerce Cortilia raised €20M+ then conducted multiple layoff rounds and a flat-to-down financing in 2023 as Italian grocery-e-commerce demand normalized post-COVID.,$25M,25000000.00,100000000.00,80,"P101, Indaco Venture Partners",https://ideaproof.io/failure/cortilia-correction
Jobrapido (Symphony Pull),Jobrapido (Symphony Pull),jobrapido-decline,Italy,Italy,HR Tech/Job Search,Software & AI,Notable,notable,2006,2023,17,Acquired or shut by owner,3,US Parent Strategic Pullback,Milan-founded job-search aggregator Jobrapido was wound down by US parent Symphony in 2023 after years of Italian operations — a defining Italian acqui-failure.,$30M,30000000.00,120000000.00,80,Symphony Technology Group (parent),https://ideaproof.io/failure/jobrapido-decline
Hype/Banca Sella Pivot,Hype/Banca Sella Pivot,hype-postepay,Italy,Italy,Fintech/Neobank,Fintech & insurance,Notable,notable,2015,2023,8,Other,13,Strategic Failure & Banca Sella Buyback,"Italian neobank Hype, after raising €80M+ in a JV with Illimity, was bought back by Banca Sella in 2023 at a discount as the JV failed to reach scale.",$80M,80000000.00,320000000.00,150,"Banca Sella (parent), Illimity",https://ideaproof.io/failure/hype-postepay
Musement (TUI Write-Down),Musement (TUI Write-Down),musement-acquired,Italy,Italy,Travel/Experiences,Mobility & logistics,Notable,notable,2013,2023,10,Acquired or shut by owner,3,Acquired & Largely Wound Down,"Milan tours-and-experiences platform Musement was acquired by TUI for €60M in 2018, then largely wound down post-COVID in 2023 — destroying most acquisition value.",$25M,25000000.00,100000000.00,80,"P101, 360 Capital Partners, TUI Group (acquirer)",https://ideaproof.io/failure/musement-acquired
MoneyFarm (Flat Round & Layoffs),MoneyFarm (Flat Round & Layoffs),moneyfarm-flat,Italy,Italy,Fintech/WealthTech,Fintech & insurance,Notable,notable,2011,2023,12,Unit economics,7,Failed to Reach Profitability,Italian wealthtech MoneyFarm raised €170M+ then conducted layoffs and reportedly accepted a flat-to-down round in 2023 as European wealthtech profitability remained elusive.,$190M,190000000.00,760000000.00,300,"Poste Italiane, M&G, Allianz Asset Management, United Ventures",https://ideaproof.io/failure/moneyfarm-flat
Velasca (Distress),Velasca (Distress),velasca-distress,Italy,Italy,DTC/Footwear,Commerce & retail,Notable,notable,2013,2024,11,Unit economics,7,DTC Footwear Margins,"Milan DTC men's-shoe brand Velasca, after raising €15M+, restructured in 2024 amid intense pressure on Italian DTC fashion brands.",$15M,15000000.00,60000000.00,40,"Boost Heroes, Italian angels",https://ideaproof.io/failure/velasca-distress
Everli (Supermercato24),Everli (Supermercato24),everli,Italy,Italy,Quick Commerce/Grocery Delivery,Food & grocery,Major,major,2014,2024,10,Other,13,"Milan grocery-delivery scaleup Everli (formerly Supermercato24) raised $200M+ and was valued at over €450M in 2021, backed by Verlinvest and DN Capital. After failing to raise a follow-on round in 2023, Everli was sold for €1 to Palella Holdings in Feb 2024 through a €21M capital increase — one of the most public down-and-out exits in Italian tech. The company had already exited France, Poland and Czechia and made mass redundancies before the sale.",Milan grocery-delivery unicorn Everli raised $200M+ then conducted mass layoffs and exited multiple countries in 2023 as European q-commerce collapsed.,$200M+,200000000.00,450000000.00,400,"Verlinvest, Luxor Capital, FITEC, DN Capital",https://ideaproof.io/failure/everli
Casavo (Distress & Layoffs),Casavo (Distress & Layoffs),casavo-distress,Italy,Italy,PropTech/iBuyer,Real estate,Major,major,2017,2024,7,Other,13,iBuyer Model & Italian Property Slowdown,"Milan iBuyer Casavo raised over €400M including from Exor (Agnelli) at a unicorn valuation, then conducted multiple layoff rounds and was reported to be in significant financial distress in 2024.",$525M,525000000.00,1000000000.00,1000,"Exor, Project A, 360 Capital, Greenoaks",https://ideaproof.io/failure/casavo-distress
Scalapay,Scalapay,scalapay-markdown,Italy,Italy,Fintech/BNPL,Fintech & insurance,Major,major,2019,2024,5,"Macro, timing, or shock",5,"Milan BNPL unicorn Scalapay raised $808.5M across 5 rounds and hit $1B valuation in Feb 2022 backed by Tencent, Tiger Global and Willoughby Capital. As the global BNPL bubble burst (Klarna's valuation fell 85%, Affirm halved), Scalapay never raised a priced up-round after 2022 and quietly shifted to debt financing — a $81.5M debt facility in Dec 2025 signalled that equity markets had closed. Layoffs and market retrenchment followed as unit economics on 'pay in 3' collapsed under rising rates and defaults.","Milan BNPL unicorn Scalapay reached $1B valuation in 2022, then suffered significant reported markdowns and layoffs as the global BNPL sector collapsed (Klarna -85%, Affirm -90%).",$808.5M,808500000.00,1000000000.00,350,"Tencent, Tiger Global, Willoughby Capital, Gangwal, Fasanara",https://ideaproof.io/failure/scalapay-markdown
MainStreaming (Insolvency),MainStreaming (Insolvency),mainstreaming,Italy,Italy,Video Streaming/CDN,Media & social,Notable,notable,2014,2024,10,Acquired or shut by owner,3,Liquidation & Asset Sale,Milan video-streaming infrastructure startup MainStreaming filed liquidation in 2024 after over a decade trying to compete with hyperscale CDNs.,$30M,30000000.00,120000000.00,80,"Italian VCs, family offices",https://ideaproof.io/failure/mainstreaming
Supplyme,Supplyme,supplyme,Italy,Italy,B2B SaaS/Procurement,Software & AI,Notable,notable,2017,2023,6,No market need,10,Failed to Find PMF in Italian SMBs,Turin B2B SaaS Supplyme failed to scale Italian SMB procurement and shut down in 2023 — representative of dozens of small Italian SaaS failures of the early-2020s wave.,$8M,8000000.00,32000000.00,40,"Italian angels, Club degli Investitori",https://ideaproof.io/failure/supplyme
Depop (Etsy Write-Down),Depop (Etsy Write-Down),depop-italian-founder,Italy,Italy,Marketplace/Fashion,Commerce & retail,Major,major,2011,2023,12,Acquired or shut by owner,3,Etsy Acquisition Write-Down,"Italian-founded fashion-marketplace Depop was acquired by Etsy for $1.6B in 2021, then written down by 50%+ within two years as Etsy struggled to integrate it.",$1.6B,1600000000.00,1600000000.00,1000,"Etsy (acquirer), General Atlantic, Octopus Ventures",https://ideaproof.io/failure/depop-italian-founder
YOOX Net-A-Porter (Richemont Write-Down),YOOX Net-A-Porter (Richemont Write-Down),yoox-net-a-porter-richemont,Italy,Italy,E-commerce/Luxury Fashion,Commerce & retail,Major,major,2000,2023,23,Public-market collapse,4,Strategic Failure & €2.7B Impairment,Milan-founded luxury e-commerce pioneer YOOX-Net-A-Porter was written down by Richemont by €2.7B in 2023 then sold to Mytheresa at a near-zero price — the largest Italian e-commerce value destruction.,$5B,5000000000.00,5000000000.00,1000,"Richemont (parent), public markets",https://ideaproof.io/failure/yoox-net-a-porter-richemont
Milkman (Insolvency),Milkman (Insolvency),milkman-distress,Italy,Italy,Logistics/Last-Mile Delivery,Mobility & logistics,Notable,notable,2015,2024,9,Unit economics,7,Last-Mile Unit Economics,Milan last-mile-delivery startup Milkman raised €30M then filed for restructuring in 2024 as Italian last-mile delivery unit economics collapsed.,$30M,30000000.00,120000000.00,80,"Italian VCs, Poste Italiane, 360 Capital",https://ideaproof.io/failure/milkman-distress
Treedom (Layoffs & Restructure),Treedom (Layoffs & Restructure),treedom-correction,Italy,Italy,ClimateTech/Reforestation,Energy & climate,Notable,notable,2010,2024,14,"Macro, timing, or shock",5,Corporate ESG Spending Pullback,"Florence climate-tech Treedom, after raising €15M, conducted significant layoffs in 2024 as corporate ESG spending pulled back globally.",$15M,15000000.00,60000000.00,40,"Italian climate funds, family offices",https://ideaproof.io/failure/treedom-correction
SmileDirectClub,SmileDirectClub,smiledirectclub,United States,United States,HealthTech / D2C Dentistry,Healthcare & biotech,Mega,mega,2014,2023,9,Regulatory or legal,2,"Regulatory fights, dentist opposition, unit-economics collapse post-IPO",Regulated categories don't reward 'move fast and break things'. SDC's IPO peak was $8.9B; investor dentists and 30+ state dental boards eventually broke the D2C aligner model.,$900M+ (incl. 2019 IPO),900000000.00,8900000000.00,6000,"Kleiner Perkins, Clayton Dubilier & Rice, public markets (NASDAQ: SDC)",https://ideaproof.io/failure/smiledirectclub
Cue Health (cue-health),Cue Health,cue-health,United States,United States,HealthTech / Molecular Diagnostics,Healthcare & biotech,Mega,mega,2010,2024,14,"Macro, timing, or shock",5,"Post-Covid demand collapse, FDA authorization issues, cash-out failure",Pandemic-boom hardware companies rarely survive normalisation. Cue's at-home molecular test was clinically excellent but had no non-Covid demand curve.,$480M+ (incl. 2021 IPO),480000000.00,3000000000.00,1500,"Decheng Capital, Madrone Capital, ACME Capital, public markets (NASDAQ: HLTH)",https://ideaproof.io/failure/cue-health
Plastiq,Plastiq,plastiq,United States,United States,Fintech / B2B Payments,Fintech & insurance,Major,major,2012,2023,11,Public-market collapse,4,"SPAC deal collapse, failed to reach profitability in embedded finance",SPAC merger cancellations often precede bankruptcy: they represent the last public-market signal that professional investors won't underwrite a business at claimed value.,$226M,226000000.00,480000000.00,200,"Kleiner Perkins, Khosla Ventures, Top Tier Capital, Accomplice",https://ideaproof.io/failure/plastiq
Tally,Tally,tally-fintech,United States,United States,Fintech / Credit-Card Debt Management,Fintech & insurance,Major,major,2015,2024,9,"Macro, timing, or shock",5,"Failed to raise follow-on round, high cost of consumer credit under rising rates",a16z-scale funding doesn't inoculate against category math: consumer-credit refinancers can't out-earn the interest rates they refinance at when their own cost of capital rises.,$172M,172000000.00,855000000.00,300,"Andreessen Horowitz (a16z), Kleiner Perkins, Sway Ventures, Cowboy Ventures",https://ideaproof.io/failure/tally-fintech
Modsy,Modsy,modsy,United States,United States,Consumer / 3D Interior Design,Software & AI,Notable,notable,2015,2022,7,"Macro, timing, or shock",5,Post-pandemic e-commerce home spending crash + service unit economics never worked,Marketplace + service hybrids rarely reach margin at consumer prices. Modsy's $89 room design fee never covered the human-hour cost of a 3D-rendered layout.,$72.7M,72700000.00,250000000.00,200,"Norwest Venture Partners, Comcast Ventures, GV, TCV, BBG Ventures",https://ideaproof.io/failure/modsy
Parse (Facebook),Parse (Facebook),parse-facebook-shutdown,United States,United States,SaaS / Mobile Backend as a Service,Software & AI,Notable,notable,2011,2017,6,Acquired or shut by owner,3,Strategic abandonment by Facebook after 2013 acquisition; open-sourced and shut down,"Building on a proprietary backend is a bet on the acquirer's roadmap. When Facebook shifted focus, thousands of apps had to migrate in 12 months.",$85M (incl. $85M Facebook acquisition),85000000.00,85000000.00,60,"Y Combinator, Andreessen Horowitz, Google Ventures — acquired by Facebook in 2013",https://ideaproof.io/failure/parse-facebook-shutdown
Rain AI,Rain AI,rain-ai,United States,United States,AI Hardware / Neuromorphic Chips,Hardware & robotics,Major,major,2017,2025,8,Other,13,Failed $150M fundraise despite Sam Altman backing; forced sale,AI-hardware startups need billions to challenge NVIDIA. Rain's brain-inspired chip design was novel but couldn't out-run TSMC-scale capex on a $118M budget.,$118M,118000000.00,500000000.00,150,"Sam Altman (personal), Prosperity7 Ventures, Baidu Ventures, Grep VC",https://ideaproof.io/failure/rain-ai
Synapse Financial,Synapse Financial,synapse-financial,United States,United States,Fintech / Banking-as-a-Service Middleware,Fintech & insurance,Major,major,2014,2024,10,Unit economics,7,"BaaS ledger collapse froze $265M of consumer deposits across Yotta, Juno, Copper and others","BaaS middleware failures have systemic consequences: 100,000+ Americans lost access to $265M in deposits when Synapse's reconciliation collapsed with Evolve Bank.",$50M+,50000000.00,180000000.00,100,"Andreessen Horowitz, Trinity Ventures, Core Innovation Capital",https://ideaproof.io/failure/synapse-financial
Plenty Unlimited,Plenty Unlimited,plenty-unlimited,United States,United States,AgTech / Vertical Farming,Food & grocery,Mega,mega,2014,2025,11,"Macro, timing, or shock",5,Vertical farming unit economics never worked at scale; last-ditch pivot to strawberries too late,The third $1B vertical farming failure of the decade (after AeroFarms and Infarm). LED + labour + water costs kept category unit economics permanently negative at consumer prices.,~$1B,1000000000.00,1900000000.00,500,"SoftBank Vision Fund, Jeff Bezos (Bezos Expeditions), Walmart, DCM Ventures, Driscoll's",https://ideaproof.io/failure/plenty-unlimited
Flip (TikTok Rival),Flip (TikTok Rival),flip-social-commerce,United States,United States,Social Commerce / Short-Form Video,Media & social,Major,major,2019,2025,6,Unit economics,7,Failed to reach TikTok-scale engagement; social commerce economics never justified $1B valuation,Direct TikTok clones with paid GMV incentives can juice topline but not creator retention. Flip's $1B valuation assumed viral organic growth that never happened.,$200M+,200000000.00,1000000000.00,400,"GV, Streamlined Ventures, Institutional Venture Partners (IVP)",https://ideaproof.io/failure/flip-social-commerce
Fair.com (Car Subscription),Fair.com (Car Subscription),fair-com-car-subscription,United States,United States,Auto / Subscription Marketplace,Commerce & retail,Mega,mega,2016,2022,6,Unit economics,7,SoftBank-scale funding met catastrophic unit economics on used-car depreciation,"Fair burned $2.1B on the belief that a weekly car-subscription would unlock rideshare drivers. When Uber renegotiated the partnership in 2020, the volume base disappeared overnight.",$2.1B,2100000000.00,1200000000.00,900,"SoftBank Vision Fund, BMW, Uber",https://ideaproof.io/failure/fair-com-car-subscription
Bitfront (LINE),Bitfront (LINE),bitfront-line,United States,United States,Crypto Exchange,Crypto,Notable,notable,2020,2023,3,Acquired or shut by owner,3,Strategic exit by parent LINE Corp; crypto winter and FTX contagion,Corporate-parent crypto exchanges shut down first when the parent's core business faces pressure — Bitfront closed 5 months after FTX collapsed.,$10M+ (LINE-funded),10000000.00,,60,LINE Corp (parent company),https://ideaproof.io/failure/bitfront-line
Corinthian Colleges (corinthian-colleges),Corinthian Colleges,corinthian-colleges,United States,United States,Education / For-Profit Colleges,Education,Mega,mega,1995,2015,20,Fraud or governance,1,CFPB and DOE fraud investigations; predatory lending scheme against low-income students,Business models built on federal student-loan arbitrage collapse when regulators finally act. Corinthian's students received $480M+ in federal loan discharges — the largest borrower-defense relief in US history at the time.,$1.0B (public company),1000000000.00,3000000000.00,15000,Public markets (NASDAQ: COCO),https://ideaproof.io/failure/corinthian-colleges
LeSports (LeEco Sports),LeSports (LeEco Sports),lesports-leeco,China,China,Sports Streaming / Media,Media & social,Mega,mega,2014,2018,4,Acquired or shut by owner,3,Parent company LeEco's cash crisis; over-paid sports rights collapsed,China's second-largest sports rights collapse of the 2010s. LeSports paid unsustainable prices for Premier League and NBA rights that its parent LeEco couldn't cover.,$1.7B,1700000000.00,3000000000.00,3000,"LeEco (parent), Yunfeng Capital (Jack Ma), Legend Capital",https://ideaproof.io/failure/lesports-leeco
Digital River (SaaS Division),Digital River (SaaS Division),digital-river-saas,United States,United States,E-commerce Infrastructure / Merchant of Record,Commerce & retail,Major,major,1994,2025,31,Outcompeted,6,Loss of anchor Microsoft contract; commoditisation of Merchant-of-Record services,Merchant-of-Record providers depend on 1-2 anchor clients for 30-60% of revenue. Losing Microsoft in 2023 removed Digital River's revenue base while Stripe/Paddle competed for what remained.,$200M+ (private equity),200000000.00,1500000000.00,1200,Siris Capital (2015 take-private for $840M),https://ideaproof.io/failure/digital-river-saas
Byju's (Global Collapse),Byju's (Global Collapse),byju-alpha-us-collapse,India,India,EdTech / K-12 Learning App,Education,Mega,mega,2011,2025,14,Unit economics,7,Insolvency proceedings on BCCI petition; largest edtech collapse in history,"Byju's collapse is the most-cited edtech unravelling in history: $6B+ raised, $22B peak valuation, insolvency triggered by a $19M cricket-board sponsorship default.",$6.0B+,6000000000.00,22000000000.00,50000,"Naspers/Prosus, Tiger Global, General Atlantic, Sequoia, BlackRock, Silver Lake",https://ideaproof.io/failure/byju-alpha-us-collapse
Dash,Dash,dash-nigeria,Nigeria,Other,Fintech/Payments,Fintech & insurance,Major,major,2019,2022,3,Fraud or governance,1,Mismanagement & Missing Funds,"Ghanaian-founded, Nigeria-active payments startup Dash raised US$33M in seed (largest ever in Africa at the time) then was wound down by investors after $25M+ went unaccounted.",$33M,33000000.00,,,"Insight Partners, ASK Capital, 4DX Ventures",https://ideaproof.io/failure/dash-nigeria
54gene,54gene,54gene,Nigeria,Other,Healthcare/Genomics,Healthcare & biotech,Major,major,2019,2023,4,Fraud or governance,1,Strategic Confusion & Founder Departure,"Africa's most-funded genomics startup, 54gene, shut down after founder departed amid governance disputes and capital exhaustion.",$45M,45000000.00,,,"Adjuvant Capital, Cathay AfricInvest, Y Combinator",https://ideaproof.io/failure/54gene
Lazerpay,Lazerpay,lazerpay,Nigeria,Other,Crypto/Payments,Crypto,Notable,notable,2021,2023,2,"Macro, timing, or shock",5,Failed to Raise Seed & Crypto Winter,"Nigerian crypto-payments startup Lazerpay shut down after a year, a representative case of African crypto startups hit by both crypto winter and Nigerian regulatory crackdowns.",$1.1M,1100000.00,,,Y Combinator (W22),https://ideaproof.io/failure/lazerpay
OkHi (Pivot/Wind-Down),OkHi (Pivot/Wind-Down),okhi,Nigeria,Other,Geospatial/Identity,Software & AI,Notable,notable,2014,2023,9,Other,13,Slow B2B Sales Cycles,Kenyan-Nigerian addressing startup OkHi raised US$8M to digitize African addresses then largely wound down as banks built in-house solutions.,$8M,8000000.00,,,"GreenHouse Capital, family offices",https://ideaproof.io/failure/okhi
Vibra,Vibra,vibra-nigeria,Nigeria,Other,Crypto/Exchange,Crypto,Notable,notable,2021,2023,2,Regulatory or legal,2,Crypto Winter & Regulation,"Nigerian crypto-exchange Vibra shut down in 2023, another casualty of the African crypto regulatory crackdown.",$6M,6000000.00,,,"Nestcoin, Adaverse, Ascend Vietnam Ventures",https://ideaproof.io/failure/vibra-nigeria
Thepeer,Thepeer,thepeer,Nigeria,Other,Fintech/API,Fintech & insurance,Notable,notable,2021,2024,3,No market need,10,Slow Adoption & Failed Product-Market Fit,Lagos B2B fintech-API startup Thepeer shut down in April 2024 after failing to find sufficient adoption — a transparent founder post-mortem.,$2.6M,2600000.00,,,"Raba Capital, LocalGlobe, Musha Ventures",https://ideaproof.io/failure/thepeer
Doohickey AI,Doohickey AI,doohickey-ai,United States,United States,AI,Software & AI,Notable,notable,,2026,,No market need,10,"Product-market fit, rapid AI changes",Even accelerator pedigree and fresh VC capital can't save a startup that hasn't nailed product-market fit before the underlying technology landscape shifts beneath it.,$5m,5000000.00,,,"Drive Capital, Techstars",https://ideaproof.io/failure/doohickey-ai
Chemovator,Chemovator,basf-chemvator,Germany,Germany,Chemicals,Hardware & robotics,Notable,notable,2018,2025,7,Unit economics,7,Corporate restructuring and cost-cutting,Corporate venture-building units live and die by the parent company's financial health and strategic priorities—strong execution doesn't guarantee survival when the corporate parent needs to cut costs.,Unknown,,,,BASF,https://ideaproof.io/failure/basf-chemvator
Trela,Trela,trela,Brazil,Other,Online Grocery / Q-Commerce,Food & grocery,Major,major,2020,2026,6,Unit economics,7,Failed to close funding round; capital-intensive logistics unsustainable,Just-in-time grocery in emerging markets still eats capital faster than it generates margin — Trela's efficient model wasn't enough once Brazilian LatAm funding tightened and rivals also retreated.,$28M,28000000.00,,,"Kaszek, Monashees, Y Combinator, Canary",https://ideaproof.io/failure/trela
Entropy,Entropy,entropy,United States,United States,Crypto Custody,Crypto,Notable,notable,2022,2026,4,Other,13,Failed to reach venture-scale growth; returning capital to investors,"Even top-tier crypto funding doesn't guarantee product-market fit — a16z-backed Entropy chose to wind down and return capital rather than pivot again, illustrating discipline over survival theater.",$25M,25000000.00,,,Andreessen Horowitz (a16z crypto),https://ideaproof.io/failure/entropy
Parker,Parker,parker,United States,United States,Fintech,Fintech & insurance,Major,major,2019,2026,7,Acquired or shut by owner,3,"Bankruptcy, acquisition talks failed","Over-hiring and reactive decisions can lead to financial instability, even for well-funded startups with significant revenue.",$200M,200000000.00,,,"Valar Ventures, Y Combinator",https://ideaproof.io/failure/parker
Prime 7 Bar & Restaurant,Prime 7 Bar & Restaurant,prime-7-bar-restaurant,United States,United States,Restaurant,Food & grocery,Notable,notable,,2026,,Ran out of cash or could not raise,8,Bankruptcy filing (Chapter 11),"Even beloved, high-traffic restaurants can collapse under debt and rising costs; hospitality businesses need disciplined capital structures to survive seasonal and economic swings.",Unknown,,,,Unknown,https://ideaproof.io/failure/prime-7-bar-restaurant
Dunzo,Dunzo,dunzo,India,India,Hyperlocal Delivery,Mobility & logistics,Major,major,2014,2025,11,Outcompeted,6,"Mounting debt, failed competition",Even significant funding and strategic investors cannot guarantee survival against intense competition and financial mismanagement in a high-burn industry.,$240M+,240000000.00,775000000.00,,Reliance Retail,https://ideaproof.io/failure/dunzo
BluSmart,BluSmart,blusmart,India,India,EV Ride-Hailing,Mobility & logistics,Notable,notable,2019,2025,6,Fraud or governance,1,"Founder fraud (SEBI probe), diverted loan funds, cash crunch","Lack of corporate governance and financial impropriety can swiftly lead to the collapse of a promising startup, regardless of its market potential.",$180M+,180000000.00,300000000.00,,"BP Ventures, Responsibility, IFC, MayField",https://ideaproof.io/failure/blusmart
Hike,Hike,hike,India,India,Messaging / Consumer Internet,Software & AI,Major,major,2012,2025,13,Regulatory or legal,2,Pivot to real-money gaming banned by India,Unicorn status doesn't insulate a startup from a single regulatory shock — Hike's post-messaging pivot into Rush Gaming was wiped out overnight when India banned real-money games in 2025.,$261M,261000000.00,1400000000.00,,"Tiger Global, SoftBank, Tencent, Foxconn, Bharti SoftBank",https://ideaproof.io/failure/hike
Good Glamm Group,Good Glamm Group,good-glamm-group,India,India,D2C Beauty / House of Brands,Commerce & retail,Major,major,2017,2025,8,Ran out of cash or could not raise,8,"Cash crunch, failed refinancing, lenders forced brand-by-brand sale","A roll-up 'house of brands' only works if the parent can service debt and integrate acquisitions — when a single anchor deal fell through, Good Glamm's entire capital stack collapsed and lenders dismantled the unicorn brand by brand.",$270M+,270000000.00,1200000000.00,,"Prosus, Warburg Pincus, L'Occitane, Bessemer, Accel",https://ideaproof.io/failure/good-glamm-group
Otipy,Otipy,otipy,India,India,Agritech / Farm-to-Consumer,Food & grocery,Major,major,2020,2025,5,Other,13,Quick-commerce killed the model; failed to close new funding round,10-minute delivery reset consumer expectations across Indian grocery — Otipy's next-day farm-to-fork model became structurally uncompetitive against Blinkit and Zepto no matter how efficient its logistics were.,$44M,44000000.00,,,"WestBridge Capital, SIG, Omidyar Network, Cornerstone Venture Partners",https://ideaproof.io/failure/otipy
Subtl.AI,Subtl.AI,subtl-ai,India,India,AI,Software & AI,Notable,notable,,2025,,No market need,10,"Lack of focus, poor product-market fit","A clear, narrow market focus and a credible path to your next funding round matter as much as the technology itself — especially in crowded, fast-moving categories like generative AI.",$200K,200000.00,,,Unknown,https://ideaproof.io/failure/subtl-ai
Monarch Tractor,Monarch Tractor,monarch-tractor,United States,United States,AgTech / Electric Vehicles,Food & grocery,Major,major,2018,2026,8,Fraud or governance,1,"Hardware unit economics, failed pivot to software, dealer lawsuits","Full-stack hardware startups need a working commercial product before pivoting to software — Monarch's $100K autonomous tractors underdelivered, dealer lawsuits piled up, and the software pivot came too late to save the company.",$220M+,220000000.00,500000000.00,,"Astanor Ventures, CNH Industrial, Foothill Ventures, HH-CTBC",https://ideaproof.io/failure/monarch-tractor
Sonex Aircraft,Sonex Aircraft,sonex-aircraft,United States,United States,Aircraft Manufacturing,Hardware & robotics,Notable,notable,1998,2026,28,Other,13,"Severe drop-off in sales, bank pressure",A long operating history and loyal niche customer base don't protect a manufacturer from a liquidity crisis — sustained unprofitability plus a credit pullback can force an immediate shutdown with little warning.,Unknown,,,,Unknown,https://ideaproof.io/failure/sonex-aircraft
Epic Lightning Fast Service LLC,Epic Lightning Fast Service LLC,epic-lightning-fast-service,United States,United States,Logistics,Mobility & logistics,Notable,notable,,2025,,Other,13,Challenging market conditions,"In cyclical industries like trucking and logistics, sustained rate downturns can force even operationally sound companies to close — building in financial buffers for prolonged market downturns is essential.",Unknown,,,,Unknown,https://ideaproof.io/failure/epic-lightning-fast-service
Hycan Auto,Hycan Auto,hycan-auto,China,China,Electric Vehicles,Mobility & logistics,Notable,notable,2018,2025,7,Acquired or shut by owner,3,"Product misfires, unpaid severance, parent GAC pulled support",Even a joint venture between two well-known EV players can die when neither parent fully commits — Hycan was orphaned when NIO exited and GAC deprioritized it as its own Aion and Trumpchi brands took priority.,Undisclosed (GAC + Pearl River funded),,,,"GAC Group, NIO (early), Pearl River Investment Management",https://ideaproof.io/failure/hycan-auto
HiPhi,HiPhi,hiphi,China,China,Electric Vehicles,Mobility & logistics,Major,major,2017,2024,7,Outcompeted,6,"Cash crunch, failed to compete with BYD/Tesla in China EV price war",Chinese luxury EV upstarts couldn't survive the BYD-led price war — HiPhi burned through $1B+ chasing a premium positioning that collapsed the moment scaled incumbents cut prices.,$1B+,1000000000.00,8000000000.00,,"Human Horizons, Ping An, state-linked investors",https://ideaproof.io/failure/hiphi
Altigreen,Altigreen,altigreen,India,India,Electric Vehicles / Commercial 3-Wheelers,Mobility & logistics,Major,major,2013,2025,12,Ran out of cash or could not raise,8,"Cash crunch, unpaid dues to vendors and employees, halted manufacturing","Being early in Indian commercial EVs isn't a moat when incumbents (Mahindra, Bajaj, Piaggio) launch competitive electric 3-wheelers with dealer networks and financing — Altigreen ran out of runway before scale.",$50M+,50000000.00,,,"Reliance New Energy, Sixth Sense Ventures, Xponentia Capital",https://ideaproof.io/failure/altigreen
ANS Commerce,ANS Commerce,ans-commerce,India,India,Enterprise Tech,Software & AI,Notable,notable,2017,2025,8,Acquired or shut by owner,3,Acquirer Flipkart wound up operations,"Being acquired by a large strategic buyer doesn't guarantee long-term survival — if the underlying unit economics don't improve post-acquisition, parent companies will shut down even previously well-funded businesses.",$35-40m (acquisition value),40000000.00,,,Unknown,https://ideaproof.io/failure/ans-commerce
Astra,Astra,astra,United States,United States,Space Launch,Hardware & robotics,Major,major,2016,2024,8,Public-market collapse,4,SPAC value destruction; take-private at a tiny fraction of peak valuation,"SPAC-fueled launch companies confused market cap for capability — Astra's rockets couldn't repeatedly reach orbit, and public shareholders wore the entire loss when founders bought it back for pennies.",$500M+,500000000.00,2600000000.00,,"Founders (Chris Kemp, Adam London), ACME Capital, Marc Benioff",https://ideaproof.io/failure/astra
Beepkart,Beepkart,beepkart,India,India,Used Vehicle Marketplace / Two-Wheelers,Mobility & logistics,Notable,notable,2020,2025,5,"Macro, timing, or shock",5,"Funding winter, unit economics, failed to raise follow-on","Used two-wheeler resale requires deep working capital and margin discipline — BeepKart couldn't outlast India's 2024-25 funding winter, and mass layoffs preceded a quiet asset-sale exit rather than a going-concern shutdown.",$18M,18000000.00,,,"Stellaris Venture Partners, Chiratae Ventures",https://ideaproof.io/failure/beepkart
BharatAgri,BharatAgri,bharatagri,India,India,Agritech / Farm Advisory,Food & grocery,Notable,notable,2017,2025,8,"Macro, timing, or shock",5,Failed to close $6-8M round; funding winter for Indian agritech,Advisory-only agritech models struggle to monetize Indian farmers directly — BharatAgri couldn't reach profitability before capital dried up in an 80%-down agritech funding cycle.,$15M,15000000.00,,,"India Quotient, Omnivore, InfoEdge Ventures",https://ideaproof.io/failure/bharatagri
Blip,Blip,blip,India,India,Quick Commerce (Fashion),Food & grocery,Notable,notable,2024,2025,1,Ran out of cash or could not raise,8,Lack of capital for expansion,Applying a proven business model (like quick-commerce) to a new category doesn't guarantee success — fashion's inventory and operational complexity requires far more capital before viable unit economics.,Unknown (seed-stage),,,,Unknown,https://ideaproof.io/failure/blip
CodeParrot,CodeParrot,codeparrot,India,India,Developer Tools,Software & AI,Notable,notable,2022,2025,3,Unit economics,7,"High cash burn, lack of follow-on funding","YC acceptance and a hot AI category aren't enough — startups still need disciplined burn management and a credible path to differentiated, defensible value before the funding window closes.",$0.5M,500000.00,,,Y Combinator,https://ideaproof.io/failure/codeparrot
NeuroPixel.AI,NeuroPixel.AI,neuropixel-ai,India,India,Ecommerce AI,Software & AI,Notable,notable,,2026,,Ran out of cash or could not raise,8,Cash crunch,"Building a genuinely innovative vertical AI product isn't enough protection — if your core capability can be replicated by general-purpose foundation models, you need a defensible moat beyond the technology itself.",Unknown (Flipkart-backed),,,,Flipkart,https://ideaproof.io/failure/neuropixel-ai
Covrzy,Covrzy,covrzy,India,India,Insurtech,Fintech & insurance,Notable,notable,,2026,,Ran out of cash or could not raise,8,Cash crunch,"Startups with thin funding cushions are highly vulnerable to key personnel departures; when acquisition offers arrive during a cash crunch, rejecting them can foreclose the only viable exit.",$0.386m,386000.00,,,Antler,https://ideaproof.io/failure/covrzy
Kiki,Kiki,kiki-rental-platform,United Kingdom,United Kingdom,Rental Platform,Commerce & retail,Notable,notable,,2026,,Unit economics,7,Unsustainable business economics,"Persistent pivoting without achieving product-market fit, even with sufficient funding and years of runway, is a strong predictor of eventual failure — especially when core customers remain confused about the business model.",$5M,5000000.00,,,Blackbird Partner (Samantha Wong),https://ideaproof.io/failure/kiki-rental-platform
Ascend Elements,Ascend Elements,ascend-elements,United States,United States,Battery Recycling / Cleantech,Energy & climate,Major,major,2015,2026,11,Ran out of cash or could not raise,8,Chapter 11 amid EV demand slowdown and rollback of clean-energy incentives,Cleantech scale-ups with government-loan-and-EV-demand assumptions baked in are one policy shift away from insolvency — Ascend's $900M+ raise couldn't outrun the 2025-26 EV slowdown and Trump-era incentive rollback.,$900M+,900000000.00,1600000000.00,,"Decarbonization Partners (BlackRock/Temasek), SK ecoplant, Qatar Investment Authority, Fifth Wall",https://ideaproof.io/failure/ascend-elements
The Next Web,The Next Web,the-next-web,Netherlands,Other,Tech Media / Conferences,Media & social,Notable,notable,2006,2025,19,Acquired or shut by owner,3,Parent FT wound down events/media business amid AI-driven traffic decline,AI search is compressing tech-media traffic faster than legacy owners can restructure — the FT quietly killed one of Europe's most-loved conferences rather than fund another year of losses.,Bootstrapped + FT acquisition (2019),,,,Financial Times (parent since 2019),https://ideaproof.io/failure/the-next-web
The Browser Co.,The Browser Co.,the-browser-company,United States,United States,Consumer Software / Web Browsers,Software & AI,Major,major,2019,2025,6,Other,13,Arc browser abandoned; sold to Atlassian after failing to scale,"Loved doesn't mean adopted. Arc had a cult following but never crossed into mainstream distribution, forcing The Browser Company to abandon it, pivot to an AI browser (Dia), and ultimately sell to Atlassian rather than reach standalone escape velocity.",$128M,128000000.00,550000000.00,,"Thrive Capital, LinkedIn co-founders, Salesforce Ventures, Medha Ventures",https://ideaproof.io/failure/the-browser-company
CaaStle,CaaStle,caastle,United States,United States,Fashion Rental / Retail Tech,Commerce & retail,Major,major,2011,2025,14,Fraud or governance,1,"Alleged $300M investor fraud by CEO, Chapter 7 bankruptcy",Fabricating financials to keep raising doesn't buy time — it converts a struggling business into a criminal case and wipes out every stakeholder. CaaStle went from unicorn to Chapter 7 liquidation once auditors uncovered years of forged bank statements.,$530M+,530000000.00,1400000000.00,,"Founders Fund, Bain Capital Ventures, Fidelity, Franklin Templeton",https://ideaproof.io/failure/caastle
PosiGen,PosiGen,posigen,United States,United States,Residential Solar,Energy & climate,Major,major,2011,2025,14,Regulatory or legal,2,"Chapter 11 amid high interest rates, tariff shock, TPO/ITC policy uncertainty",Even mission-aligned installers can't outrun rate shock and policy whiplash — PosiGen's LMI-focused solar leases were structurally sound but its capital stack couldn't survive 2025's cost-of-capital repricing.,$150M+ equity + debt,150000000.00,,,"Brookfield Asset Management, Builders VC, Osaic, DBL Partners",https://ideaproof.io/failure/posigen
Synapse Financial Technologies,Synapse Financial Technologies,synapse-financial-technologies,United States,United States,Fintech / Banking-as-a-Service,Fintech & insurance,Major,major,2014,2024,10,Unit economics,7,Chapter 11 collapse; ~$85M in end-user deposits went missing across partner banks,"BaaS middlemen created a systemic risk regulators never fully oversaw — Synapse's collapse froze 100,000+ Americans' savings and exposed the 'FDIC-insured' promise of fintech as marketing, not law.",$50M+,50000000.00,,,"Andreessen Horowitz, Trinity Ventures, Core Innovation Capital",https://ideaproof.io/failure/synapse-financial-technologies
Yotta Technologies,Yotta Technologies,yotta-technologies,United States,United States,Fintech / Consumer Banking App,Fintech & insurance,Major,major,2019,2024,5,Ran out of cash or could not raise,8,Deposits vanished after Synapse (BaaS provider) went bankrupt,"A consumer fintech is only as trustworthy as its BaaS partner — Yotta customers followed the app's promises, not the actual bank of record, and were left with claims against a bankruptcy estate instead of insured deposits.",$27M,27000000.00,,,"Base10 Partners, YC, Core Innovation Capital, FundersClub",https://ideaproof.io/failure/yotta-technologies
IO Biotech,IO Biotech,io-biotech,United States,United States,Biotechnology,Healthcare & biotech,Major,major,2014,2026,12,Ran out of cash or could not raise,8,Filed for Chapter 7 bankruptcy,"A single pivotal trial narrowly missing statistical significance can be as fatal to a biotech's near-term viability as an outright failure, especially when regulators require an entirely new registrational study.",$170M,170000000.00,,,"Lundbeckfonden Ventures, Novo Holdings, EIB",https://ideaproof.io/failure/io-biotech
Lipella Pharmaceuticals,Lipella Pharmaceuticals,lipella-pharmaceuticals,United States,United States,Biotechnology,Healthcare & biotech,Notable,notable,2017,2026,9,Ran out of cash or could not raise,8,"Bankruptcy, inability to develop drug","Positive clinical trial data does not guarantee survival; without continued access to capital markets, even scientifically promising biotechs can be forced into bankruptcy.",Under $20m,20000000.00,,,Unknown,https://ideaproof.io/failure/lipella-pharmaceuticals
Lipocine Inc.,Lipocine Inc.,lipocine,United States,United States,Biotechnology,Healthcare & biotech,Notable,notable,,2026,,Other,13,Phase 3 trial failed primary endpoint,"Repeated regulatory delays on a single lead drug can trigger a slow erosion of stock value and exchange compliance that persists for years, even if the company avoids outright shutdown.",$150m+,150000000.00,,,,https://ideaproof.io/failure/lipocine
Moleculin Biotech Inc.,Moleculin Biotech Inc.,moleculin-biotech,United States,United States,Biotechnology,Healthcare & biotech,Notable,notable,2020,2025,5,Other,13,"Weak pipeline, funding contraction","Single-asset oncology biotechs remain acutely vulnerable to any negative trial readout, even when later data from more rigorous pivotal trials shows more encouraging results.",$100m+,100000000.00,,,Unknown,https://ideaproof.io/failure/moleculin-biotech
Nine Square Therapeutics,Nine Square Therapeutics,nine-square-therapeutics,United States,United States,Biotechnology and Pharmaceutical,Healthcare & biotech,Major,major,2020,2026,6,Ran out of cash or could not raise,8,"Liquidity crisis, funding standstill",Even well-funded platform biotechs targeting scientifically validated but historically undruggable targets can run out of runway if they cannot translate discovery into a compelling near-term catalyst.,$55 million,55000000.00,,,"Apple Tree Partners, The Michael J. Fox Foundation",https://ideaproof.io/failure/nine-square-therapeutics
Nido Biosciences,Nido Biosciences,nido-biosciences,United States,United States,Biotechnology,Healthcare & biotech,Major,major,2020,2026,6,Other,13,Drug failed Phase II clinical trial,Even well-capitalized biotechs backed by reputable venture studios can be forced to shut down entirely when a single Phase 2 trial in a rare disease indication underperforms.,$109 million,109000000.00,,,"5AM Ventures, Abingworth, Bessemer Venture Partners, Eli Lilly, Osage University Partners, Bioluminescence Ventures",https://ideaproof.io/failure/nido-biosciences
Builder.ai,Builder.ai,builder-ai,United Kingdom,United Kingdom,AI / No-Code Software Development,Software & AI,Major,major,2016,2025,9,Unit economics,7,"Builder.ai, a Microsoft-backed 'AI-powered' app development platform once valued at $1.5 billion, collapsed into insolvency after revelations that its 'AI' was largely human engineers and that revenue","Marketing an unproven or partially fake AI capability to inflate valuation is unsustainable — eventually revenue, technology, and reality must align, or collapse follows.",$450m,450000000.00,,,,https://ideaproof.io/failure/builder-ai
Northvolt,Northvolt,northvolt,Sweden,Other,EV Battery Manufacturing,Mobility & logistics,Major,major,2016,2025,9,Unit economics,7,"Northvolt, Europe's flagship EV battery champion once valued at over $10 billion, filed for bankruptcy in Sweden in March 2025 after burning through more than $15 billion in funding without reaching s",Raising enormous capital cannot substitute for proven manufacturing execution — hardware startups must de-risk production processes before scaling to gigafactory volumes.,$15b,15000000000.00,,,,https://ideaproof.io/failure/northvolt
23andMe (23andme),23andMe,23andme,United States,United States,Consumer Genetic Testing / Biotech,Healthcare & biotech,Major,major,2006,2025,19,Unit economics,7,"Once valued at $6 billion, DNA testing pioneer 23andMe filed for Chapter 11 bankruptcy in March 2025 after a massive 2023 data breach, collapsing demand for one-time genetic tests, and failure to buil",Owning valuable data is not the same as owning a sustainable business model — and a single catastrophic breach of customer trust can be fatal for a company built on sensitive personal information.,$1.5b,1500000000.00,,,,https://ideaproof.io/failure/23andme
Canoo,Canoo,canoo,United States,United States,Electric Vehicles,Mobility & logistics,Major,major,2017,2025,8,Ran out of cash or could not raise,8,"Electric vehicle startup Canoo filed for Chapter 7 bankruptcy and ceased all operations in January 2025, liquidating its assets after years of production delays, executive turnover, and chronic cash s","SPAC hype and government or corporate pilot deals cannot substitute for proven, scalable manufacturing — EV startups need capital discipline and production execution.",$1b,1000000000.00,,,,https://ideaproof.io/failure/canoo
Forward Health,Forward Health,forward-health,United States,United States,Healthcare Technology,Healthcare & biotech,Major,major,2016,2025,9,Other,13,"Forward Health, a venture-backed primary care startup that raised over $650 million to build AI-powered 'CarePod' health kiosks, abruptly shut down all clinics and its app in late 2024, with the fallo","In healthcare, sudden business pivots and shutdowns carry a duty of care to patients — Forward's shift to CarePods and abrupt closure show that scaling ambition must be balanced against continuity of care.",$657m,657000000.00,,,,https://ideaproof.io/failure/forward-health
Yupp,Yupp,yupp-ai,United States,United States,AI / Consumer,Software & AI,Recent,recent,2024,2026,2,Other,13,Growth stalled after novelty wore off; consumer LLM-comparison thesis couldn't sustain retention,"A famous cap table and a hot thesis can't rescue a consumer product with no repeat-use loop. If DAU/WAU flattens 3 months post-launch, no amount of VC can fix it.",$33M,33000000.00,100000000.00,,"a16z crypto (Chris Dixon), Jerry Yang, Balaji Srinivasan, angels",https://ideaproof.io/failure/yupp-ai
Zeepay,Zeepay,zeepay,Ghana,Other,Fintech / Mobile Money,Fintech & insurance,Recent,recent,2014,2026,12,Fraud or governance,1,Ghana central bank revoked e-money issuer licence over prolonged solvency and governance failures,"In regulated fintech, your licence is your business. Missed capital ratios and governance lapses can end an entire company in a single regulator letter.",$18M+,18000000.00,,,"Injaro Investments, Verdant Capital, Oikocredit, Goodwell Investments",https://ideaproof.io/failure/zeepay
Gigbanc,Gigbanc,gigbanc,Nigeria,Other,Fintech / SMB Banking,Fintech & insurance,Recent,recent,2022,2026,4,Ran out of cash or could not raise,8,Could not raise a follow-on round in a chilled Nigerian fintech funding market,Sub-$5M raised in a hard market means an 18-month runway if you are lucky. Line up the acquirer before you announce the wind-down.,$1.5M,1500000.00,,,"Ventures Platform, angel investors",https://ideaproof.io/failure/gigbanc
AstrumU,AstrumU,astrumu,United States,United States,HR Tech / Workforce Intelligence,Software & AI,Recent,recent,2017,2025,8,Ran out of cash or could not raise,8,Ran out of capital before enterprise sales cycles closed at scale,Selling to universities and enterprise HR at the same time is two 18-month sales cycles overlaid. Pick one buyer or you burn through both budgets.,$30M+,30000000.00,,,"Ignition Partners, Kickstart Fund, University Ventures",https://ideaproof.io/failure/astrumu
Zeen (formerly Landing),Zeen (formerly Landing),zeen,United States,United States,Consumer Social / Shopping,Media & social,Recent,recent,2019,2025,6,Other,13,Never reached the scale required for a venture-backed consumer social business,"If your app doesn't cross a million MAU after two pivots, no amount of aesthetic polish will unlock venture-scale outcomes. Return the money or sell the domain.",$9M,9000000.00,,,"Forerunner Ventures, angel investors",https://ideaproof.io/failure/zeen
Smashing,Smashing,smashing,United States,United States,Consumer / Reading & News,Media & social,Recent,recent,2021,2025,4,Outcompeted,6,Curation apps cannot compete with algorithmic feeds and AI summaries for consumer attention,"'A better feed' is not a business. Readers don't pay, ads need scale, and AI now writes the summary you built a company around.",$4M,4000000.00,,,"Goodwater Capital, angels",https://ideaproof.io/failure/smashing
Haomo.AI,Haomo.AI,haomo-ai,China,China,Autonomous Driving / EV,Mobility & logistics,Recent,recent,2019,2026,7,Acquired or shut by owner,3,Parent Great Wall Motor cut funding after failing to match Tesla FSD and BYD-backed rivals,"Corporate-backed AV spinouts live and die by the parent's roadmap. When GWM redirected to a partnership with a larger AV supplier, Haomo's mandate evaporated overnight.",$400M+,400000000.00,1000000000.00,,"Great Wall Motor, Meituan Longzhu, Qualcomm Ventures, Gaocheng Capital",https://ideaproof.io/failure/haomo-ai
Ample,Ample,ample,United States,United States,CleanTech / EV Battery Swapping,Mobility & logistics,Recent,recent,2014,2025,11,Unit economics,7,Capital-intensive swap-station rollout outran a fleet-only revenue model,"Hardware + real estate + energy is three businesses in a trench coat. If you don't have OEM co-investment or utility rate-basing, the CapEx will bury you.",$330M,330000000.00,1000000000.00,,"Shell Ventures, Moore Strategic Ventures, PTT, Repsol, Blackstone-adjacent funds",https://ideaproof.io/failure/ample
JiviAI,JiviAI,jivi-ai,India,India,AI / Healthcare,Healthcare & biotech,Recent,recent,2023,2026,3,Ran out of cash or could not raise,8,Ran out of runway before proving clinical adoption of a medical LLM,"Selling AI into regulated healthcare requires 24+ months and hospital champions. If you can't clear that milestone with 18 months of runway, don't start.",$4M,4000000.00,,,"Undisclosed seed investors, angels",https://ideaproof.io/failure/jivi-ai
Miga Health,Miga Health,miga-health,United States,United States,Digital Health / Cardiovascular,Healthcare & biotech,Recent,recent,2021,2025,4,Other,13,Virtual specialty care model couldn't clear payer reimbursement thresholds,"Virtual specialty clinics live or die on payer contracts. If your CPT-code strategy isn't proven in year one, your Series A math is fiction.",$26M,26000000.00,,,"7wireVentures, Define Ventures, Redesign Health",https://ideaproof.io/failure/miga-health
Joon Care,Joon Care,joon-care,United States,United States,Digital Health / Youth Mental Health,Healthcare & biotech,Recent,recent,2019,2025,6,Acquired or shut by owner,3,Consolidation into larger virtual mental-health platform via acqui-hire,"If the category consolidates before you find defensible unit economics, taking the acqui-hire is the responsible ending, not the failure.",$13M,13000000.00,,,"TeleSoft Partners, Vertical Venture Partners",https://ideaproof.io/failure/joon-care
Kevala,Kevala,kevala,United States,United States,Health Tech / Workforce Management,Healthcare & biotech,Recent,recent,2018,2025,7,Other,13,Sub-scale point solution absorbed by broader senior-care platform,"Vertical workforce SaaS with <$5M ARR gets acquired, not IPO'd. Design your cap table for a $30-80M exit from day one.",$18M,18000000.00,,,"Bessemer Venture Partners, Bowery Capital",https://ideaproof.io/failure/kevala
Ribbon Health,Ribbon Health,ribbon-health,United States,United States,Health Tech / Provider Data,Healthcare & biotech,Recent,recent,2016,2025,9,Other,13,API-only data infrastructure absorbed into vertical analytics leader,"Being 'the data layer' is a great narrative and a hard business. If a bigger analytics buyer needs your data more than you need to be a company, sell.",$59M,59000000.00,,,"a16z, General Catalyst, Rock Health, Homebrew",https://ideaproof.io/failure/ribbon-health
Onco,Onco,onco,India,India,Health Tech / Cancer Care,Healthcare & biotech,Recent,recent,2018,2024,6,Acquired or shut by owner,3,Sub-scale patient acquisition led to a quiet strategic acquisition by Apollo Hospitals,"In Indian health-tech, the exit is the largest hospital chain, not the IPO. Build for strategic value from year two.",$7M,7000000.00,,,"Accel, Better Capital, angels",https://ideaproof.io/failure/onco
Kismet Health,Kismet Health,kismet-health,United States,United States,Digital Health / Pediatric Telehealth,Healthcare & biotech,Recent,recent,2020,2025,5,Acquired or shut by owner,3,"Acquired by Kooth for its telehealth platform, ending standalone operations",A specialized telehealth toolset can be worth more inside a larger buyer than as a standalone SaaS. Recognize the tuck-in ceiling early.,$6M,6000000.00,,,Undisclosed seed investors,https://ideaproof.io/failure/kismet-health
Satori Finance,Satori Finance,satori-finance,Global,Other,Crypto / DeFi Perpetuals,Crypto,Recent,recent,2022,2026,4,Ran out of cash or could not raise,8,Unable to capture liquidity share against Hyperliquid and dYdX in perps DEX category,"In DeFi, liquidity is a winner-take-most flywheel. If you're not top-3 by TVL 12 months post-launch, you're kindling.",$8M,8000000.00,,,"Polychain Capital, Coinbase Ventures",https://ideaproof.io/failure/satori-finance
Goldfinch Finance,Goldfinch Finance,goldfinch-finance,United States,United States,Crypto / DeFi Credit,Crypto,Recent,recent,2020,2026,6,Other,13,Real-world credit defaults exceeded protocol loss-absorption capacity,On-chain credit protocols inherit off-chain default risk without off-chain collections. Assume 5-10x higher realized losses than TradFi comps.,$37M,37000000.00,,,"a16z crypto, Coinbase Ventures, Bill Ackman, Kindred Ventures",https://ideaproof.io/failure/goldfinch-finance
AscendEX,AscendEX,ascendex,Singapore,Other,Crypto / Centralized Exchange,Crypto,Recent,recent,2018,2026,8,Fraud or governance,1,Liquidity crisis compounded by unexplained founder silence,"Custody businesses run on trust. Any founder communication gap during a liquidity event triggers a bank-run, whether or not the balance sheet supports it.",$50M+,50000000.00,,,"Polychain Capital, Alameda Research, Hack VC",https://ideaproof.io/failure/ascendex
Sophon,Sophon,sophon,Global,Other,Crypto / Layer 2,Crypto,Recent,recent,2023,2026,3,Product or execution failed,12,zkSync-based L2 could not attract users or developers; pivoted to Base app studio,"'Build a chain' is a distribution problem, not a technology problem. If you raise via node sale before proving app-layer traction, you owe explanations to token holders when you pivot away.",$60M,60000000.00,,,"Node-sale participants, Aave GHO Foundation, Paper Ventures",https://ideaproof.io/failure/sophon
PeopleCues,PeopleCues,peoplecues,India,India,HR Tech / Employee Experience,Software & AI,Recent,recent,2021,2026,5,Other,13,Employee-experience SaaS could not survive the 2025-2026 HR tech budget freeze,"HR tech is the first budget line cut in a downturn. Ship must-have workflow, not surveys, if you want to survive a spend freeze.",$5M,5000000.00,,,"Binny Bansal (Flipkart co-founder), Peak XV, angels",https://ideaproof.io/failure/peoplecues
Mantle,Mantle,mantle-shopify,Canada,Canada,SaaS / Shopify Ecosystem,Software & AI,Recent,recent,2023,2026,3,Other,13,AI-powered Shopify app tooling could not build a defensible business layer,Building 'infrastructure for a platform's developers' is a tiny TAM. Shopify's own tooling improvements erase your wedge overnight.,$5M,5000000.00,,,"Y Combinator, Inovia Capital, angels",https://ideaproof.io/failure/mantle-shopify
Talrop,Talrop,talrop,India,India,EdTech / Tech Skills Training,Education,Recent,recent,2019,2026,7,Fraud or governance,1,AI-driven curriculum obsolescence and financial mismanagement,"EdTech curricula that teach a skill AI now does are graveyards. If your syllabus needs a rewrite every 6 months to stay relevant, your unit economics won't survive.",Undisclosed (bootstrapped + local investors),3000000.00,,,"Local Kerala investors, bootstrapped",https://ideaproof.io/failure/talrop
Wordsworth AI,Wordsworth AI,wordsworth-ai,United States,United States,AI / Marketing Automation,Software & AI,Recent,recent,2023,2025,2,Other,13,Six-figure revenue was not enough to justify continued operation as market shifted,"Six-figure ARR with enterprise customers is a lifestyle business, not a venture case. Recognize the ceiling and either bootstrap or wind down honestly.",Undisclosed seed,1000000.00,,,"Angel investors, YC-adjacent seed",https://ideaproof.io/failure/wordsworth-ai
Pocket (Mozilla),Pocket (Mozilla),pocket,United States,United States,Consumer / Read-It-Later,Commerce & retail,Major,major,2007,2025,18,Acquired or shut by owner,3,Parent Mozilla sunset the acquired product amid strategic refocus,"Being acquired is not the finish line. If the parent's strategy changes, your product is a line-item to be cut.",$14.5M (pre-Mozilla acquisition),14500000.00,,,"Mozilla (2017 acquirer), previously Foundation Capital, Google Ventures",https://ideaproof.io/failure/pocket
Rewind AI,Rewind AI,rewind-ai,United States,United States,AI / Personal Productivity,Software & AI,Recent,recent,2020,2025,5,Acquired or shut by owner,3,Rebrand to Limitless AI pendant hardware led to Meta acquisition and sunset of original Mac app,A hardware pivot away from a beloved consumer software product is the highest-risk restart in tech. Get the acquisition offer before you tell your users.,$30M+,30000000.00,350000000.00,,"a16z, First Round Capital, NEA, Sam Altman",https://ideaproof.io/failure/rewind-ai
iRobot (irobot),iRobot,irobot,United States,United States,Consumer Robotics,Hardware & robotics,Major,major,1990,2025,35,Acquired or shut by owner,3,Failed Amazon acquisition + Chinese Roomba clones destroyed pricing power,"A pending acquisition is not an insurance policy. Regulatory blocks kill your Plan B. If your product is a commoditized SKU, an EU antitrust ruling can end your independence.",Public (IPO 2005),1000000000.00,1700000000.00,,Public shareholders; formerly funded by Fenway Partners; ended in Picea (Chinese contract manufacturer) ownership,https://ideaproof.io/failure/irobot
Picnic,Picnic,picnic-pizza,United States,United States,Robotics / Food Automation,Food & grocery,Recent,recent,2016,2026,10,Unit economics,7,Food-service labor economics didn't justify $100k+ pizza-assembly robots,"Automation ROI must beat minimum-wage plus benefits, in the counterfactual, not in the pitch deck. Pizza labor is $15/hr — that's a $30k/year threshold no six-figure robot beats.",$40M,40000000.00,,,"Vulcan Capital, Thursday Ventures, angels",https://ideaproof.io/failure/picnic-pizza
Cartwheel Robotics,Cartwheel Robotics,cartwheel-robotics,United States,United States,Robotics / Humanoid,Hardware & robotics,Recent,recent,2021,2026,5,Unit economics,7,Ran out of capital before completing seed round for capital-intensive humanoid hardware,Humanoid robotics is a $100M seed category disguised as a $3M seed category. Don't start unless you have signed commitments from Series A leads before shipping.,$3M,3000000.00,,,"Undisclosed angels, small VC",https://ideaproof.io/failure/cartwheel-robotics
Locus Robotics,Locus Robotics,locus-robotics,United States,United States,Warehouse Robotics,Hardware & robotics,Major,major,2014,2026,12,Unit economics,7,Robots-as-a-Service unit economics never turned positive at scale,"RaaS gross margins < hardware gross margins < software gross margins. If your Series F pitched software multiples on RaaS revenue, the Series G markdown is brutal.",$420M,420000000.00,2000000000.00,,"Tiger Global, Prologis, Zebra Ventures, G2 Venture Partners",https://ideaproof.io/failure/locus-robotics
Lidya,Lidya,lidya,Nigeria,Other,Fintech / SMB Lending,Fintech & insurance,Recent,recent,2016,2025,9,Unit economics,7,Loan-book losses combined with FX collapse eroded the equity base,Digital lending in an FX-volatile market requires local-currency capital. Dollar-denominated equity funding a naira loan book is a losing trade every devaluation cycle.,$16M,16000000.00,,,"Alitheia Capital, Bamboo Capital, Newid Capital, Omidyar Network",https://ideaproof.io/failure/lidya
Okra,Okra,okra-fintech,Nigeria,Other,Fintech / Open Banking,Fintech & insurance,Recent,recent,2019,2025,6,Other,13,Open-banking API infrastructure couldn't reach revenue scale in Nigerian market challenges,"If your business is 'the Plaid of X,' you need a Plaid-sized banking ecosystem with regulator-mandated open banking. Nigeria didn't have that in 2019-2025.",$16M,16000000.00,,,"Susa Ventures, TLcom Capital, Base10 Partners, Accenture Ventures",https://ideaproof.io/failure/okra-fintech
Cushion,Cushion,cushion,United States,United States,Fintech / Consumer,Fintech & insurance,Recent,recent,2016,2025,9,Unit economics,7,Consumer fintech unit economics couldn't scale beyond niche users,"'AI negotiates your bank fees' works as a demo. It doesn't work as a business because banks won't pay the arbitrage forever, and consumers won't pay for a service that returns their own money.",$21M,21000000.00,,,"Flourish Ventures, Left Lane Capital, angel investors",https://ideaproof.io/failure/cushion
The Sandbox,The Sandbox,the-sandbox,Hong Kong,Other,Web3 / Metaverse,Crypto,Recent,recent,2011,2025,14,Unit economics,7,Metaverse user base collapsed; Animoca Brands absorbed operations after 50%+ layoffs,"If your product depends on 'the metaverse,' your business depends on a category that peaked in Q4 2021 and hasn't returned. Cut before the parent has to.",$93M,93000000.00,1000000000.00,,"Animoca Brands (parent), SoftBank, LG Tech Ventures",https://ideaproof.io/failure/the-sandbox
Ember Sword,Ember Sword,ember-sword,Denmark,Other,Web3 Gaming,Crypto,Recent,recent,2018,2025,7,Unit economics,7,Crypto game economics collapsed; virtual land holders lost value,"Selling virtual land before a game is playable is fundraising, not product development. When the game doesn't ship, the SEC and the pitchforks come.",$13M (VC + land sales),13000000.00,,,"Play Ventures, BITKRAFT, Makers Fund",https://ideaproof.io/failure/ember-sword
Battlebound,Battlebound,battlebound,United States,United States,Web3 Gaming,Crypto,Recent,recent,2021,2025,4,Other,13,Blockchain-gaming category couldn't retain players between hype cycles,"If your monetization requires token liquidity that requires new players that requires token liquidity, you have built a fragile flywheel that stops in month 6.",$8M,8000000.00,,,"Delphi Digital, Merit Circle, Play Ventures",https://ideaproof.io/failure/battlebound
Tatsumeeko: Lumina Fates,Tatsumeeko: Lumina Fates,tatsumeeko,Singapore,Other,Web3 Gaming,Crypto,Recent,recent,2021,2025,4,Other,13,Play-to-earn MMORPG couldn't build a Web2-quality game on a Web3-sized team,An MMORPG is a $50M+ dev budget. A $7.5M seed for an MMORPG means you'll ship the tokenomics and never ship the game.,$7.5M,7500000.00,,,"Delphi Digital, Signum Capital, Animoca Brands, Ascensive Assets",https://ideaproof.io/failure/tatsumeeko
Pandion,Pandion,pandion,United States,United States,Logistics / Last-Mile,Mobility & logistics,Recent,recent,2020,2025,5,Outcompeted,6,Middle-mile parcel network couldn't win volume from Amazon Logistics or FedEx SmartPost,Building a national parcel network without a captive shipper is the hardest capital allocation problem in tech. Convoy tried and failed. Pandion tried and failed. Don't try.,$100M+,100000000.00,,,"Playground Global, Kleiner Perkins, Prologis, SoftBank",https://ideaproof.io/failure/pandion
Pedal & Post,Pedal & Post,pedal-and-post,United Kingdom,United Kingdom,Logistics / Cargo Bike Delivery,Mobility & logistics,Recent,recent,2013,2025,12,Other,13,Loss of anchor Voi contract eliminated majority of revenue overnight,"Customer concentration >50% is a single-point-of-failure. When your anchor gives notice, you have 30-60 days to become a different company.",Bootstrapped + local investors,2000000.00,,,"Local investors, founder capital",https://ideaproof.io/failure/pedal-and-post
Ami Colé,Ami Colé,ami-cole,United States,United States,Beauty / D2C,Commerce & retail,Recent,recent,2021,2025,4,"Macro, timing, or shock",5,D2C beauty economics collapsed under retail-competition and marketing cost inflation,"Being a beloved indie brand isn't a business. If you can't defend >50% gross margin with paid CAC below $60, close before you owe suppliers.",$3M+,3000000.00,,,"Imaginary Ventures, Debut Capital, angel investors",https://ideaproof.io/failure/ami-cole
10Club,10Club,10club,India,India,E-commerce / Thrasio-Style Aggregator,Commerce & retail,Recent,recent,2020,2025,5,Unit economics,7,Thrasio playbook collapsed globally; India aggregators inherited the debt without the exit path,'Buying up Amazon sellers' was a 2021 zero-rate-era thesis. Every aggregator in every market underestimated integration costs and overestimated multiples.,$40M,40000000.00,,,"Fireside Ventures, DisruptAD, Sequoia India, MSCT Investments",https://ideaproof.io/failure/10club
Areteia Therapeutics,Areteia Therapeutics,areteia-therapeutics,United States,United States,Biotech / Respiratory,Healthcare & biotech,Major,major,2022,2025,3,Unit economics,7,Phase 3 asthma studies terminated for insufficient efficacy,A $425M startup bet on a single molecule is a coin-flip. Diversify the shots on goal or pre-commit to wind-down triggers investors will actually honor.,$425M,425000000.00,500000000.00,,"Population Health Partners, Bain Capital Life Sciences, Access Industries",https://ideaproof.io/failure/areteia-therapeutics
iTeos Therapeutics,iTeos Therapeutics,iteos-therapeutics,Belgium,Other,Biotech / Oncology,Healthcare & biotech,Major,major,2011,2025,14,Other,13,GSK terminated TIGIT partnership after negative Phase 2 lung cancer data,"Big-pharma partnerships aren't insurance. GSK, Merck and Roche have all walked away from TIGIT programs. If your thesis is 'partner data will validate us,' the partner's decision terminates you.",$600M+ (public),600000000.00,,,"Public shareholders (Nasdaq: ITOS); MPM Capital, Novo Holdings previously",https://ideaproof.io/failure/iteos-therapeutics
Mythic Therapeutics,Mythic Therapeutics,mythic-therapeutics,United States,United States,Biotech / ADC Oncology,Healthcare & biotech,Recent,recent,2018,2025,7,Other,13,Bridge round failed; single ADC clinical trial terminated for funding reasons,"A single-asset biotech's Series C is the last cheque. If Phase 1/2 data isn't remarkable, don't expect a Series D at any price.",$180M,180000000.00,,,"Venrock, Viking Global, Rock Springs, Cowen Healthcare Investments",https://ideaproof.io/failure/mythic-therapeutics
Inspirna,Inspirna,inspirna,United States,United States,Biotech / Oncology,Healthcare & biotech,Recent,recent,2014,2025,11,Ran out of cash or could not raise,8,Failed to raise Phase 3 funding; folded before pivotal trial,"If you can't fund the Phase 3 you designed, the design was wrong. Downsize the trial or partner years earlier.",$210M,210000000.00,,,"Deerfield Management, Cormorant Asset Management, Woodline Partners",https://ideaproof.io/failure/inspirna
Sensei Biotherapeutics,Sensei Biotherapeutics,sensei-biotherapeutics,United States,United States,Biotech / Immuno-Oncology,Healthcare & biotech,Recent,recent,1999,2025,26,Other,13,Dropped sole clinical program to conserve remaining cash before shell status,"If you're a $30M-market-cap public biotech that just failed a readout, don't burn what's left. Return cash, become a shell, or reverse-merge.",$130M+ (public),130000000.00,,,"Public shareholders (Nasdaq: SNSE); Cormorant, RA Capital previously",https://ideaproof.io/failure/sensei-biotherapeutics
theGist,theGist,thegist-ai,Israel,Other,AI / Productivity,Software & AI,Recent,recent,2021,2025,4,Outcompeted,6,"Product commoditized by native features in Slack, Google Workspace and ChatGPT","If your product summarizes Slack or Gmail, Slack and Gmail will summarize themselves within 12 months. Choose a defensible wedge or die on the platform update.",$7M,7000000.00,,,"Zeev Ventures, angel investors",https://ideaproof.io/failure/thegist-ai
Dot (New Computer),Dot (New Computer),dot-new-computer,United States,United States,AI / Consumer Companion,Software & AI,Recent,recent,2022,2025,3,Other,13,Consumer AI companion market couldn't sustain subscription retention,"Companion apps have Tinder-like uninstall rates. If your product depends on emotional connection with a chatbot, expect 90% churn at day 30.",$12M,12000000.00,,,"OpenAI Startup Fund, Andreessen Horowitz",https://ideaproof.io/failure/dot-new-computer
Chimoney,Chimoney,chimoney,Canada / Nigeria,Other,Fintech / Cross-Border Payments,Fintech & insurance,Recent,recent,2020,2026,6,Other,13,Under-capitalized global payments infrastructure with weak distribution,"Global payments infrastructure is a $50M-minimum business. A $1M seed can't win licences, banking partners or distribution simultaneously.",$1M,1000000.00,,,"Techstars, angel investors",https://ideaproof.io/failure/chimoney
Medial,Medial,medial,India,India,Social Networking,Media & social,Recent,recent,2023,2026,3,Ran out of cash or could not raise,8,Couldn't monetize a 500k-user social network before capital ran out,"500k users is not a business. Consumer social with no ads, no subscription and no marketplace ends when the seed runs out — every time.",$1.5M,1500000.00,,,"Shark Tank India investors, Peak XV alumni angels",https://ideaproof.io/failure/medial
Humane (humane-ai),Humane,humane-ai,United States,United States,Consumer Hardware/AI,Hardware & robotics,Recent,recent,2018,2025,7,Unit economics,7,Product-market fit collapse; laser-projector wearable rejected by reviewers,A hardware moonshot needs a job that a phone cannot already do better. The AI Pin lost every side-by-side comparison against a smartphone.,$240M,240000000.00,850000000.00,250,"Kindred Ventures, Marc Benioff, Sam Altman, Microsoft, LG, SoftBank, Tiger Global",https://ideaproof.io/failure/humane-ai
Fisker Inc.,Fisker Inc.,fisker-inc,United States,United States,Electric Vehicles,Mobility & logistics,Recent,recent,2016,2024,8,Unit economics,7,"Manufacturing chaos, software failures, and cash burn on the Ocean SUV",Contract-manufacturing an EV without owning software integration is a recipe for recall hell. Second-time founders are not automatic proof of execution.,$1.9B,1900000000.00,7800000000.00,1300,"Louis Bacon, Apollo, Public markets (SPAC)",https://ideaproof.io/failure/fisker-inc
Cruise (Robotaxi),Cruise (Robotaxi),cruise-robotaxi,United States,United States,Autonomous Vehicles,Mobility & logistics,Recent,recent,2013,2024,11,Regulatory or legal,2,"Regulatory revocation, safety incident cover-up, and $2B+ annual burn shut by GM","Autonomy is a decade-plus, capital-black-hole problem. When a single incident and a cover-up destroy regulator trust, no amount of parent-company cash can restart the flywheel.",$10B+,10000000000.00,30000000000.00,4000,"General Motors, SoftBank Vision Fund, Honda, Microsoft, T. Rowe Price",https://ideaproof.io/failure/cruise-robotaxi
Lilium,Lilium,lilium,Germany,Germany,eVTOL / Air Mobility,Mobility & logistics,Recent,recent,2015,2025,10,Ran out of cash or could not raise,8,Insolvency after German government refused €100M loan guarantee; ducted-fan design never certified,"Betting the company on a technically ambitious design and a single government backstop is not a strategy. Certification, not renderings, is the eVTOL moat.",$1.5B,1500000000.00,3300000000.00,1000,"Tencent, Baillie Gifford, LGT, Atomico, Frank Thelen, Public markets (SPAC)",https://ideaproof.io/failure/lilium
Volocopter,Volocopter,volocopter,Germany,Germany,eVTOL / Air Mobility,Mobility & logistics,Recent,recent,2011,2024,13,Ran out of cash or could not raise,8,Insolvency after failing to certify VoloCity before Paris 2024 and running out of runway,"""Launch at the Olympics"" is a marketing plan, not a certification plan. Missing a hyped date destroyed Volocopter's ability to raise the next round.",€600M+,600000000.00,1700000000.00,500,"Geely, Daimler, Intel Capital, BlackRock, DB Schenker",https://ideaproof.io/failure/volocopter
Bench Accounting,Bench Accounting,bench-accounting,Canada,Canada,SMB Fintech / Bookkeeping,Fintech & insurance,Recent,recent,2012,2024,12,Acquired or shut by owner,3,Cash crunch and negative unit economics on bundled human bookkeeping; assets acquired by Employer.com,Human-labor SaaS looks like SaaS on the surface until you look at gross margin. Bench's margins never supported its growth spend.,$113M,113000000.00,220000000.00,600,"Bain Capital Ventures, Shopify, Altos Ventures, iNovia, Sage",https://ideaproof.io/failure/bench-accounting
2U Inc.,2U Inc.,2u-inc,United States,United States,EdTech / OPM,Education,Recent,recent,2008,2024,16,Unit economics,7,Chapter 11 after Online Program Manager revenue-share model collapsed under university pushback and Dept. of Ed rules,"Regulatory arbitrage is not a business model. When the US Department of Education signals it will kill your revenue share, your equity has already been destroyed.",$1.1B+ debt & equity,1100000000.00,5000000000.00,4000,"Bessemer, Redpoint, Highland Capital, Public markets",https://ideaproof.io/failure/2u-inc
Invitae,Invitae,invitae,United States,United States,Genetic Testing / Digital Health,Healthcare & biotech,Recent,recent,2010,2024,14,Acquired or shut by owner,3,Chapter 11 after unsustainable land-grab pricing on genetic tests and $1.5B ArcherDX acquisition debt,Buying market share by pricing tests below cost only works if you find profitable adjacencies before the debt bill comes due. Invitae never did.,$1.5B+ equity & debt,1500000000.00,9800000000.00,3400,"ARCH Venture Partners, Genesys Capital, SoftBank, Public markets",https://ideaproof.io/failure/invitae
Cano Health,Cano Health,cano-health,United States,United States,Value-Based Primary Care,Healthcare & biotech,Recent,recent,2009,2024,15,Acquired or shut by owner,3,Chapter 11 after acquisition-led expansion left it with $1B+ debt and negative cash flow,"Roll-up healthcare growth funded by debt is not ""value-based care"" — it is leverage waiting for a rate cycle to end it.",$1.5B+ debt & equity,1500000000.00,4400000000.00,6000,"InTandem Capital, Barry Sternlicht, Dan Loeb Third Point, Public markets (SPAC)",https://ideaproof.io/failure/cano-health
Nikola Corporation,Nikola Corporation,nikola-motor,United States,United States,Hydrogen Trucks / EVs,Mobility & logistics,Recent,recent,2015,2025,10,Fraud or governance,1,"Chapter 11 after years of fraud fallout, truck fires, and unsustainable cash burn on hydrogen infrastructure",Fraud at inception is a debt to reputation that keeps compounding. Even after Milton's conviction Nikola never recovered institutional trust.,"$3B+ equity, debt & SPAC",3000000000.00,27000000000.00,1000,"Public markets (SPAC), CNH Industrial, Bosch, Iveco",https://ideaproof.io/failure/nikola-motor
Bowery Farming,Bowery Farming,bowery-farming,United States,United States,Vertical Farming / AgTech,Food & grocery,Recent,recent,2015,2024,9,Acquired or shut by owner,3,Chapter 7 liquidation after vertical-farm unit economics never worked at scale,"Growing lettuce indoors at grocery-shelf prices is a physics problem, not a software problem. Every VC-backed vertical farm has hit the same wall.",$700M,700000000.00,2300000000.00,750,"GV, GGV, Fidelity, Temasek, General Catalyst",https://ideaproof.io/failure/bowery-farming
Plenty (plenty-farms),Plenty,plenty-farms,United States,United States,Vertical Farming / AgTech,Food & grocery,Recent,recent,2014,2025,11,Unit economics,7,Chapter 11 after strawberry pivot with Driscoll's failed to close unit-economics gap,Pivoting from lettuce to strawberries did not fix vertical-farming physics; it only bought Plenty one more round of runway.,$940M,940000000.00,1900000000.00,500,"SoftBank Vision Fund, Jeff Bezos, Walmart, Driscoll's",https://ideaproof.io/failure/plenty-farms
Ghost Autonomy,Ghost Autonomy,ghost-autonomy,United States,United States,Autonomous Vehicles,Mobility & logistics,Recent,recent,2017,2024,7,Product or execution failed,12,Shutdown after failing to secure automaker deals and pivoting away from a viable ADAS wedge,OEMs do not buy revolutionary autonomy from tiny startups. Ghost died the moment it stopped selling to automakers on their terms.,$220M,220000000.00,800000000.00,110,"Founders Fund, Khosla Ventures, Coatue, Sutter Hill, OpenAI Startup Fund",https://ideaproof.io/failure/ghost-autonomy
Vroom (vroom-inc),Vroom,vroom-inc,United States,United States,Online Used Cars,Mobility & logistics,Recent,recent,2013,2024,11,Acquired or shut by owner,3,Wound down used-vehicle business after Carvana priced it out and unit economics collapsed,Being the #2 online used-car dealer during a rate cycle is the same as being dead. Vroom just took longer to realize it than the market.,$1B+ equity & debt,1000000000.00,5000000000.00,3600,"T. Rowe Price, General Catalyst, Public markets",https://ideaproof.io/failure/vroom-inc
Getir (getir),Getir,getir,Turkey,Turkey,Instant Grocery Delivery,Food & grocery,Recent,recent,2015,2024,9,Unit economics,7,"Retreated from US, UK, Germany, Netherlands, Portugal, Spain, Italy in 2024 after 10-minute grocery model collapsed",Ten-minute grocery delivery is a marketing product that never generated ten-minute-grocery economics. The category compressed to zero in the West.,$2.4B+,2400000000.00,11800000000.00,32000,"Mubadala, Sequoia, Tiger Global, Alkeon",https://ideaproof.io/failure/getir
Bird Global,Bird Global,bird-scooters,United States,United States,Micromobility / Scooters,Mobility & logistics,Recent,recent,2017,2023,6,Public-market collapse,4,"Chapter 11 after scooter unit economics, city permit costs and de-SPAC public listing destroyed the business",Being first in scooters was never a moat. Bird burned through nearly $900M proving that shared-scooter unit economics do not work at VC-required growth rates.,$883M,883000000.00,2500000000.00,800,"Sequoia, Accel, Index, CDPQ, Tusk Ventures, Public markets (SPAC)",https://ideaproof.io/failure/bird-scooters
BeReal,BeReal,bereal-social,France,France,Social Media,Media & social,Major,major,2020,2024,4,Unit economics,7,"Engagement collapse, no monetization, sold at fire-sale price",Viral hype is not a moat. A single-feature social app without monetization or daily engagement durability becomes worthless within 18 months.,$90M,90000000.00,630000000.00,100,"Andreessen Horowitz, Accel, DST Global, New Wave",https://ideaproof.io/failure/bereal-social
Getir (getir-delivery),Getir,getir-delivery,Turkey,Turkey,Q-Commerce / Delivery,Mobility & logistics,Mega,mega,2015,2024,9,Unit economics,7,"Burnt cash on unit economics that never worked outside Turkey, ZIRP collapse","Hyper-local 10-minute delivery is a structurally unprofitable category outside dense, low-wage markets. Geographic expansion multiplied losses instead of revenue.",$2.3B,2300000000.00,11800000000.00,32000,"Mubadala, Sequoia, Tiger Global, Silver Lake, Alkeon",https://ideaproof.io/failure/getir-delivery
Maple,Maple,maple-food-delivery,United States,United States,Food Delivery,Food & grocery,Notable,notable,2014,2017,3,Unit economics,7,Negative unit economics on $12 meals with full vertical integration,"Owning the kitchen, the food, the riders and the customer all at once gives you control but also concentrates every loss. Vertical integration is not a strategy in low-margin categories.",$29M,29000000.00,115000000.00,250,"Greenoaks Capital, Thrive Capital, David Chang, Bono",https://ideaproof.io/failure/maple-food-delivery
Jibo (jibo-robot),Jibo,jibo-robot,United States,United States,Consumer Robotics,Hardware & robotics,Notable,notable,2012,2019,7,Outcompeted,6,"Three-year shipping delay, $899 price point, undercut by Alexa and Google Home","Hardware timelines are unforgiving. If you take three years to ship, the market you launched into will not exist when you arrive.",$73M,73000000.00,80000000.00,100,"RRE Ventures, CRV, Acer, Fenox Venture Capital",https://ideaproof.io/failure/jibo-robot
Vine (vine-app),Vine,vine-app,United States,United States,Social Video,Media & social,Major,major,2012,2017,5,Monetization,11,"Twitter neglect, failed to monetize creators, lost talent to Instagram and YouTube",Owning the creators is more important than owning the format. Vine invented short-form video and lost it because it never paid them.,Acquired pre-launch by Twitter for ~$30M,30000000.00,,50,"Twitter (acquirer, October 2012)",https://ideaproof.io/failure/vine-app
Yik Yak (yik-yak-social),Yik Yak,yik-yak-social,United States,United States,Anonymous Social,Media & social,Major,major,2013,2017,4,Fraud or governance,1,"Toxic content drove users away, then a pivot to identity killed what was left","Anonymity drives both growth and abuse. If your community moderation can't scale faster than your user base, the platform poisons itself.",$73.5M,73500000.00,400000000.00,50,"Sequoia Capital, DCM, Azure Capital, Renren",https://ideaproof.io/failure/yik-yak-social
Compass,Compass,compass-real-estate,United States,United States,PropTech / Real Estate,Real estate,Mega,mega,2012,2022,10,Other,13,Brokerage with software paint never earned tech multiples; 90%+ value destruction post-IPO,Calling yourself a tech company doesn't change your unit economics. Compass paid traditional brokerage commissions while spending tech-company money on software and recruiting.,$1.5B,1500000000.00,8000000000.00,5000,"SoftBank Vision Fund, Fidelity, Wellington, Goldman Sachs",https://ideaproof.io/failure/compass-real-estate
The Messenger (the-messenger-media),The Messenger,the-messenger-media,United States,United States,Digital Media,Media & social,Major,major,2023,2024,1,Unit economics,7,Burned $50M in 8 months on a nonviable ad-supported general-news model,You cannot launch a large general-interest news publisher on advertising in 2023. The category economics are broken and no amount of senior hires can fix that.,$50M,50000000.00,,300,Jimmy Finkelstein and undisclosed private investors,https://ideaproof.io/failure/the-messenger-media
Gorillas,Gorillas,gorillas-delivery,Germany,Germany,Q-Commerce / Delivery,Mobility & logistics,Major,major,2020,2022,2,Unit economics,7,Unprofitable dark-store model in Western Europe; absorbed by larger loss-maker,Being the fastest in a category with broken unit economics just gets you to bankruptcy first.,$1.3B,1300000000.00,2100000000.00,14000,"DST Global, Tencent, Coatue, Atlantic Food Labs, Delivery Hero",https://ideaproof.io/failure/gorillas-delivery
Sprig,Sprig,sprig-food,United States,United States,Food Delivery,Food & grocery,Notable,notable,2013,2017,4,Other,13,Vertically integrated meal delivery at $12 price points lost money on every order,"If your kitchen, your menu, your couriers and your app are all in-house, every single failure point is yours. In food delivery, that math doesn't work.",$57M,57000000.00,110000000.00,175,"Greylock Partners, Accel Partners, Social+Capital, Battery Ventures",https://ideaproof.io/failure/sprig-food
Bright Health,Bright Health,bright-health,United States,United States,Health Insurance,Fintech & insurance,Mega,mega,2016,2023,7,Other,13,Catastrophic underwriting losses; forced to sell core insurance business to survive,Disrupting insurance with a tech UX doesn't help if your actuarial models are wrong. Bright underpriced risk by hundreds of millions every year.,$2.4B,2400000000.00,11000000000.00,2800,"Bessemer Venture Partners, NEA, Greenspring, Tiger Global, Blackstone",https://ideaproof.io/failure/bright-health
Opendoor,Opendoor,opendoor-losses,United States,United States,PropTech / iBuying,Real estate,Mega,mega,2014,2022,8,Other,13,Algorithm overpaid for homes in a falling market; lost ~$2B in 2022 alone,"When your business is buying assets and reselling them, mispricing risk by even 2% is catastrophic at scale. Opendoor's algorithm was wrong in exactly the wrong direction.",$1.5B,1500000000.00,20000000000.00,1900,"SoftBank, GV, Khosla Ventures, NEA, Access Industries",https://ideaproof.io/failure/opendoor-losses
23andMe (23andme-decline),23andMe,23andme-decline,United States,United States,Consumer Genomics / Biotech,Healthcare & biotech,Mega,mega,2006,2025,19,Product or execution failed,12,One-time DNA test had no recurring revenue; drug-discovery pivot failed; 2023 data breach destroyed trust,A consumer product without recurring revenue is not a business. 23andMe sold a one-time spit kit to 14M people and never figured out what to do next.,$1.4B,1400000000.00,6000000000.00,800,"Google Ventures, Sequoia, NEA, Johnson & Johnson, Richard Branson",https://ideaproof.io/failure/23andme-decline
Essential Products (essential-phone),Essential Products,essential-phone,United States,United States,Consumer Hardware / Smartphones,Hardware & robotics,Notable,notable,2015,2020,5,Fraud or governance,1,"Late launch, weak reviews, founder scandal, Apple/Samsung/Chinese OEM lock on the premium segment","The premium Android segment is closed. A new entrant needs more than a famous founder and good industrial design — it needs distribution, ecosystem and a roadmap the competition can't beat.",$330M,330000000.00,1000000000.00,120,"Andy Rubin, Tencent, Foxconn, Redpoint Ventures, Amazon Alexa Fund",https://ideaproof.io/failure/essential-phone
Flink,Flink,flink-delivery,Germany,Germany,Q-Commerce / Delivery,Mobility & logistics,Mega,mega,2020,2024,4,Unit economics,7,Burned through capital on the same broken 10-minute delivery model as Gorillas and Getir,"Being the 'last one standing' in a category that doesn't work isn't survival, it's just a slower exit.",$1.3B,1300000000.00,5000000000.00,11000,"Mubadala, Prosus, REWE Group, Bond, DoorDash, Tiger Global",https://ideaproof.io/failure/flink-delivery
Zulily,Zulily,zulily-second-closure,United States,United States,E-commerce / Flash Sales,Commerce & retail,Major,major,2009,2023,14,Acquired or shut by owner,3,Flash-sales model lost to Amazon Prime; two waves of failure ending in liquidation,"If your differentiator is 'cheaper than retail' in a world where Amazon is already cheaper than retail with two-day delivery, you don't have a business.",$138M (pre-IPO) + 2015 sale to QVC,138000000.00,9000000000.00,3300,"Maveron, Andreessen Horowitz, August Capital",https://ideaproof.io/failure/zulily-second-closure
Honestbee,Honestbee,honestbee,Singapore,Other,On-demand/Grocery,Food & grocery,Major,major,2015,2019,4,Unit economics,7,Unsustainable Unit Economics,Singapore's grocery-and-laundry on-demand pioneer expanded across SEA on $75M then ran out of cash with internal allegations of governance failures.,$75M,75000000.00,,,"Formation 8, Pavilion Capital, Brian Koo",https://ideaproof.io/failure/honestbee
iPrice Group (Wind-Down),iPrice Group (Wind-Down),pomelo-pay-troubles,Singapore,Other,E-commerce/Aggregator,Commerce & retail,Notable,notable,2014,2023,9,Unit economics,7,Margin Compression & SEO Risk,"SEA price-comparison aggregator iPrice raised US$25M then largely wound down as marketplaces (Lazada, Shopee) cut affiliate payouts.",$25M,25000000.00,,,"Line Ventures, Asia Venture Group, Gobi Partners",https://ideaproof.io/failure/pomelo-pay-troubles
Vouch (Wind-Down),Vouch (Wind-Down),vouch-singapore,Singapore,Other,Hospitality/SaaS,Healthcare & biotech,Notable,notable,2016,2023,7,"Macro, timing, or shock",5,Post-COVID Demand & Margin,Singapore hotel-SaaS Vouch raised US$11M then wound down as Asian hotel-tech budgets failed to recover post-COVID.,$11M,11000000.00,,,"Wavemaker Partners, Pavilion Capital",https://ideaproof.io/failure/vouch-singapore
Carousell (Down Round & Layoffs),Carousell (Down Round & Layoffs),carousell-down-round,Singapore,Other,Marketplace,Commerce & retail,Notable,notable,2012,2023,11,Unit economics,7,Path to Profitability Pressure,Singapore unicorn Carousell laid off 10% of staff and accepted flat/down rounds as classifieds margins remained elusive.,$400M,400000000.00,1100000000.00,,"Naver, STIC Investments, Telenor",https://ideaproof.io/failure/carousell-down-round
Mfine Singapore (Wind-Down),Mfine Singapore (Wind-Down),tradedepot-failure,Singapore,Other,Healthtech,Healthcare & biotech,Notable,notable,2017,2023,6,"Macro, timing, or shock",5,Post-COVID Demand Collapse,Singapore-headquartered telehealth Mfine raised US$60M during COVID then heavily downsized as Asian telehealth demand normalized.,$60M,60000000.00,,,"SBI Investment, Beenext, Stellaris Venture Partners",https://ideaproof.io/failure/tradedepot-failure
Vroom (vroom),Vroom,vroom,United States,United States,AutoTech/E-commerce,Commerce & retail,Major,major,2013,2024,11,Unit economics,7,Unit economics never worked online,"Selling used cars fully online sounds like a Carvana copy — but without the reconditioning throughput, it's just an unprofitable middleman.",$720M,720000000.00,5000000000.00,3900,"T. Rowe Price, General Catalyst, L Catterton, AutoNation",https://ideaproof.io/failure/vroom
Casper Sleep,Casper Sleep,casper,United States,United States,DTC/Consumer,Commerce & retail,Major,major,2014,2022,8,Outcompeted,6,CAC caught up with LTV in a commodity category,A DTC 'lifestyle brand' becomes a mattress retailer the moment Facebook CPMs rise and 200 copycats appear.,$340M,340000000.00,1100000000.00,650,"IVP, NEA, Norwest, Lerer Hippeau, Target",https://ideaproof.io/failure/casper
Wag!,Wag!,wag-labs,United States,United States,Marketplace/Pet,Commerce & retail,Notable,notable,2015,2024,9,Other,13,Two-sided marketplace beaten by Rover,"SoftBank capital can subsidize demand, but not fix a marketplace losing to a better-loved incumbent.",$361M,361000000.00,650000000.00,250,"SoftBank Vision Fund, General Catalyst, Sherpa Capital",https://ideaproof.io/failure/wag-labs
Blue Apron,Blue Apron,blue-apron,United States,United States,Meal Kits/DTC,Food & grocery,Major,major,2012,2023,11,Outcompeted,6,Rising CAC and churn in a commodity category,A subscription business only works when reactivation is cheaper than acquisition — meal kits proved neither.,$194M (pre-IPO),194000000.00,1900000000.00,5000,"Bessemer, First Round, Fidelity, Stripes",https://ideaproof.io/failure/blue-apron
Groupon (groupon),Groupon,groupon,United States,United States,E-commerce/Marketplace,Commerce & retail,Mega,mega,2008,2024,16,Other,13,Daily-deals model was structurally deflationary,Selling merchants deep discounts trains customers to expect them and burns brand equity twice.,$1.35B (pre-IPO),1350000000.00,16600000000.00,12000,"Accel, NEA, Kleiner Perkins, DST Global, Andreessen Horowitz",https://ideaproof.io/failure/groupon
Zume,Zume,zume-pizza,United States,United States,FoodTech/Robotics,Food & grocery,Major,major,2015,2023,8,Other,13,Robot pizza that never worked,"SoftBank writing a $375M check does not mean the product exists — hardware, mobility and food safety all must actually work.",$500M+,500000000.00,2250000000.00,300,SoftBank Vision Fund,https://ideaproof.io/failure/zume-pizza
Anki,Anki,anki,United States,United States,Consumer Robotics,Hardware & robotics,Notable,notable,2010,2019,9,Unit economics,7,Consumer robotics burn out cash before scale,Beloved products die when a follow-on round doesn't close — consumer hardware needs 3+ years of runway per SKU.,$200M,200000000.00,1000000000.00,200,"Andreessen Horowitz, Index Ventures, Two Sigma",https://ideaproof.io/failure/anki
Essential Products (essential-products),Essential Products,essential-products,United States,United States,Consumer Electronics,Hardware & robotics,Notable,notable,2015,2020,5,Other,13,Late launch into a saturated smartphone market,'Android founder makes new Android phone' isn't a value proposition to consumers — Samsung and Apple already own the shelf.,$330M,330000000.00,1000000000.00,120,"Redpoint, Access Technology Ventures, Tencent, Foxconn, Amazon",https://ideaproof.io/failure/essential-products
Coolest Cooler,Coolest Cooler,coolest-cooler,United States,United States,Consumer Products,Commerce & retail,Notable,notable,2014,2019,5,Other,13,Crowdfunding record couldn't overcome manufacturing math,A wildly successful Kickstarter can lock you into a per-unit price that guarantees losing money on every backer reward.,$13.3M (Kickstarter) + $6M outside,13300000.00,,50,"36,000+ Kickstarter backers",https://ideaproof.io/failure/coolest-cooler
Juul Labs,Juul Labs,juul-labs,United States,United States,Consumer/Vaping,Commerce & retail,Mega,mega,2015,2022,7,Regulatory or legal,2,Regulatory and litigation collapse of youth-vaping business,"If your growth relies on regulatory ambiguity and teen usage, the reckoning is only a matter of time — and it destroys everything.",$14B+ (incl. Altria),14000000000.00,38000000000.00,3900,"Altria (35% stake at $12.8B), Fidelity, Tiger Global",https://ideaproof.io/failure/juul-labs
Hampton Creek / JUST,Hampton Creek / JUST,hampton-creek,United States,United States,FoodTech,Food & grocery,Notable,notable,2011,2017,6,Fraud or governance,1,Governance scandal and mass board resignation,"When the board resigns en masse, the story is not the product — it's the founder.",$220M,220000000.00,1100000000.00,200,"Khosla Ventures, Horizons Ventures, Founders Fund",https://ideaproof.io/failure/hampton-creek
Powa Technologies,Powa Technologies,powa-technologies,United Kingdom,United Kingdom,Payments/Retail Tech,Fintech & insurance,Major,major,2007,2016,9,Other,13,Growth theater masking near-zero revenue,A $2.7B valuation on nine-figure funding is worthless if the underlying revenue was closer to $4M than $40M.,$225M,225000000.00,2700000000.00,200,"Wellington Management, Otigo, ChinaNet Online Holdings",https://ideaproof.io/failure/powa-technologies
Made.com,Made.com,made-com,United Kingdom,United Kingdom,Furniture/DTC,Commerce & retail,Major,major,2010,2022,12,"Macro, timing, or shock",5,Long lead times and inflation broke the model,A working-capital-intensive furniture business collapses instantly when shipping costs 5x and consumer demand halves.,$100M (pre-IPO),100000000.00,775000000.00,700,"Level Equity, PROfounders, Partech",https://ideaproof.io/failure/made-com
Clinkle,Clinkle,clinkle,United States,United States,Fintech/Payments,Fintech & insurance,Notable,notable,2011,2017,6,Fraud or governance,1,Hype and founder drama with no shipping product,A record seed round is a liability if you can't ship — every month past launch date compounds distrust.,$30M+,30000000.00,,60,"Andreessen Horowitz, Peter Thiel, Marc Benioff, Richard Branson",https://ideaproof.io/failure/clinkle
Shyp,Shyp,shyp,United States,United States,Logistics/On-demand,Mobility & logistics,Notable,notable,2013,2018,5,"Macro, timing, or shock",5,$5 flat rate priced below true cost,"Charging a flat $5 to pick up, pack and ship anything guarantees losing money — you just don't know how much until you're big enough to matter.",$62M,62000000.00,250000000.00,210,"Kleiner Perkins, Sherpa Ventures, Homebrew",https://ideaproof.io/failure/shyp
Aereo,Aereo,aereo,United States,United States,Media/Streaming,Media & social,Notable,notable,2010,2014,4,Other,13,Supreme Court ruling killed the business overnight,"If your entire business depends on a legal loophole, one Supreme Court decision is a company-ending event.",$97M,97000000.00,400000000.00,100,"IAC (Barry Diller), Highland Capital, FirstMark Capital",https://ideaproof.io/failure/aereo
Jibo (jibo),Jibo,jibo,United States,United States,Consumer Robotics,Hardware & robotics,Notable,notable,2012,2019,7,Outcompeted,6,Late shipment into a $199 Amazon Echo world,"If your $899 product ships three years late into a category defined by a $199 competitor, the reviews don't save you.",$72M,72000000.00,100000000.00,100,"RRE Ventures, CRV, Fenox, Osage University",https://ideaproof.io/failure/jibo
The Messenger (the-messenger),The Messenger,the-messenger,United States,United States,Digital Media/News,Media & social,Notable,notable,2023,2024,1,Other,13,Ad-supported news at scale is not a business in 2024,Launching a general-interest news brand in a Google/Facebook duopoly and betting on programmatic ads is a nine-figure bet on a dying model.,$50M,50000000.00,,300,Jimmy Finkelstein and other private backers,https://ideaproof.io/failure/the-messenger
Vine (vine),Vine,vine,United States,United States,Social/Video,Media & social,Major,major,2012,2017,5,Acquired or shut by owner,3,Parent company neglect while TikTok caught up,Being acquired by a distracted parent can be worse than shutting down — you die slowly with a bigger audience watching.,Acquired pre-launch by Twitter for $30M,30000000.00,1000000000.00,40,Twitter (acquirer),https://ideaproof.io/failure/vine
Cazoo (cazoo),Cazoo,cazoo,United Kingdom,United Kingdom,AutoTech/E-commerce,Commerce & retail,Mega,mega,2018,2024,6,Public-market collapse,4,SPAC-fueled expansion into a car market that didn't work online,The UK's biggest DTC unicorn couldn't overcome the reality that Britons still want to sit in a car before buying it.,$2B+,2000000000.00,8000000000.00,4500,"General Catalyst, D1 Capital, DST, Fidelity, Draper Esprit",https://ideaproof.io/failure/cazoo
Babylon Health,Babylon Health,babylon-health,United Kingdom,United Kingdom,HealthTech/Telemedicine,Healthcare & biotech,Mega,mega,2013,2023,10,Other,13,US value-based care expansion buried the AI-triage story,Buying a US value-based-care book of business is a very expensive way to prove your AI triage isn't the business.,$1.2B+,1200000000.00,4200000000.00,3200,"Kinnevik, Vostok New Ventures, PIF, ERGO Group",https://ideaproof.io/failure/babylon-health
Britishvolt,Britishvolt,britishvolt,United Kingdom,United Kingdom,CleanTech/Batteries,Energy & climate,Major,major,2019,2023,4,Other,13,Gigafactory ambition without customers or expertise,Announcing a £3.8B gigafactory before signing OEM offtake is theater — and theater doesn't fund payroll.,$400M+,400000000.00,1000000000.00,300,"Glencore, Ashtead, private investors",https://ideaproof.io/failure/britishvolt
OVO Mobile,OVO Mobile,ovo-mobile,United Kingdom,United Kingdom,Telecom/MVNO,Media & social,Notable,notable,2015,2024,9,Unit economics,7,MVNO margins can't survive UK price wars,"Selling mobile plans as a UK MVNO means competing with EE, O2 and Sky at their marginal cost of a SIM — an unwinnable game.",~$40M,40000000.00,100000000.00,80,Private and strategic UK investors,https://ideaproof.io/failure/ovo-mobile
Deliveroo Australia,Deliveroo Australia,deliveroo-australia,UK/Australia,Other,Food Delivery,Food & grocery,Major,major,2015,2022,7,Other,13,Third-place player exit in three-cornered market,"In a three-cornered marketplace, third place doesn't earn profit — it earns the exit press release.",Part of Deliveroo Group's $1.8B+,1800000000.00,,120,"Amazon (parent-level), Deliveroo Group public shareholders",https://ideaproof.io/failure/deliveroo-australia
Sidecar (sidecar-rideshare),Sidecar,sidecar-rideshare,United States,United States,Rideshare/Delivery,Mobility & logistics,Notable,notable,2011,2015,4,Other,13,Outspent by Uber and Lyft in the same city,Being first in a marketplace doesn't help if two better-funded competitors can subsidize both sides longer than you can.,$39M,39000000.00,100000000.00,90,"Google Ventures, Union Square Ventures, Lightspeed",https://ideaproof.io/failure/sidecar-rideshare
WeWork,WeWork,wework,United States,United States,Real Estate/Coworking,Real estate,Mega,mega,2010,2023,13,Fraud or governance,1,Overvaluation & Governance Failure,Confusing a real estate arbitrage business for a tech company enabled a $47B fantasy valuation that collapsed to bankruptcy in 4 years.,$22B+,22000000000.00,47000000000.00,15000,"SoftBank, Benchmark, JP Morgan, T. Rowe Price, Fidelity",https://ideaproof.io/failure/wework
Theranos,Theranos,theranos,United States,United States,HealthTech/Biotech,Healthcare & biotech,Mega,mega,2003,2018,15,Fraud or governance,1,Fraud & Technology That Never Worked,Silicon Valley 'fake it till you make it' collapses on contact with regulated healthcare — biological reality does not bend to press releases.,$945M,945000000.00,9000000000.00,800,"Rupert Murdoch, Betsy DeVos, Walton family, Larry Ellison, Tim Draper",https://ideaproof.io/failure/theranos
Quibi,Quibi,quibi,United States,United States,Media/Streaming,Media & social,Mega,mega,2018,2020,2,No market need,10,No Product-Market Fit,Raising $1.75B before shipping guarantees you build the wrong product with no way to pivot.,$1.75B,1750000000.00,1750000000.00,,"Disney, Alibaba, NBCUniversal, Sony, Viacom, JP Morgan, Goldman Sachs",https://ideaproof.io/failure/quibi
Juicero,Juicero,juicero,United States,United States,Consumer Hardware,Hardware & robotics,Notable,notable,2013,2017,4,No market need,10,Solution In Search Of a Problem,A $400 WiFi-enabled press for juice packs you can squeeze by hand isn't innovation — it's the parody of Silicon Valley excess.,$118.5M,118500000.00,270000000.00,175,"Kleiner Perkins, Google Ventures, Campbell Soup",https://ideaproof.io/failure/juicero
MoviePass,MoviePass,moviepass,United States,United States,Entertainment/SaaS,Media & social,Major,major,2011,2020,9,Unit economics,7,Unsustainable Unit Economics,Charging $9.95/month for a benefit that cost ~$40/month per user was not growth — it was subsidized customer acquisition at company-lethal scale.,$100M+,100000000.00,800000000.00,,Helios and Matheson Analytics (parent),https://ideaproof.io/failure/moviepass
Pets.com,Pets.com,pets-com,United States,United States,E-commerce/Pet,Commerce & retail,Major,major,1998,2000,2,Other,13,Dot-Com Era Overexpansion,Selling 20lb bags of dog food below cost with free shipping in 1999 was less a business than a marketing budget with legs.,$110M,110000000.00,300000000.00,,"Amazon, Hummer Winblad Venture Partners",https://ideaproof.io/failure/pets-com
Webvan,Webvan,webvan,United States,United States,E-commerce/Grocery,Food & grocery,Mega,mega,1996,2001,5,No market need,10,Overexpansion Ahead of Demand,Building 26 automated warehouses before proving one worked is the textbook dot-com self-immolation.,$800M,800000000.00,8700000000.00,,"Sequoia, Benchmark, Softbank, Goldman Sachs, Yahoo",https://ideaproof.io/failure/webvan
Solyndra,Solyndra,solyndra,United States,United States,CleanTech/Solar,Energy & climate,Mega,mega,2005,2011,6,Unit economics,7,Cost Curve Beat by Chinese Silicon,Betting a hardware startup on commodity prices staying high is a bet against manufacturing gravity — Chinese silicon PV crushed the math.,$1.1B (incl. $535M DOE loan),1100000000.00,2000000000.00,1100,"US DOE, Argonaut Private Equity, Redpoint, USVP",https://ideaproof.io/failure/solyndra
Jawbone,Jawbone,jawbone,United States,United States,Consumer Hardware/Wearables,Hardware & robotics,Mega,mega,1999,2017,18,Outcompeted,6,"Outcompeted by Apple, Fitbit and Xiaomi","Raising $930M as a consumer hardware company chasing three losing categories (Bluetooth headsets, speakers, wearables) is a lesson in strategic drift.",$930M,930000000.00,3200000000.00,550,"Andreessen Horowitz, Sequoia, Khosla, Kleiner Perkins",https://ideaproof.io/failure/jawbone
Homejoy,Homejoy,homejoy,United States,United States,On-Demand/Services,Software & AI,Major,major,2010,2015,5,Unit economics,7,Bad Unit Economics + Worker Misclassification,"Subsidizing house cleaning at $19 introductory prices attracts one-time users, not a repeat customer base.",$40M,40000000.00,200000000.00,,"Google Ventures, Redpoint, First Round, Andreessen Horowitz",https://ideaproof.io/failure/homejoy
Beepi,Beepi,beepi,United States,United States,Automotive/Marketplace,Mobility & logistics,Major,major,2013,2017,4,Unit economics,7,Overspending + Poor Unit Economics,Renting a $1.5M office and paying employees Tesla lease bonuses before proving margins is how you incinerate $149M.,$149M,149000000.00,560000000.00,,"Foundation Capital, SherpaVentures, Fabrice Grinda",https://ideaproof.io/failure/beepi
Munchery,Munchery,munchery,United States,United States,Food Delivery,Food & grocery,Major,major,2010,2019,9,Unit economics,7,Poor Unit Economics + Massive Food Waste,Cooking meals speculatively for hoped-for orders throws real food in the trash for hypothetical revenue.,$125M,125000000.00,300000000.00,,"Menlo Ventures, Sherpa Capital, Sherpa Ventures",https://ideaproof.io/failure/munchery
Kozmo.com,Kozmo.com,kozmo,United States,United States,Delivery/Convenience,Mobility & logistics,Major,major,1998,2001,3,Other,13,Free 1-Hour Delivery of $3 Items,Free 1-hour delivery of a Snickers bar was never a business — it was an era.,$280M,280000000.00,500000000.00,,"Amazon, Starbucks, Softbank, Chase Capital Partners",https://ideaproof.io/failure/kozmo
Boo.com,Boo.com,boo-com,United Kingdom,United Kingdom,E-commerce/Fashion,Commerce & retail,Major,major,1999,2000,1,"Macro, timing, or shock",5,Premature Global Launch + Overbuilt Tech,Launching in 18 countries and 7 languages simultaneously with rich 3D on 56k modems in 1999 is dot-com hubris in one sentence.,$135M,135000000.00,390000000.00,,"JP Morgan, Bain Capital, Bernard Arnault, Benetton",https://ideaproof.io/failure/boo-com
Fab.com,Fab.com,fab-com,United States,United States,E-commerce/Design,Software & AI,Major,major,2010,2015,5,Product or execution failed,12,Pivot Whiplash + Discount Addiction,Pivoting from a gay social network to flash-sale design retailer to full-price marketplace to just-sell-us-please burns capital and customer trust.,$336M,336000000.00,1000000000.00,700,"Andreessen Horowitz, Tencent, Menlo Ventures, Baroda Ventures",https://ideaproof.io/failure/fab-com
Rdio,Rdio,rdio,United States,United States,Music Streaming,Media & social,Major,major,2010,2015,5,Other,13,Outmarketed by Spotify,Better UI and taste didn't outweigh Spotify's distribution deal with Facebook and freemium acquisition machine.,$125M,125000000.00,500000000.00,,"Skype founders Janus Friis and Niklas Zennström, Mangrove Capital",https://ideaproof.io/failure/rdio
Napster (1999),Napster (1999),napster-original,United States,United States,Music/P2P,Media & social,Major,major,1999,2002,3,Other,13,Legal Injunctions Killed Product,Building a business on the world's largest infringement of copyrighted music was operating below the law until the law caught up.,$130M,130000000.00,1000000000.00,,"Hummer Winblad, Bertelsmann",https://ideaproof.io/failure/napster-original
Katerra,Katerra,katerra,United States,United States,Construction Tech,Real estate,Mega,mega,2015,2021,6,Other,13,Vertical Integration Overreach,Trying to redesign every step of a construction supply chain simultaneously guarantees losing money on every step.,$2B,2000000000.00,4000000000.00,8000,"SoftBank Vision Fund, Foxconn, Greenoaks",https://ideaproof.io/failure/katerra
Convoy (convoy),Convoy,convoy,United States,United States,Freight/Marketplace,Mobility & logistics,Mega,mega,2015,2023,8,"Macro, timing, or shock",5,Freight Recession Killed Take Rates,Freight brokerage is a commodity margin business — a $3.8B valuation required a bull market that didn't come.,$1.1B,1100000000.00,3800000000.00,,"Generation Investment, Baillie Gifford, Bezos Expeditions, Y Combinator",https://ideaproof.io/failure/convoy
Fast,Fast,fast-app,United States,United States,Fintech/Checkout,Fintech & insurance,Major,major,2019,2022,3,Fraud or governance,1,Revenue Miss + Founder Spending,A $124M-funded checkout startup with $600k annual revenue is a marketing budget with press releases.,$124M,124000000.00,500000000.00,,"Stripe, Index Ventures",https://ideaproof.io/failure/fast-app
Blockbuster,Blockbuster,blockbuster,United States,United States,Retail/Entertainment,Media & social,Mega,mega,1985,2010,25,Other,13,Disrupted by Netflix + Streaming,Turning down a $50M offer to buy Netflix in 2000 goes in the textbook next to Blockbuster's Chapter 11 filing.,Public company,1500000000.00,8400000000.00,84300,Public markets; Viacom (parent 1994-2004),https://ideaproof.io/failure/blockbuster
Toys 'R' Us,Toys 'R' Us,toys-r-us,United States,United States,Retail,Commerce & retail,Mega,mega,,2018,,Outcompeted,6,LBO Debt + Amazon Disruption,A $6.6B leveraged buyout in 2005 saddled Toys R Us with $400M annual interest right as Amazon began eating retail.,Public + PE LBO,6600000000.00,11000000000.00,64000,KKR/Bain/Vornado LBO 2005,https://ideaproof.io/failure/toys-r-us
Digg,Digg,digg,United States,United States,Social/Media,Media & social,Notable,notable,2004,2012,8,Other,13,Botched v4 Redesign,A community-first product rebuilt against user protest can lose 50% of active users in a month.,$45M,45000000.00,200000000.00,,"Highland Capital, Greylock, Omidyar Network",https://ideaproof.io/failure/digg
Grooveshark,Grooveshark,grooveshark,United States,United States,Music Streaming,Media & social,Notable,notable,2006,2015,9,Other,13,Copyright Litigation,Uploading unlicensed music to your own service and then arguing DMCA safe harbor never survives contact with major labels.,$1M,1000000.00,,,Small angels,https://ideaproof.io/failure/grooveshark
Yik Yak (yik-yak),Yik Yak,yik-yak,United States,United States,Social/Anonymous,Media & social,Notable,notable,2013,2017,4,Other,13,Anonymity Enabled Abuse; Removed = No Product,Anonymous location-based apps generate viral growth and abusive content at the same rate — moderation costs became existential.,$74M,74000000.00,400000000.00,,"Sequoia, DCM, Azure Capital, Renren",https://ideaproof.io/failure/yik-yak
Segway (2001-2020),Segway (2001-2020),segway-inc,United States,United States,Personal Transportation,Mobility & logistics,Major,major,1999,2020,21,Other,13,Hype vs Reality Gap,"A product Steve Jobs said would 'reshape cities' at $5,000 apiece sold fewer units in a decade than iPhones do in a day.",$100M+,100000000.00,,,"Kleiner Perkins, Credit Suisse First Boston",https://ideaproof.io/failure/segway-inc
Path (path),Path,path,United States,United States,Social Networking,Media & social,Notable,notable,2010,2018,8,Outcompeted,6,Failed to Grow Against Facebook + Instagram,A private social network capped at 150 friends couldn't beat Facebook's unlimited graph or Instagram's public content.,$74M,74000000.00,500000000.00,,"Kleiner Perkins, Index, Redpoint",https://ideaproof.io/failure/path
Secret,Secret,secret-app,United States,United States,Social/Anonymous,Media & social,Notable,notable,2013,2015,2,Fraud or governance,1,Anonymity Turned Toxic Fast,An anonymous app that raised $25M with insiders selling secondary shares before the growth story broke — then burned out in 16 months.,$35M,35000000.00,100000000.00,,"Google Ventures, Kleiner Perkins, Index",https://ideaproof.io/failure/secret-app
MySpace,MySpace,myspace,United States,United States,Social Networking,Media & social,Major,major,2003,2011,8,Outcompeted,6,Culture + Product Failure vs Facebook,News Corp bought MySpace for $580M in 2005 and sold it for $35M in 2011 — a 94% loss and Rupert Murdoch's biggest internet miss.,News Corp $580M acq,580000000.00,12000000000.00,,News Corp (acquirer 2005),https://ideaproof.io/failure/myspace
Friendster (friendster),Friendster,friendster,United States,United States,Social Networking,Media & social,Notable,notable,2002,2015,13,Unit economics,7,Technical Debt + Focus Loss,"Friendster invented the social graph and pivoted to gaming, then to social discovery, then died — while MySpace and Facebook won.",$50M,50000000.00,500000000.00,,"Kleiner Perkins, Benchmark",https://ideaproof.io/failure/friendster
The Messenger (compass-coffee),The Messenger,compass-coffee,United States,United States,Media/News,Media & social,Recent,recent,2023,2024,1,Monetization,11,Ad Revenue Miss + Executive Overhire,"Jimmy Finkelstein's centrist news site raised $50M in 2023, hired 275 people, and closed 10 months later after ~$25M revenue.",$50M,50000000.00,,,"Josh Kushner-backed, ex-Newsmax execs",https://ideaproof.io/failure/compass-coffee
Byte / Clash,Byte / Clash,byte-app,United States,United States,Social/Video,Media & social,Recent,recent,2019,2023,4,Other,13,TikTok Owned the Category,Vine's founder Dom Hofmann tried twice to revive short-form video against TikTok and lost both times.,$5M+,5000000.00,,,Independent + Betaworks,https://ideaproof.io/failure/byte-app
Google+ (google-plus),Google+,google-plus,United States,United States,Social Networking,Media & social,Major,major,2011,2019,8,Other,13,Ghost Town + Data Breach,A social network that measured success by force-integration with Gmail rather than user desire folded after one preventable API breach.,Internal Google,,,,Google (internal),https://ideaproof.io/failure/google-plus
GhostRuck / Zirx / others,GhostRuck / Zirx / others,ghostruck,United States,United States,On-Demand Parking/Delivery,Mobility & logistics,Notable,notable,2013,2016,3,No market need,10,On-Demand Boom Bust,"The 2015 'uber-for-X' cohort — Zirx (parking), GhostRuck (moving), Prim (laundry) — collapsed together as SoftBank money receded.",$45M+,45000000.00,,,"Trinity, DFJ, Bessemer",https://ideaproof.io/failure/ghostruck
Cue Health (theranos-doorway),Cue Health,theranos-doorway,United States,United States,HealthTech/Diagnostics,Healthcare & biotech,Recent,recent,2010,2024,14,"Macro, timing, or shock",5,Post-COVID Demand Collapse + FDA Warning,COVID-era demand for at-home testing masked a diagnostics business without a real everyday use case.,$700M+,700000000.00,2400000000.00,,"Koch Disruptive Technologies, ACME Capital, Decheng Capital",https://ideaproof.io/failure/theranos-doorway
Brandless,Brandless,brandless,United States,United States,E-commerce/Consumer,Commerce & retail,Major,major,2016,2020,4,Unit economics,7,Poor Repeat + High CAC,Selling everything for $3 doesn't scale a consumer packaged goods business — it just discounts the CAC into oblivion.,$292M,292000000.00,500000000.00,,"SoftBank, GV, Redpoint, NEA",https://ideaproof.io/failure/brandless
Scoot Networks,Scoot Networks,scoot-networks,United States,United States,Mobility/Scooter,Mobility & logistics,Notable,notable,2011,2020,9,Acquired or shut by owner,3,Unit Economics + Acquisition Whiplash,Bird acquired Scoot for $25M in 2019 and shuttered US operations 2020 amid COVID — completing the on-demand mobility collapse.,$47M,47000000.00,100000000.00,,"Vision Ridge Partners, Scott Banister",https://ideaproof.io/failure/scoot-networks
Better Place,Better Place,nuvia-oops,Israel/USA,Other,CleanTech/EV,Mobility & logistics,Mega,mega,2007,2013,6,Unit economics,7,Battery-Swap Model Failed,"A $200,000-per-station battery-swap network needed EV volumes that Nissan Leaf and one Renault deal couldn't produce.",$850M,850000000.00,2250000000.00,,"HSBC, Morgan Stanley, VantagePoint",https://ideaproof.io/failure/nuvia-oops
Nikola Motors,Nikola Motors,nikola-motors,United States,United States,EV/Trucking,Mobility & logistics,Mega,mega,2015,2025,10,Fraud or governance,1,Founder Fraud + Product Delays,Trevor Milton's rolling-truck video demo turned into a securities fraud conviction and a company bankruptcy five years later.,$2B+,2000000000.00,34000000000.00,,VectoIQ SPAC public,https://ideaproof.io/failure/nikola-motors
Juul (partial),Juul (partial),juul-recall,United States,United States,Consumer/Vape,Commerce & retail,Mega,mega,2015,2022,7,Other,13,FDA Marketing Denial + Litigation,A $38B startup that had Altria buy 35% for $12.8B and then wrote it down to zero as FDA restricted marketing.,$14B raised/valuation loss,14000000000.00,38000000000.00,,Altria (35% stake $12.8B),https://ideaproof.io/failure/juul-recall
Alikolo,Alikolo,alikolo,Indonesia,Indonesia,e-Commerce,Commerce & retail,Notable,notable,2014,2015,1,Other,13,Lack of vision and experience,"Founders must maintain a clear vision, understand their competitive advantage, and retain sufficient ownership to steer the company's direction and secure future funding.",$100K,100000.00,,,Unknown,https://ideaproof.io/failure/alikolo
Appiterate,Appiterate,appiterate,United States,United States,Marketing/Mobile Marketing,Software & AI,Notable,notable,2013,2015,2,Acquired or shut by owner,3,Acquired by larger company,"Successful acquisition can be a positive outcome for a startup, especially when a larger company sees value in its specialized technology and market position to expand its own offerings.",$500K,500000.00,,,Unknown,https://ideaproof.io/failure/appiterate
37Coins,37Coins,37coins,United States,United States,Finances/Bitcoin Technologies,Crypto,Notable,notable,2014,2015,1,Other,13,"Lack of funds, unreliable technology","Even with an innovative idea, inadequate capital and challenges in core technology implementation can quickly lead to a startup's demise.",$525K,525000.00,,,Unknown,https://ideaproof.io/failure/37coins
Admazely,Admazely,admazely,Denmark,Other,Marketing,Software & AI,Notable,notable,2011,2013,2,Other,13,"Lack of funds, key team departures","Securing sufficient funding and retaining key talent are crucial for a startup's survival, especially in the early stages.",$600K,600000.00,,,Unknown,https://ideaproof.io/failure/admazely
Aria Insights,Aria Insights,aria-insights,United States,United States,Software & Hardware,Hardware & robotics,Major,major,2008,2019,11,Fraud or governance,1,"Ahead of market demand, founder departure","Don't build solutions for problems that don't exist on a large enough scale for monetization, and be wary of significant strategic pivots.",$39M,39000000.00,,,Unknown,https://ideaproof.io/failure/aria-insights
ArsDigita,ArsDigita,arsdigita,United States,United States,e-Commerce,Commerce & retail,Major,major,1997,2001,4,Fraud or governance,1,"Inexperienced leadership, mismanagement, misguided product changes","Founders must maintain control and strategic vision, especially when bringing in external leadership, to avoid losing focus on core strengths and mismanaging resources.",$35M,35000000.00,,,Unknown,https://ideaproof.io/failure/arsdigita
BitPass,BitPass,bitpass,United States,United States,Finances/Micropayments,Fintech & insurance,Notable,notable,2002,2007,5,Outcompeted,6,Unable to compete with free alternatives,"Disruptive technology with a strong value proposition can quickly render established business models obsolete, especially when free alternatives emerge.",$13.3M,13300000.00,,,Unknown,https://ideaproof.io/failure/bitpass
Brisk,Brisk,brisk,Sweden,Other,Marketing,Software & AI,Notable,notable,2012,2016,4,Product or execution failed,12,"Lack of focus, unclear market fit",Broad customization and failing to define a clear customer persona led to product unfocus and ultimately prevented Brisk from finding a sustainable market fit.,$137K,137000.00,,,Unknown,https://ideaproof.io/failure/brisk
Call9,Call9,call9,United States,United States,Health,Healthcare & biotech,Major,major,2015,2019,4,Unit economics,7,"Unsustainable business model, rapid expansion","A novel business model requiring significant behavioral change in a regulated industry like healthcare, especially one that directly impacts physician compensation, faces immense uphill battles and requires robust financial planning.",$34M,34000000.00,,,Unknown,https://ideaproof.io/failure/call9
Argyle Social,Argyle Social,argyle-social,United States,United States,Marketing,Software & AI,Notable,notable,2010,2014,4,Outcompeted,6,"Intense competition, insufficient funding, API changes","Even with a good product, intense competition and external platform changes can quickly deplete resources and lead to failure without sufficient funding or effective adaptation.",$1.6M,1600000.00,,,Unknown,https://ideaproof.io/failure/argyle-social
Auctionata,Auctionata,auctionata,Germany,Germany,e-Commerce,Commerce & retail,Major,major,2012,2017,5,Fraud or governance,1,"Legal challenges, unethical practices, mismanagement","Ethical conduct and transparent management are crucial for long-term trust and investor confidence, as a lack thereof can lead to legal issues and ultimately, business failure.",$95.5M,95500000.00,,,Unknown,https://ideaproof.io/failure/auctionata
99dresses,99dresses,99dresses,Australia,Australia,e-Commerce,Commerce & retail,Notable,notable,2010,2014,4,Unit economics,7,"Low revenue, technical debt, poor management",Early-stage startups need to ensure a viable business model from the start and prepare for necessary technical and management growth to sustain operations and scale effectively.,$105.7K,105700.00,,,Unknown,https://ideaproof.io/failure/99dresses
Circa,Circa,circa,United States,United States,News/Mobile App,Media & social,Notable,notable,2011,2015,4,Unit economics,7,"Lack of funds, unsustainable model","Even innovative news models struggle without a clear, sustainable revenue path, especially when giants can easily replicate and outcompete with established resources.",$4.7M,4700000.00,,,Unknown,https://ideaproof.io/failure/circa
Crowdmix,Crowdmix,crowdmix,United Kingdom,United Kingdom,Music,Media & social,Notable,notable,2013,2016,3,Fraud or governance,1,"Mismanagement of funds, lack of vision","Extravagant spending and lack of product focus can quickly deplete funds, even with significant investment.",£14M,14000000.00,,,Unknown,https://ideaproof.io/failure/crowdmix
Desti,Desti,desti,United States,United States,Travel,Mobility & logistics,Notable,notable,2011,2014,3,Other,13,Bad business model with poor revenue generation,"Even innovative technology needs a strong, viable business model to generate revenue and survive against established competitors.",$2M,2000000.00,,,Unknown,https://ideaproof.io/failure/desti
Design Inc.,Design Inc.,design-inc,United States,United States,Design,Software & AI,Notable,notable,2016,2017,1,Other,13,"Bad business model, market saturation","Focus on core business essentials, validate assumptions, and continuously optimize the product while fostering experimentation within the team.",$2.3M,2300000.00,,,Unknown,https://ideaproof.io/failure/design-inc
Berg,Berg,berg,United Kingdom,United Kingdom,IoT / Hardware / Cloud Platform,Hardware & robotics,Notable,notable,2005,2014,9,No market need,10,No market need & high price,Even innovative products require a clear market need and a justifiable price point for sustained success.,$1.3M,1300000.00,,,Unknown,https://ideaproof.io/failure/berg
Delicious,Delicious,delicious,United States,United States,Productivity,Software & AI,Notable,notable,2003,2017,14,Acquired or shut by owner,3,Acquisition Flu,"Acquisition by powerful companies can stifle innovation and lead to neglect, allowing competitors to overtake the market.",No Data,,,,Unknown,https://ideaproof.io/failure/delicious
ChaCha,ChaCha,chacha,United States,United States,Software & Hardware,Hardware & robotics,Major,major,2005,2016,11,Outcompeted,6,"Competition from AI, high costs",Manually intensive services are difficult to scale and compete with algorithmic solutions when technology advances sufficiently.,$96M,96000000.00,,,Unknown,https://ideaproof.io/failure/chacha
dotCloud,dotCloud,dotcloud,United States,United States,Software & Hardware,Hardware & robotics,Notable,notable,2008,2016,8,Acquired or shut by owner,3,"Parent company bankruptcy, unsustainable costs","Even successful pivots like Docker can lead to the original product being divested, and its ultimate fate tied to the financial health of its acquiring company.",$13.7M,13700000.00,,,Unknown,https://ideaproof.io/failure/dotcloud
Dopplr,Dopplr,dopplr,United Kingdom,United Kingdom,Travel/Social Network,Mobility & logistics,Notable,notable,2007,2013,6,Acquired or shut by owner,3,Loss of value post-acquisition,"Acquisitions can sometimes lead to a product's decline if the acquiring company fails to properly integrate or support it, alienating users and halting development.",No Data,,,,Unknown,https://ideaproof.io/failure/dopplr
EventVue,EventVue,eventvue,United States,United States,Community/Events,Media & social,Notable,notable,2007,2010,3,No market need,10,Lack of product-market fit,"Even an engaging product can fail if it's a 'nice-to-have' (vitamin) rather than a 'must-have' (painkiller) solution for its primary customers, and doesn't align with their core business needs.",$455K,455000.00,,,Unknown,https://ideaproof.io/failure/eventvue
Flowtab,Flowtab,flowtab,United States,United States,Food & Beverage,Food & grocery,Notable,notable,2011,2013,2,Other,13,"Bad business model, technological failure","A strong business model and robust technology are crucial for success, especially in high-volume, dynamic environments like hospitality.",Unknown,,,,Unknown,https://ideaproof.io/failure/flowtab
CircleBack Lending,CircleBack Lending,circleback-lending,United States,United States,Finances,Fintech & insurance,Notable,notable,2012,2016,4,Other,13,"Bad business model, unpaid loans","P2P lending faces inherent risks from borrower defaults and challenges in distinguishing itself from traditional banking, requiring robust credit assessment and sustainable business models.",$12M,12000000.00,,,Unknown,https://ideaproof.io/failure/circleback-lending
Fab,Fab,fab,United States,United States,e-Commerce,Commerce & retail,Major,major,2009,2013,4,"Macro, timing, or shock",5,"Premature scaling, losing competitive edge",Premature scaling and attempting to replicate another company's success without a solid domestic foundation can lead to significant financial loss and loss of competitive advantage.,$336.3M,336300000.00,,,Unknown,https://ideaproof.io/failure/fab
Dinner Lab,Dinner Lab,dinner-lab,United States,United States,Food & Beverage,Food & grocery,Notable,notable,2011,2016,5,Unit economics,7,"Unsustainable business model, operational challenges","A novel concept needs a scalable and sustainable business model to succeed, especially in operations-heavy industries where managing numerous variables like staff, locations, and inventory can quickly drain capital and hinder growth.",$9.1M,9100000.00,,,Unknown,https://ideaproof.io/failure/dinner-lab
Gowalla,Gowalla,gowalla,United States,United States,Social Media,Media & social,Notable,notable,2007,2013,6,Outcompeted,6,Lost to Foursquare competition,"Focusing on a few core services and excelling at them is often more effective than trying to do too many things at once, especially when facing strong competition.",$10.4M,10400000.00,,,Unknown,https://ideaproof.io/failure/gowalla
Flud,Flud,flud,United States,United States,Productivity,Software & AI,Notable,notable,2010,2013,3,Outcompeted,6,"Ran out of funding, high competition",Thoroughly test your product and ensure market demand before seeking extensive media coverage to avoid losing credibility due to early technical issues and intense competition.,$3.1M,3100000.00,,,Unknown,https://ideaproof.io/failure/flud
Frankly,Frankly,frankly,India,India,Social Media,Media & social,Notable,notable,2014,2016,2,No market need,10,Lack of product-market fit,"Even with widespread demand for a product type (like video consumption), a startup can fail if it doesn't achieve sustainable product-market fit, especially when video creation is a barrier for users.",$600K,600000.00,,,Unknown,https://ideaproof.io/failure/frankly
Dinnr,Dinnr,dinnr,United Kingdom,United Kingdom,Food & Beverage,Food & grocery,Notable,notable,2012,2014,2,No market need,10,No market need identified,"Thorough market research to validate demand is crucial before launching a product, especially if similar alternatives are readily available.",£60K,60000.00,,,Unknown,https://ideaproof.io/failure/dinnr
FoundationDB,FoundationDB,foundationdb,United States,United States,Software & Hardware,Hardware & robotics,Major,major,2009,2015,6,Acquired or shut by owner,3,Acquired by Apple,"Acquisitions, especially by tech giants, can lead to the discontinuation of products or services that a community heavily relies on, disrupting an ecosystem.",$22.7M,22700000.00,,,Unknown,https://ideaproof.io/failure/foundationdb
Fuhu,Fuhu,fuhu,United States,United States,Software & Hardware,Hardware & robotics,Major,major,2006,2015,9,Fraud or governance,1,Mismanagement of funds and high burn rate,Even highly successful companies with a popular product can fail due to severe financial mismanagement and an inability to replicate initial success.,$66.2M,66200000.00,,,Unknown,https://ideaproof.io/failure/fuhu
Formspring,Formspring,formspring,United States,United States,Social Media,Media & social,Notable,notable,2009,2013,4,Monetization,11,"Cyberbullying, legal challenges, and lack of monetization","Anonymity without accountability can lead to severe issues like cyberbullying and legal challenges, making a platform unsustainable without a strong moderation and monetization strategy.",$14.3M,14300000.00,,,Unknown,https://ideaproof.io/failure/formspring
Glitch,Glitch,glitch,United States,United States,Gaming/MMO,Media & social,Notable,notable,2010,2012,2,Other,13,"Bad business model, low player retention","Even innovative products require a viable business model, strong onboarding, and adaptation to evolving technology to achieve broad market adoption and sustainability.",$12.2M,12200000.00,,,"Andreessen Horowitz, Accel Partners",https://ideaproof.io/failure/glitch
HiGear,HiGear,higear,United States,United States,Transportation,Mobility & logistics,Notable,notable,2011,2011,0,Other,13,Theft and security vulnerabilities,Robust security and fraud prevention measures are critical for peer-to-peer platforms dealing with high-value assets to prevent significant losses and maintain business viability.,$1.3M,1300000.00,,,Unknown,https://ideaproof.io/failure/higear
HitMeUp,HitMeUp,hitmeup,United Kingdom,United Kingdom,e-Commerce,Commerce & retail,Notable,notable,2011,2015,4,No market need,10,"Lack of experience, poor product-market fit",Founders must have or acquire relevant expertise and conduct thorough market validation to ensure product-market fit and effective user acquisition before scaling.,£50K,50000.00,,,Unknown,https://ideaproof.io/failure/hitmeup
HubHaus,HubHaus,hubhaus,United States,United States,Software & Hardware,Hardware & robotics,Notable,notable,2016,2020,4,"Macro, timing, or shock",5,Pandemic and failed Series B,"Even with product-market fit, external macro events like a pandemic or investor sentiment shifts can devastate startups, especially those with thin margins and high growth expectations.",$13.4M,13400000.00,,,Unknown,https://ideaproof.io/failure/hubhaus
HotelsAroundYou,HotelsAroundYou,hotels-around-you,India,India,Travel,Mobility & logistics,Notable,notable,2013,2017,4,Outcompeted,6,Unable to compete with rivals,New market entrants must demonstrate a strong unique value proposition to overcome established competitors and secure investor confidence for growth.,$125.4K,125400.00,,,Unknown,https://ideaproof.io/failure/hotels-around-you
Koinex,Koinex,koinex,India,India,Finances,Fintech & insurance,Notable,notable,2017,2019,2,Regulatory or legal,2,Regulatory ban on cryptocurrency,"Startups operating in nascent and unregulated markets face significant risks from adverse regulatory changes, which can swiftly halt operations and render a business unviable, regardless of initial success.",Unknown,,,,Unknown,https://ideaproof.io/failure/koinex
Kitchit,Kitchit,kitchit,United States,United States,Food & Beverage,Food & grocery,Notable,notable,2011,2016,5,Outcompeted,6,"Intense market competition, low margins",Even popular services in competitive markets need strong profit margins and adaptable strategies to survive against well-funded rivals.,$8.1M,8100000.00,,,Unknown,https://ideaproof.io/failure/kitchit
Kno,Kno,kno,United States,United States,Education Software,Education,Major,major,2009,2013,4,Outcompeted,6,Intense competition from Apple,"Even with significant funding and a good idea, intense competition from market giants can quickly diminish a startup's chances of scaling.",$94.9M,94900000.00,,,Unknown,https://ideaproof.io/failure/kno
Houseparty,Houseparty,houseparty,United States,United States,Social Media,Media & social,Major,major,2011,2021,10,Acquired or shut by owner,3,"Acquired, technology absorbed by Epic Games","Even successful apps can be shut down if they are acquired and their technology is integrated into a larger ecosystem, highlighting the risk of relying on platform-dependent features.",$70.2M,70200000.00,,,Unknown,https://ideaproof.io/failure/houseparty
Kiko,Kiko,kiko,United States,United States,Productivity,Software & AI,Notable,notable,2003,2008,5,Other,13,"Bad management, delayed progress, wrong hires","Focus on your core product, make timely decisions, hire the right team, and involve investors for guidance.",$50K,50000.00,,,Unknown,https://ideaproof.io/failure/kiko
Leap Transit,Leap Transit,leap-transit,United States,United States,Transportation,Mobility & logistics,Notable,notable,2013,2015,2,Regulatory or legal,2,"Regulatory non-compliance, public backlash","Ignoring regulations and local sentiment, even for an innovative service, can lead to swift shutdown and public outcry.",$2.5M,2500000.00,,,Unknown,https://ideaproof.io/failure/leap-transit
LayerVault,LayerVault,layervault,United States,United States,Design,Software & AI,Notable,notable,2011,2014,3,Other,13,"Lack of funds, failed to gain traction","Even with a good product addressing a real need, securing sufficient funding and achieving market traction are critical for long-term survival.",$535K,535000.00,,,Unknown,https://ideaproof.io/failure/layervault
Justin.tv,Justin.tv,justin-tv,United States,United States,Social Media,Media & social,Notable,notable,2007,2014,7,Product or execution failed,12,"Pivoted into Twitch, shut down original","Successful pivots can lead to entirely new, more dominant entities, even if the original brand is retired.",$16.4M,16400000.00,,,Unknown,https://ideaproof.io/failure/justin-tv
Lookery,Lookery,lookery,United States,United States,Marketing,Software & AI,Notable,notable,2007,2009,2,Other,13,Over-reliance on third-party platform,Startups heavily reliant on another platform must diversify or be prepared for changes that could undermine their business model.,$3.2M,3200000.00,,,Unknown,https://ideaproof.io/failure/lookery
Laurel & Wolf,Laurel & Wolf,laurel-and-wolf,United States,United States,e-Commerce,Commerce & retail,Major,major,2014,2019,5,Other,13,"Poor operations, customer service, and culture","Chaotic internal operations, poor customer service, and a toxic work culture, even with significant funding, can lead to a startup's demise.",$25.5M,25500000.00,,,Unknown,https://ideaproof.io/failure/laurel-and-wolf
Move Loot,Move Loot,move-loot,United States,United States,e-Commerce,Commerce & retail,Major,major,2013,2016,3,"Macro, timing, or shock",5,"Bad business model, premature scaling",A strong business model and careful validation are crucial before aggressive scaling; expanding too quickly without profitability can be fatal.,$21.8M,21800000.00,,,Unknown,https://ideaproof.io/failure/move-loot
Moped,Moped,moped,Germany,Germany,Social Media,Media & social,Notable,notable,1998,2014,16,No market need,10,"No market need, outdated content","Even with innovative features, a social app needs consistently fresh and engaging content to attract and retain a broad user base in a competitive market.",$1M,1000000.00,,,Unknown,https://ideaproof.io/failure/moped
Mailbox,Mailbox,mailbox,United States,United States,Productivity,Software & AI,Notable,notable,2011,2015,4,Acquired or shut by owner,3,"Acquired, then shut down due to poor integration",Even innovative products face challenges with monetization and integration post-acquisition; a strong business model is crucial for long-term viability even after being acquired.,$5M,5000000.00,,,Unknown,https://ideaproof.io/failure/mailbox
MatterFab,MatterFab,matterfab,United States,United States,Software & Hardware,Hardware & robotics,Notable,notable,2013,2019,6,"Macro, timing, or shock",5,"Poor management, high burn rate, market shift","Even with significant funding and a promising vision, a startup needs stable and experienced leadership, a sustainable burn rate, and adaptability to a rapidly evolving competitive landscape to succeed.",$13.2M,13200000.00,,,"GE, AutoDesk",https://ideaproof.io/failure/matterfab
OpTier,OpTier,optier,United States,United States,Enterprise Software,Software & AI,Major,major,2002,2014,12,No market need,10,Lack of product-market fit (PMF),"Continuously adapt your product to evolving market demands and technological shifts, even if it requires significant investment and re-positioning.",$118.1M,118100000.00,,,Unknown,https://ideaproof.io/failure/optier
Lumos,Lumos,lumos,India,India,IoT / Smart Home,Hardware & robotics,Notable,notable,2014,2015,1,No market need,10,Lack of expertise and product-market fit,"Founders must deeply understand their target market, product costs, and industry expertise before launching a hardware company, and seek mentorship to avoid common pitfalls.",No Data,,,,Unknown,https://ideaproof.io/failure/lumos
Netscape,Netscape,netscape,United States,United States,Productivity,Software & AI,Notable,notable,1994,2008,14,Outcompeted,6,Intense competition from Microsoft,"Even with a groundbreaking product and early market leadership, relentless competition from a dominant tech giant can lead to obsolescence and acquisition.",No Data,,,,Unknown,https://ideaproof.io/failure/netscape
Navdy,Navdy,navdy,United States,United States,Transportation,Mobility & logistics,Major,major,2013,2018,5,Unit economics,7,"Saturated market, poor product-market fit, high costs","Even with substantial funding, a high price point and products that don't meet customer needs in a saturated market can lead to failure.",$41.8M,41800000.00,,,Unknown,https://ideaproof.io/failure/navdy
Parse,Parse,parse,United States,United States,Software & Hardware,Hardware & robotics,Notable,notable,2011,2016,5,Acquired or shut by owner,3,Acquisition led to loss of focus,"Acquisitions can lead to a shift in strategic priorities for the acquiring company, potentially sidelining or shutting down the acquired product if it doesn't align with evolving goals.",$7M,7000000.00,,,Unknown,https://ideaproof.io/failure/parse
Musical.ly,Musical.ly,musically,China,China,Social Media,Media & social,Major,major,2014,2018,4,Acquired or shut by owner,3,Acquired and merged into TikTok,"Even highly successful and popular platforms can be absorbed by larger competitors, highlighting the importance of long-term strategic positioning beyond initial user growth.",$150.4M,150400000.00,,,ChinaRock Capital Management,https://ideaproof.io/failure/musically
PoliMobile,PoliMobile,polimobile,United States,United States,Marketing,Software & AI,Notable,notable,2011,2015,4,No market need,10,"No market need, unwilling to pay","Thoroughly validate market demand and willingness to pay before building a product, as even good technology can fail without paying customers.",Unknown,,,,Unknown,https://ideaproof.io/failure/polimobile
Poliana,Poliana,poliana,United States,United States,Analytics,Software & AI,Notable,notable,2013,2015,2,No market need,10,"Low market demand, bad business model","Thorough market research and product validation are crucial to ensure demand exists for your offering before investing heavily in development, and be open to pivoting business models if initial attempts fail.",$15K,15000.00,,,Unknown,https://ideaproof.io/failure/poliana
QBotix,QBotix,qbotix,United States,United States,Software & Hardware,Hardware & robotics,Major,major,2010,2015,5,Outcompeted,6,Competitor efficiency surpassed innovation,Even innovative technology can fail if competitor improvements make established solutions more cost-effective and market adoption is slower than expected.,$23.5M,23500000.00,,,Unknown,https://ideaproof.io/failure/qbotix
PostRocket,PostRocket,postrocket,United States,United States,Marketing Tech/Social Media Marketing,Media & social,Notable,notable,2010,2013,3,Outcompeted,6,"Poor product, unreliable, Facebook competition",Startups relying heavily on a major platform must adapt quickly to platform changes and anticipate direct competition from the platform itself.,$610K,610000.00,,,Unknown,https://ideaproof.io/failure/postrocket
Quirky,Quirky,quirky,United States,United States,Community-led invention platform / Consumer Products,Commerce & retail,Major,major,2009,2015,6,Unit economics,7,"Burned cash, failed to sell enough products","Even with significant funding, a large community, and innovative ideas, a company must still achieve strong product sales and manage finances effectively to avoid bankruptcy.",$185.3M,185300000.00,,,"Andreessen Horowitz, Kleiner Perkins, General Electric",https://ideaproof.io/failure/quirky
Radar Radio,Radar Radio,radar-radio,United Kingdom,United Kingdom,Entertainment,Media & social,Notable,notable,2008,2018,10,Fraud or governance,1,"Mismanagement, allegations of exploitation","Ignoring serious allegations of exploitation and misconduct, coupled with financial mismanagement, can quickly dismantle even a vibrant and promising venture.",Unknown,,,,Unknown,https://ideaproof.io/failure/radar-radio
Monitor110,Monitor110,monitor110,United States,United States,Analytics,Software & AI,Notable,notable,2003,2008,5,Other,13,"Lack of clear leadership, product delays","Even with substantial funding, a lack of clear leadership and delaying product release for perfection over customer feedback can doom a startup, especially in competitive markets.",$17.3M,17300000.00,,,Unknown,https://ideaproof.io/failure/monitor110
Rafter,Rafter,rafter,United States,United States,Education,Education,Major,major,2006,2016,10,Other,13,"Evolving market, direct publisher access","Even innovative solutions can be made obsolete by technological advancements and shifting market dynamics, highlighting the need for continuous adaptation.",$86M,86000000.00,,,Unknown,https://ideaproof.io/failure/rafter
Reach.ly,Reach.ly,reach-ly,Latvia,Other,Analytics,Software & AI,Notable,notable,2011,2015,4,No market need,10,"Mixed ideas, bad tech, no market fit, bad team","Mixing previous business ideas with new ventures, overspending on unvalidated technology, and building a team without diverse skills and passion can lead a startup to fail, regardless of funding.",€200K,200000.00,,,Unknown,https://ideaproof.io/failure/reach-ly
RethinkDB,RethinkDB,rethinkdb,United States,United States,Software & Hardware,Hardware & robotics,Notable,notable,2009,2016,7,No market need,10,Lack of product-market fit,"Even with a technically strong product, failing to understand customer needs for features, availability, and pricing models can lead to product-market fit issues and ultimately, failure.",$12.2M,12200000.00,,,Unknown,https://ideaproof.io/failure/rethinkdb
SchoolGennie,SchoolGennie,schoolgennie,India,India,Education,Education,Notable,notable,2013,2014,1,No market need,10,Lack of market fit and experience,"Thoroughly test product-market fit early, engage with experienced mentors, and avoid delaying product release to chase 'perfection' over an MVP.",Unknown,,,,Unknown,https://ideaproof.io/failure/schoolgennie
Pixate,Pixate,pixate,United States,United States,Design,Software & AI,Notable,notable,2012,2016,4,Acquired or shut by owner,3,Acquired and shut down by Google,Acquisition by a larger tech giant can lead to product shutdown if the acquiring company decides to re-align resources.,$3.8M,3800000.00,,,Unknown,https://ideaproof.io/failure/pixate
Seven Dreamers Laboratories,Seven Dreamers Laboratories,seven-dreamers-laboratories,Japan,Other,Robotics,Hardware & robotics,Major,major,2014,2019,5,Other,13,"Overpriced, low-value product","Even with advanced technology and significant funding, a product must offer real value and meet customer expectations at a reasonable price to succeed.",$95M,95000000.00,,,Unknown,https://ideaproof.io/failure/seven-dreamers-laboratories
Salorix,Salorix,salorix,United States,United States,Analytics,Software & AI,Notable,notable,2009,2014,5,Acquired or shut by owner,3,Investor disagreement over acquisition,"Founders must align with investors on critical strategic decisions, especially regarding acquisition offers, to maintain financial support.",$3.5M,3500000.00,,,Unknown,https://ideaproof.io/failure/salorix
Sharingear,Sharingear,sharingear,Denmark,Other,Music,Media & social,Notable,notable,2014,2015,1,Unit economics,7,"Small market, unsustainable model, poor fit","Focusing on a niche market with a low-commission model can lead to unsustainability if not carefully scaled, despite a perceived need.",€15K,15000.00,,,Unknown,https://ideaproof.io/failure/sharingear
Shipbeat,Shipbeat,shipbeat,Denmark,Other,e-Commerce,Commerce & retail,Notable,notable,2014,2016,2,Other,13,Lack of carrier cooperation,"Even with a good idea, securing critical partnerships is paramount, especially when your business model relies heavily on incumbents or third-party infrastructure.",€1.2M,1200000.00,,,Unknown,https://ideaproof.io/failure/shipbeat
RewardMe,RewardMe,rewardme,United States,United States,Marketing,Software & AI,Notable,notable,2010,2015,5,"Macro, timing, or shock",5,"Premature scaling, ran out of funds",Avoid premature scaling and excessive spending before solidifying product-market fit and a sustainable business model.,$1.1M,1100000.00,,,Unknown,https://ideaproof.io/failure/rewardme
Shuddle,Shuddle,shuddle,United States,United States,Transportation,Mobility & logistics,Notable,notable,2014,2016,2,Fraud or governance,1,"Poor execution, safety concerns, financial mismanagement","Even with a strong market need, poor service quality, financial mismanagement, and safety concerns can quickly lead to a startup's downfall.",$12.2M,12200000.00,,,Unknown,https://ideaproof.io/failure/shuddle
RoomsTonite,RoomsTonite,roomstonite,India,India,Travel / Hotel Booking,Mobility & logistics,Notable,notable,2014,2017,3,Other,13,"Lack of funds, failed fundraising","Securing committed funding is crucial; even announced funding can fall through, leading to operational struggles and shutdown.",$1.5M,1500000.00,,,Unknown,https://ideaproof.io/failure/roomstonite
Sidecar (sidecar),Sidecar,sidecar,United States,United States,Transportation,Mobility & logistics,Major,major,2011,2015,4,Outcompeted,6,Outcompeted by market leaders,"Even with superior technology, inadequate marketing and insufficient funding to compete with giants can lead to a startup's demise.",$45.5M,45500000.00,,,Unknown,https://ideaproof.io/failure/sidecar
Sip,Sip,sip,United States,United States,Tech News / Productivity,Media & social,Notable,notable,2018,2019,1,Acquired or shut by owner,3,"Timing, content strategy, user acquisition","Even with an established platform's backing, a product can fail if it doesn't offer unique value, struggles with user acquisition, and faces stiff competition.",Nothing,,,,Unknown,https://ideaproof.io/failure/sip
SellanApp,SellanApp,sellanapp,The Netherlands,Other,App Development Crowdfunding,Fintech & insurance,Notable,notable,2012,2015,3,Product or execution failed,12,Partnership issues and lack of focus,"Founders must maintain strong communication and a clear vision, evolving the business model when necessary rather than constantly seeking new funding without strategic changes.",$961.1K,961100.00,,,Unknown,https://ideaproof.io/failure/sellanapp
Shipitwise,Shipitwise,shipitwise,Estonia,Other,Transportation,Mobility & logistics,Notable,notable,2016,2019,3,No market need,10,"No market need, industry resistance",Even a technologically advanced solution won't succeed if the target industry is unwilling to adopt new practices or perceives it as a threat to their existing profitable models.,€419.4K,419400.00,,,Unknown,https://ideaproof.io/failure/shipitwise
Skully,Skully,skully,United States,United States,Transportation,Mobility & logistics,Notable,notable,2013,2016,3,Fraud or governance,1,Mismanagement of funds and fraud,"Even with innovative technology and significant funding, gross mismanagement of funds and alleged fraud by leadership can lead to a startup's downfall, disappointing thousands of customers.",$15M,15000000.00,,,Unknown,https://ideaproof.io/failure/skully
Sunrise,Sunrise,sunrise,France,France,Productivity,Software & AI,Notable,notable,2012,2016,4,Monetization,11,Bad business model (hard to monetize),"Even popular apps can struggle if they operate in a market segment that is inherently difficult to monetize and has a low barrier to entry, often facing free competition.",$8.2M,8200000.00,,,Unknown,https://ideaproof.io/failure/sunrise
Springpad,Springpad,springpad,United States,United States,Productivity,Software & AI,Notable,notable,2008,2014,6,Outcompeted,6,"Lack of focus, competition, no monetization","Even with a good product, a lack of clear monetization and focus, coupled with strong competition, can lead to failure.",$7.3M,7300000.00,,,Unknown,https://ideaproof.io/failure/springpad
Tilt,Tilt,tilt,United States,United States,Finances,Fintech & insurance,Major,major,2012,2017,5,Product or execution failed,12,"Lack of focus, overspending","Even with substantial funding, a lack of focus on sustainable business practices and excessive spending can lead to a rapid decline and acquisition for a fraction of a company's valuation.",$62.1M,62100000.00,,,Unknown,https://ideaproof.io/failure/tilt
Teforia,Teforia,teforia,United States,United States,Food & Beverage,Food & grocery,Notable,notable,2014,2017,3,No market need,10,No market need for expensive tea brewer,"Even innovative products require a clear market need and demonstrable value proposition that justifies the price point, especially for everyday items like tea.",$17.1M,17100000.00,,,Unknown,https://ideaproof.io/failure/teforia
Tink Labs,Tink Labs,tink-labs,Hong Kong,Other,Travel Tech,Mobility & logistics,Major,major,2012,2019,7,Unit economics,7,Unsustainable growth at all costs,"Aggressive growth without sustainable unit economics leads to rapid cash burn and eventual collapse, even with significant funding.",$160M,160000000.00,,,"FIH Mobile, Cai Wensheng, Sinovation Ventures, SoftBank",https://ideaproof.io/failure/tink-labs
Stratolaunch,Stratolaunch,stratolaunch,United States,United States,Transportation,Mobility & logistics,Notable,notable,2010,2019,9,Fraud or governance,1,Loss of founder vision and focus,"A strong founder's vision is crucial for ambitious projects, and its absence can lead to a loss of direction and eventual failure, even with significant capital.",Unknown,,,,Vulcan Inc.,https://ideaproof.io/failure/stratolaunch
Selltag,Selltag,selltag,Spain,Other,e-Commerce,Commerce & retail,Notable,notable,2014,2015,1,Product or execution failed,12,"Insufficient buyers, failed to pivot",Ensure a balance between supply (sellers) and demand (buyers) and be prepared to pivot or upgrade features to maintain user engagement.,€325K,325000.00,,,Unknown,https://ideaproof.io/failure/selltag
Transpose,Transpose,transpose,United States,United States,Productivity,Software & AI,Notable,notable,2015,2015,0,Other,13,Bad business model,Shifting a product's core strategy and introducing new pricing without adequate market validation can lead to an unsustainable business model and failure to retain users.,$1.5M,1500000.00,,,Unknown,https://ideaproof.io/failure/transpose
Stereomood,Stereomood,stereomood,Italy,Italy,Music,Media & social,Notable,notable,2009,2015,6,Acquired or shut by owner,3,"Acquired, business discontinued",Niche music streaming platforms struggled to compete with established giants like Spotify without a unique monetization strategy.,No Data,,,,Unknown,https://ideaproof.io/failure/stereomood
Turntable.fm,Turntable.fm,turntable-fm,United States,United States,Music,Media & social,Notable,notable,2011,2013,2,Unit economics,7,"Unsustainable business model, high costs","A compelling user experience must be supported by a financially sustainable business model, especially when dealing with high operational costs like music licensing.",$7M,7000000.00,,,Unknown,https://ideaproof.io/failure/turntable-fm
Tutorspree,Tutorspree,tutorspree,United States,United States,Education/Tutoring Marketplace,Education,Notable,notable,2010,2013,3,Outcompeted,6,"Bad marketing, competitive market, impractical vision","Even with significant funding and a good idea, poor marketing, strong competition, and an impractical business model can lead to failure in a competitive market.",$1.8M,1800000.00,,,Unknown,https://ideaproof.io/failure/tutorspree
Verelo,Verelo,verelo,Canada,Canada,Analytics,Software & AI,Notable,notable,2012,2012,0,Other,13,Inadequate funding and traction,"Even with an innovative product, securing sufficient funding and establishing market traction are crucial, especially when facing stiff competition, to avoid a quick acquisition or shutdown.",No Data,,,,Unknown,https://ideaproof.io/failure/verelo
Wattage,Wattage,wattage,Canada,Canada,Software & Hardware,Hardware & robotics,Notable,notable,2014,2015,1,No market need,10,No market need or traction,"Thoroughly validate market interest and gain traction before extensive development, as investors need proof of demand beyond technical feasibility.",$200K,200000.00,,,Unknown,https://ideaproof.io/failure/wattage
Utrip,Utrip,utrip,United States,United States,Travel/AI Travel Planning,Mobility & logistics,Notable,notable,2012,2019,7,Acquired or shut by owner,3,"High costs, acquisition failed, patent dispute","Even with personalization and partnerships, high operational costs and unforeseen legal hurdles, like patent disputes, can quickly derail a promising startup.",$6M,6000000.00,,,"Acorn Ventures, Tiempo Capital, Apple executives, Costco executives",https://ideaproof.io/failure/utrip
Vreal,Vreal,vreal,United States,United States,Entertainment/Virtual Reality,Media & social,Notable,notable,2015,2019,4,"Macro, timing, or shock",5,Bad timing; VR market too nascent,"Launching a product far ahead of market readiness, especially in emerging technologies, can lead to failure even with significant funding and a skilled team, as market adoption dictates success.",$15M,15000000.00,,,"Axioma Ventures, Upfront Ventures, Intel Capital",https://ideaproof.io/failure/vreal
Totsy,Totsy,totsy,United States,United States,e-Commerce,Commerce & retail,Major,major,2009,2013,4,Other,13,"Economy recovery, business model obsolete",Business models tied to specific economic downturns can become obsolete as market conditions improve and original value propositions disappear.,$29.5M,29500000.00,,,Unknown,https://ideaproof.io/failure/totsy
Wantful,Wantful,wantful,United States,United States,e-Commerce,Commerce & retail,Notable,notable,2011,2013,2,Outcompeted,6,"Stiff e-commerce competition, failed investment","Even with an innovative initial product, entering a saturated market without clear differentiation or sustained growth can lead to failure when competing with established players for investment.",$5.5M,5500000.00,,,Unknown,https://ideaproof.io/failure/wantful
WOW Air,WOW Air,wow-air,Iceland,Other,Transportation,Mobility & logistics,Notable,notable,2011,2019,8,Unit economics,7,"Overexpansion, high debt, poor strategy","Aggressive scaling without solid financial footing and market understanding, especially in a competitive low-margin industry, can lead to rapid collapse.",Unknown,,,,Unknown,https://ideaproof.io/failure/wow-air
Yogome,Yogome,yogome,Mexico,Other,Education/Gaming,Media & social,Major,major,2010,2018,8,Fraud or governance,1,"Founder fraud, manipulated user data","Founders must maintain transparency and integrity; fraud, especially data manipulation, can quickly destroy a company regardless of market conditions or funding.",$36.5M,36500000.00,,,Unknown,https://ideaproof.io/failure/yogome
Wesabe,Wesabe,wesabe,United States,United States,Finances,Fintech & insurance,Notable,notable,2005,2010,5,Outcompeted,6,"Poor data aggregation, bad UX, competitor Mint","Prioritize user experience and core functionality, like data aggregation, to stay competitive, even if it means partnering with external providers.",$4.7M,4700000.00,,,Unknown,https://ideaproof.io/failure/wesabe
Zoomo,Zoomo,zoomo,India,India,Transportation,Mobility & logistics,Notable,notable,2014,2016,2,Other,13,"Immature market, complex business model","Even with funding and a good team, a business model can fail if the target market is not mature enough or ready for the proposed solution.",$6M,6000000.00,,,Unknown,https://ideaproof.io/failure/zoomo
Xueba100,Xueba100,xueba100,China,China,EdTech,Education,Major,major,2013,2020,7,Outcompeted,6,"Unsustainable unit economics, hyper-competition",Marketplace liquidity and sustainable unit economics are crucial; competition and failure to differentiate can quickly burn through funding.,$100M,100000000.00,,,"SIG, Qiming",https://ideaproof.io/failure/xueba100
Qkids,Qkids,qkids,China,China,EdTech,Education,Major,major,2015,2021,6,Regulatory or legal,2,Catastrophic regulatory ban on foreign education,Businesses heavily reliant on regulatory arbitrage face existential risk; regulatory changes can be swift and unhedgeable.,$100M,100000000.00,,,IDG Capital,https://ideaproof.io/failure/qkids
Gobee.bike,Gobee.bike,gobee-bike,Hong Kong,Other,Consumer/Micromobility,Mobility & logistics,Notable,notable,2017,2018,1,Unit economics,7,"Poor unit economics, high theft/vandalism","Asset-heavy businesses like bike-sharing with high theft/vandalism risks require deposits, closed ecosystems, or significant accountability to succeed.",$9.0M,9000000.00,,,Unknown,https://ideaproof.io/failure/gobee-bike
Xinja,Xinja,xinja,Australia,Australia,Fintech / Neobank,Fintech & insurance,Major,major,2017,2020,3,Fraud or governance,1,"Unsustainable business model, mismanaged funds",A strong customer base is meaningless without a viable and sustainable business model that generates revenue and profit.,$146.7M,146700000.00,,,Unknown,https://ideaproof.io/failure/xinja
Zirtual,Zirtual,zirtual,United States,United States,Software & Hardware,Hardware & robotics,Notable,notable,2011,2015,4,Fraud or governance,1,Mismanagement of funds and rapid scaling,Even successful and in-demand businesses can fail due to poor financial management and scaling too quickly without proper oversight.,$5.5M,5500000.00,,,Unknown,https://ideaproof.io/failure/zirtual
Xiaoming Bike,Xiaoming Bike,xiaoming-bike,China,China,Industrials,Hardware & robotics,Notable,notable,2016,2018,2,Other,13,Insufficient capital in winner-take-all market,"In capital-intensive, winner-take-all markets, underfunding is often fatal, as achieving necessary scale and density requires significant upfront investment.",$15M,15000000.00,,,Unknown,https://ideaproof.io/failure/xiaoming-bike
Magic Ears,Magic Ears,magic-ears,China,China,EdTech,Education,Major,major,2016,2021,5,Regulatory or legal,2,Regulatory changes and unsustainable economics,EdTech platforms in regulated markets face existential risks from policy shifts and must maintain sustainable unit economics.,$50M,50000000.00,,,ZhenFund,https://ideaproof.io/failure/magic-ears
TeeBeeDee,TeeBeeDee,teebeedee,United States,United States,Social Media,Media & social,Notable,notable,2007,2009,2,Other,13,"Bad business model, low user engagement",Targeting a niche demographic for a social network requires understanding their specific needs and integrating features beyond general social interaction to ensure consistent engagement and a viable business model.,$4.8M,4800000.00,,,Unknown,https://ideaproof.io/failure/teebeedee
Hujiang,Hujiang,hujiang-china,China,China,EdTech,Education,Major,major,2001,2021,20,Unit economics,7,"Unsustainable unit economics, IPO failure","Vanity metrics like 190M users are meaningless without sustainable unit economics and profitability, leading to collapse despite massive funding and long operation.",$187M,187000000.00,,,"Baidu, SIG China",https://ideaproof.io/failure/hujiang-china
DaDaABC,DaDaABC,dadaabc-china,China,China,EdTech,Education,Major,major,2013,2021,8,Regulatory or legal,2,Government regulation banned for-profit K12 tutoring,Regulatory risk in authoritarian markets is binary; diversification or acceptance of total loss is crucial.,$863M,863000000.00,,,"Tiger Global, Warburg Pincus",https://ideaproof.io/failure/dadaabc-china
17zuoye,17zuoye,17zuoye,China,China,EdTech,Education,Major,major,2011,2021,10,Regulatory or legal,2,Regulatory ban on for-profit tutoring,"Operating in regulated or authoritarian markets carries unhedgeable risks, as government policy can unilaterally destroy even successful businesses.",$585M,585000000.00,,,"DST Global, Temasek",https://ideaproof.io/failure/17zuoye
Wukong Rental,Wukong Rental,wukong-rental,China,China,Consumer/Marketplace,Commerce & retail,Major,major,2014,2024,10,Unit economics,7,"Unsustainable unit economics, trust deficit, operational complexity",Physical goods marketplaces require high geographic density and robust trust mechanisms to overcome operational complexities and achieve sustainable unit economics.,$70.0M,70000000.00,,,Unknown,https://ideaproof.io/failure/wukong-rental
Huohua Siwei,Huohua Siwei,huohua-siwei,China,China,EdTech,Education,Major,major,2016,2021,5,Regulatory or legal,2,Regulatory crackdown on industry,"Regulatory risk is existential in markets with strong state control, especially in strategically important and socially sensitive sectors like education.",$593M,593000000.00,,,"Tencent, GGV Capital, KKR",https://ideaproof.io/failure/huohua-siwei
Koolearn,Koolearn,koolearn,China,China,EdTech,Education,Major,major,2005,2021,16,Regulatory or legal,2,Regulatory crackdown on private education,"Regulatory risk, particularly in sensitive sectors like education, healthcare, and fintech, is a core business risk, not a tail risk, and must be thoroughly integrated into business models and strategic planning.",$164M,164000000.00,,,Tencent,https://ideaproof.io/failure/koolearn
CodeMao,CodeMao,codemao-china,China,China,EdTech,Education,Major,major,2015,2021,6,Regulatory or legal,2,Government regulatory crackdown on EdTech,"Regulatory risk, especially in politically sensitive sectors and authoritarian markets, can be an existential threat, demanding geographic diversification and adaptable business models.",$360M,360000000.00,,,"Hillhouse Capital, Baring PE",https://ideaproof.io/failure/codemao-china
Weidai,Weidai,weidai-china-p2p,China,China,Financial & Fintech,Fintech & insurance,Major,major,2011,2023,12,Regulatory or legal,2,Regulatory crackdown on P2P lending,"Regulatory risk is existential for financial services startups, especially in nascent or gray-area industries; seemingly permissive environments can quickly become hostile.",$110M,110000000.00,,,"Crystal Stream, Unknown",https://ideaproof.io/failure/weidai-china-p2p
Chuming,Chuming,chuming,China,China,Communication Services,Media & social,Major,major,2000,2021,21,Other,13,"Platform displacement, failed technology evolution","Even long-lived companies risk failure if they cannot adapt their technology and business model to rapidly changing market paradigms, especially in competitive super-app ecosystems.",$67M,67000000.00,,,Unknown,https://ideaproof.io/failure/chuming
Thunder Power,Thunder Power,thunder-power,China,China,Automotive / Electric Vehicles,Mobility & logistics,Major,major,2015,2024,9,Other,13,"Underestimated capital, complex auto manufacturing",Automotive manufacturing requires vast capital and expertise; $100M is often insufficient to transition from concept to mass production.,$100M,100000000.00,,,Unknown,https://ideaproof.io/failure/thunder-power
Changingedu,Changingedu,changingedu,China,China,EdTech,Education,Major,major,2014,2021,7,Regulatory or legal,2,Regulatory changes and flawed unit economics,"Unit economics must be viable at a small scale before raising significant capital and pursuing rapid growth, especially in regulated industries.",$188M,188000000.00,,,"IDG Capital, Sequoia China",https://ideaproof.io/failure/changingedu
Qianhe,Qianhe,qianhe-china,China,China,Financials/Fintech,Fintech & insurance,Major,major,2014,2019,5,Regulatory or legal,2,"Regulatory crackdown, systemic operational failures, poor risk management","Regulatory arbitrage is not a sustainable business model in sensitive sectors like finance; governments will eventually close loopholes, requiring robust risk management and compliance.",$100M,100000000.00,,,Unknown,https://ideaproof.io/failure/qianhe-china
Orbital Express,Orbital Express,orbital-express,Denmark,Other,Logistics/Quick-commerce,Food & grocery,Major,major,2016,2026,10,Outcompeted,6,"Unsustainable unit economics, intense competition",Capital-intensive quick-commerce requires positive unit economics from early stages to survive fierce competition and prevent cash burn.,$120M,120000000.00,,,"Heartcore Capital, BGF, Octopus",https://ideaproof.io/failure/orbital-express
Yuanfudao,Yuanfudao,yuanfudao,China,China,EdTech,Education,Major,major,2012,2021,9,Regulatory or legal,2,Government regulation banned industry,Regulatory risk in authoritarian markets is binary and unhedgeable; diversify geographically from day one to avoid total exposure to policy shifts.,$4.1B,4100000000.00,,,"Tencent, Warburg Pincus, IDG Capital",https://ideaproof.io/failure/yuanfudao
Baqi,Baqi,baqi,China,China,AgTech/Marketplace,Food & grocery,Major,major,2016,2023,7,Unit economics,7,"Unsustainable unit economics, capital intensive","Prove unit economics at small scale before raising significant capital and scaling geographically in capital-intensive, low-margin businesses.",$38M,38000000.00,,,"GGV Capital, Source Code Capital",https://ideaproof.io/failure/baqi
Hantoo,Hantoo,hantoo-china,China,China,Hospitality/Budget Hotels,Healthcare & biotech,Major,major,2016,2022,6,Outcompeted,6,"Competitive pressure, operational execution issues","Avoid competing in saturated markets where competitors have irrational capital, and ensure strategic alignment with parent companies to prevent execution gaps.",$55M,55000000.00,,,"Ctrip, Tencent",https://ideaproof.io/failure/hantoo-china
Buzzer,Buzzer,buzzer-usa,United States,United States,Sports Streaming,Media & social,Major,major,2020,2023,3,Unit economics,7,Unsustainable sports content rights economics,"In media, content rights are the ultimate moat; technology alone cannot overcome restrictive and expensive licensing in sports streaming.",$44M,44000000.00,,,"Sapphire Sport, Michael Jordan",https://ideaproof.io/failure/buzzer-usa
Lekee,Lekee,lekee-china,China,China,Information Technology/SaaS (B2B),Software & AI,Major,major,2015,2021,6,Unit economics,7,"Unsustainable unit economics, ecosystem lock-in","In low-margin, high-touch B2B industries, ecosystem lock-in often beats best-of-breed products, making unsustainable unit economics a fatal flaw.",$42M,42000000.00,,,"IDG Capital, Matrix Partners",https://ideaproof.io/failure/lekee-china
Bridgetech China,Bridgetech China,bridgetech-china,China,China,Health Care / SaaS (B2B),Healthcare & biotech,Major,major,2021,2025,4,Regulatory or legal,2,Regulatory & go-to-market execution,"In China's healthcare B2B market, institutional trust and government relations often matter more than technology alone.",$140M,140000000.00,,,C-Bridge Capital,https://ideaproof.io/failure/bridgetech-china
Dadao,Dadao,dadao-china,China,China,Real Estate / PropTech,Real estate,Major,major,2015,2024,9,Other,13,Mismatched business model with market reality,"Marketplaces in low-frequency, high-value B2B transactions require significantly better unit economics and liquidity than consumer-focused platforms.",$115M,115000000.00,,,"Sequoia China, Matrix Partners",https://ideaproof.io/failure/dadao-china
Lekee China,Lekee China,lekee-china-2,China,China,Information Technology,Software & AI,Major,major,2015,2021,6,Unit economics,7,Unsustainable unit economics in low-margin SaaS,"In low-margin industries, ecosystem lock-in from large platforms often beats best-of-breed point solutions unless unit economics are exceptionally strong.",$42M,42000000.00,,,"IDG Capital, Matrix Partners",https://ideaproof.io/failure/lekee-china-2
Yiguo E-commerce,Yiguo E-commerce,yiguo-e-commerce,China,China,E-commerce/Fresh Produce,Commerce & retail,Major,major,2005,2020,15,Unit economics,7,"Poor unit economics, capital-intensive expansion","Prove unit economics at a small scale before rapid geographic expansion, especially in capital-intensive, low-margin businesses like fresh food delivery.",$900M,900000000.00,,,"Alibaba, KKR, Goldman Sachs",https://ideaproof.io/failure/yiguo-e-commerce
Xiaohe,Xiaohe,xiaohe-china,China,China,Healthcare/Telemedicine,Healthcare & biotech,Major,major,2020,2023,3,Regulatory or legal,2,"Regulatory crackdown, competition, unit economics",Regulatory risk is existential in heavily regulated industries like healthcare; build compliance and strong government relationships before scaling.,$150M,150000000.00,,,"Alibaba Health, Ant Group",https://ideaproof.io/failure/xiaohe-china
Yunniao Logistics,Yunniao Logistics,yunniao-logistics-china,China,China,Industrials/Logistics,Mobility & logistics,Major,major,2014,2021,7,Outcompeted,6,"Competitive compression, unsustainable unit economics","Marketplace businesses in commoditized industries require exclusive supply or demand to build moats, as coordination efficiency alone is not enough for defensibility.",$210M,210000000.00,,,"Sequoia China, Matrix Partners",https://ideaproof.io/failure/yunniao-logistics-china
Zesty,Zesty,zesty-usa,United States,United States,Consumer/Food Delivery Marketplace,Food & grocery,Major,major,2013,2018,5,Unit economics,7,Unsustainable marketplace unit economics,"Marketplace businesses require strong unit economics from the outset, or a clear, rapid path to profitability, avoiding reliance on unsustainable transaction subsidies.",$20M,20000000.00,,,"Y Combinator, Index Ventures",https://ideaproof.io/failure/zesty-usa
Sleek USA,Sleek USA,sleek-usa,United States,United States,Financial & Fintech,Fintech & insurance,Notable,notable,2019,2023,4,Outcompeted,6,"Late entry, undifferentiated, market correction","Timing and differentiation are critical in saturated markets, especially during economic downturns.",$10M,10000000.00,,,"Tiger Global, Westly Group",https://ideaproof.io/failure/sleek-usa
Fermata,Fermata,fermata-israel,Israel,Other,Agtech/Biotech,Healthcare & biotech,Notable,notable,2019,2024,5,Ran out of cash or could not raise,8,Ran out of capital before commercial viability,"Deep-tech biotech startups have non-negotiable, high capital requirements that must be planned for the entire journey to commercial viability, not just initial milestones.",$5.0M,5000000.00,,,"Precision Capital, Kibbutz Ketura",https://ideaproof.io/failure/fermata-israel
Nirvana,Nirvana,nirvana-usa,United States,United States,Fintech / Insurtech,Fintech & insurance,Major,major,2019,2024,5,Other,13,"Misread market, complex insurance infrastructure","The embedded finance playbook for payments does not easily transfer to the highly complex, regulatory fragmented, and high-consideration world of insurance.",$25M,25000000.00,,,"Inspired Capital, Eniac Ventures",https://ideaproof.io/failure/nirvana-usa
Gogohire,Gogohire,gogohire,United States,United States,Information Technology/HR Tech,Software & AI,Notable,notable,2014,2020,6,Outcompeted,6,"Commoditization, weak product differentiation, crowded market",Feature parity is a death trap in enterprise SaaS; products must define and deliver 10x better value to stand out in competitive markets.,$2M,2000000.00,,,"Y Combinator, 500 Global",https://ideaproof.io/failure/gogohire
24quan,24quan,24quan,China,China,Consumer/Daily Deals,Commerce & retail,Notable,notable,2010,2013,3,Outcompeted,6,Undifferentiated competition and subsidy war,Subsidies are not a moat; burning cash to acquire price-sensitive customers creates zero defensibility and is unsustainable in hyper-competitive markets.,$10M,10000000.00,,,Vertex Ventures,https://ideaproof.io/failure/24quan
MySee China,MySee China,mysee-china,China,China,Communication Services,Media & social,Notable,notable,2004,2007,3,"Macro, timing, or shock",5,"Too early, undercapitalized, execution challenges","Being first-to-market for an infrastructure-heavy service requires massive capital, regulatory navigation, and content acquisition that P2P technology alone cannot solve.",$2M,2000000.00,,,"SAIF Partners, Steamboat Ventures",https://ideaproof.io/failure/mysee-china
Lysto,Lysto,lysto,India,India,Consumer/Social Commerce,Media & social,Notable,notable,2021,2024,3,Unit economics,7,"Unsustainable unit economics, late market entry","Social commerce marketplaces need sustainable unit economics and sufficient capital to capture market share in winner-take-most environments, especially against established competitors.",$12M,12000000.00,,,"Tiger Global, Sequoia India",https://ideaproof.io/failure/lysto
VIPKid,VIPKid,vipkid-china,China,China,EdTech,Education,Major,major,2013,2021,8,Regulatory or legal,2,Regulatory changes in China,"Building a business model heavily reliant on regulatory arbitrage carries substantial and often unmanageable risk, especially in highly regulated markets like education.",$1.1B,1100000000.00,,,"Tencent, Sequoia China, Coatue",https://ideaproof.io/failure/vipkid-china
Metao,Metao,metao-china,China,China,Social Commerce,Media & social,Major,major,2014,2016,2,Outcompeted,6,"Competition, unit economics, platform risk","Building a social commerce platform on top of dominant super-apps without defensibility leads to direct competition and poor unit economics, especially in crowded markets.",$35M,35000000.00,,,"Matrix Partners China, Morningside",https://ideaproof.io/failure/metao-china
Spotlight Bio\USA,Spotlight Bio\USA,spotlight-bio,United States,United States,Biotechnology / Drug Discovery,Healthcare & biotech,Major,major,2018,2025,7,Other,13,Algorithmic predictions lacked experimental validation,Computational predictions in biotech require rigorous experimental validation and vertical integration or strong partnerships to bridge the 'valley of death' between algorithms and clinical reality.,$40M,40000000.00,,,"GV (Google Ventures), 8VC, Samsara BioCapital",https://ideaproof.io/failure/spotlight-bio
Zuoyebang,Zuoyebang,zuoyebang,China,China,EdTech,Education,Major,major,2015,2021,6,Regulatory or legal,2,Regulatory ban on core business model,"Regulatory risk in emerging markets is a binary outcome with catastrophic downside, demanding a diversified business model to mitigate single-market or single-niche dependency.",$2.9B,2900000000.00,,,"Alibaba, SoftBank, Sequoia",https://ideaproof.io/failure/zuoyebang
RupeeRedee,RupeeRedee,rupeederedee-india,India,India,Financials,Fintech & insurance,Major,major,2018,2025,7,Unit economics,7,Failed to achieve sustainable unit economics,"Unit economics must be proven at a small scale before pursuing aggressive growth, especially in commoditized fintech markets.",$35M,35000000.00,,,Digital Finance International,https://ideaproof.io/failure/rupeederedee-india
PayMate,PayMate,paymate-india,India,India,Financial & Fintech,Fintech & insurance,Major,major,2006,2025,19,Outcompeted,6,Infrastructure disruption rendered core value obsolete,Intermediary businesses built on inefficient infrastructure are vulnerable to disruption when new infrastructure emerges that bypasses their core value proposition.,$100M,100000000.00,,,"Kleiner Perkins, Lightbox",https://ideaproof.io/failure/paymate-india
Limeroad,Limeroad,limeroad,India,India,Social Commerce/Fashion E-commerce,Media & social,Major,major,2012,2025,13,Unit economics,7,"Discovery demand, unfulfillable supply, poor unit economics",Marketplace unit economics and conversion rates are paramount; engagement metrics without profitability are vanity.,$51.0M,51000000.00,,,"Tiger Global, Matrix Partners",https://ideaproof.io/failure/limeroad
K-Scale Labs,K-Scale Labs,k-scale-labs,United States,United States,Robotics,Hardware & robotics,Notable,notable,2024,2025,1,"Macro, timing, or shock",5,"Market timing, insufficient capital for hardware","Hardware startups require significantly more capital and time than software ventures, easily 3x the funding and 2x the development cycle.",$5.0M,5000000.00,,,Unknown,https://ideaproof.io/failure/k-scale-labs
MaaS Global,MaaS Global,maas-global,Finland,Other,Transportation/MaaS,Mobility & logistics,Major,major,2015,2024,9,Unit economics,7,"Poor unit economics, operational complexity",Aggregating fragmented services without supplier control or viable unit economics is a significant challenge for scalability and profitability.,$65M,65000000.00,,,"Mitsubishi, Toyota Financial, BP",https://ideaproof.io/failure/maas-global
Kyte,Kyte,kyte,India,India,B2B SaaS,Software & AI,Notable,notable,2020,2024,4,Outcompeted,6,"Unsustainable unit economics, lack of differentiation",Horizontal B2B SaaS in low-ARPU markets is challenging without strong differentiation and sustainable unit economics.,$10M,10000000.00,,,Unknown,https://ideaproof.io/failure/kyte
Shape Robotics,Shape Robotics,shape-robotics,Denmark,Other,Education Technology,Education,Notable,notable,2015,2025,10,"Macro, timing, or shock",5,"Hardware economics, market timing, capital inefficiency","Hardware startups in education need superior unit economics or strong software leverage to overcome high costs, long sales cycles, and market competition.",Unknown,,,,Unknown,https://ideaproof.io/failure/shape-robotics
Vanti,Vanti,vanti-israel,Israel,Other,Information Technology/SaaS,Software & AI,Notable,notable,2019,2024,5,No market need,10,Lack of product-market fit,"Conversational AI for commerce works best as a feature embedded in other platforms, not as a standalone product.",$18M,18000000.00,,,"Insight Partners, True Ventures",https://ideaproof.io/failure/vanti-israel
Grasp\UK,Grasp\UK,grasp-uk,United Kingdom,United Kingdom,Financial & Fintech,Fintech & insurance,Notable,notable,2022,2024,2,"Macro, timing, or shock",5,"Bad market timing, poor unit economics","Launching into a collapsing market with high customer acquisition costs and fierce competition from established players proved fatal for Grasp, underscoring the critical importance of market timing and sustainable unit economics in fintech.",£4M,4000000.00,,,"LocalGlobe, angel investors",https://ideaproof.io/failure/grasp-uk
Invenia,Invenia,invenia,Canada/UK,Other,Cleantech/AI/Energy Optimization,Energy & climate,Major,major,2011,2024,13,Unit economics,7,"Slow sales, high costs, insufficient capital","Enterprise sales in regulated industries require significantly more capital and patience than typically estimated, especially when pioneering complex technical solutions.",$25M,25000000.00,,,"Golden Ventures, Zetta Venture",https://ideaproof.io/failure/invenia
Guardian Agriculture,Guardian Agriculture,guardian-agriculture,United States,United States,Robotics/Agriculture,Food & grocery,Major,major,2017,2025,8,Unit economics,7,"Poor unit economics, hardware complexities","Hardware startups must achieve strong unit economics (70%+ gross margins) early on, focusing initially on software value in capital-intensive markets.",$35M,35000000.00,,,Unknown,https://ideaproof.io/failure/guardian-agriculture
Cubyn,Cubyn,cubyn,France,France,Industrials/Logistics SaaS,Mobility & logistics,Major,major,2014,2024,10,Unit economics,7,"Unsustainable unit economics, high capital intensity","Logistics startups with high capital intensity and low margins often struggle with unsustainable unit economics and cash burn, requiring immense operational efficiency.",$70M,70000000.00,,,"DN Capital, Partech",https://ideaproof.io/failure/cubyn
EasyMile,EasyMile,easymile,France,France,Autonomous Vehicles,Mobility & logistics,Major,major,2014,2024,10,Unit economics,7,"Pilot purgatory, unsustainable burn, no scale",Hardware startups must avoid pilot purgatory and achieve sustainable unit economics to transition from trials to commercial scale.,$90M,90000000.00,,,"Alstom, Searchlight Capital",https://ideaproof.io/failure/easymile
Fig,Fig,fig-devtools,United States,United States,Developer Tools,Software & AI,Notable,notable,2020,2024,4,Unit economics,7,Monetization and unit economics issues,Even beloved developer tools with strong engagement struggle without clear monetization and defensible unit economics against free alternatives.,$2.4M,2400000.00,,,"Y Combinator, angels",https://ideaproof.io/failure/fig-devtools
Nuvion Limited,Nuvion Limited,nuvion-limited,Ireland,Other,Information Technology,Software & AI,Notable,notable,2021,2025,4,"Macro, timing, or shock",5,"PE-backed scale failure, funding winter",PE-backed companies require 40%+ gross margins and sub-12 month payback periods for unit economics to withstand creditor covenants and avoid collapse.,$15M,15000000.00,,,Unknown,https://ideaproof.io/failure/nuvion-limited
Zoe,Zoe,zoe,United States,United States,Information Technology,Software & AI,Notable,notable,2016,2024,8,Unit economics,7,"Services-heavy SaaS, broken unit economics",Beware of services-heavy SaaS models; they often lead to broken unit economics and prevent scalable product-market fit.,$10M,10000000.00,,,"83North, strategic angels",https://ideaproof.io/failure/zoe
CodeSee,CodeSee,codesee,United States,United States,Developer Tools,Software & AI,Notable,notable,2020,2024,4,No market need,10,Misaligned value with market demand,"Developer tools must provide quantifiable ROI and solve critical 'painkiller' problems, not just 'vitamin' nice-to-haves, to convert free users to paying customers.",$10M,10000000.00,,,"Matrix Partners, Boldstart",https://ideaproof.io/failure/codesee
Teemyco,Teemyco,teemyco,Sweden,Other,Information Technology/SaaS (B2B),Software & AI,Notable,notable,2019,2024,5,"Macro, timing, or shock",5,"Market timing miscalculation, competitive suffocation","Category creation is a trap without distribution dominance, as 'virtual offices' proved to be solutions searching for problems in a market dominated by established players.",$3.0M,3000000.00,,,"42CAP, angels",https://ideaproof.io/failure/teemyco
Wonder,Wonder,wonder,Germany,Germany,Communication Services,Media & social,Notable,notable,2020,2024,4,No market need,10,Solution in search of a problem,"Network effects require density and targeted value, not just broad scale, especially for platforms aiming to facilitate meaningful professional connections.",$11M,11000000.00,,,BlueYard Capital,https://ideaproof.io/failure/wonder
Pesto,Pesto,pesto,United States,United States,Fintech,Fintech & insurance,Notable,notable,2020,2024,4,Unit economics,7,"Unsustainable unit economics, adverse selection","Income Share Agreements (ISAs) in emerging markets require robust underwriting, controlled ecosystems, and employer pre-commitments to achieve viable unit economics and placement outcomes.",Unknown,,,,Unknown,https://ideaproof.io/failure/pesto
Hyer,Hyer,hyer-usa,United States,United States,Industrials/Aviation Marketplace,Mobility & logistics,Notable,notable,2018,2024,6,Unit economics,7,Unsustainable marketplace unit economics in niche market,"Marketplaces in capital-intensive, low-margin, luxury sectors face extreme challenges with customer acquisition costs and liquidity, often requiring deep vertical integration rather than pure aggregation.",$15.0M,15000000.00,,,Unknown,https://ideaproof.io/failure/hyer-usa
WunderGraph,WunderGraph,wundergraph,Germany,Germany,Developer Tools,Software & AI,Notable,notable,2020,2024,4,"Macro, timing, or shock",5,"Open-source monetization mismatch, market timing","Open-source developer tools need a clear monetization model defined from the outset, not as an afterthought, to avoid cash depletion and market timing misalignment.",$3.0M,3000000.00,,,"468 Capital, angels",https://ideaproof.io/failure/wundergraph
Sider,Sider,sider-japan,Japan,Other,Developer Tools,Software & AI,Notable,notable,2012,2024,12,Outcompeted,6,Competitive compression from open-source and bundled platforms,Developer tools must offer significant value beyond free alternatives or standalone solutions to succeed in a market dominated by open-source and comprehensive platforms.,$7M,7000000.00,,,"Global Brain, PE investors",https://ideaproof.io/failure/sider-japan
The Landing,The Landing,the-landing,United States,United States,Real Estate / Co-living,Real estate,Notable,notable,2019,2024,5,"Macro, timing, or shock",5,"Poor unit economics, COVID-19 shock","Capital-intensive business models with weak unit economics are highly susceptible to market shocks and require deep operational efficiency to succeed, especially in complex sectors like real estate.",$12M,12000000.00,,,"Greycroft, Obvious Ventures",https://ideaproof.io/failure/the-landing
Enzo,Enzo,enzo-usa,United States,United States,Real Estate/SaaS,Real estate,Notable,notable,2020,2024,4,Unit economics,7,"Unsustainable unit economics, poor market fit","Attempting to be an 'operating system' in a fragmented, change-resistant industry with high-touch B2B sales often leads to unsustainable unit economics and poor market fit.",$10M,10000000.00,,,Y Combinator,https://ideaproof.io/failure/enzo-usa
Kite,Kite,kite,United States,United States,Information Technology,Software & AI,Major,major,2014,2024,10,"Macro, timing, or shock",5,"Too early, monetization missteps, strategic errors","Timing is crucial in emerging tech markets; Kite was too early for AI-powered developer tools, predating market readiness and the necessary platform shifts.",$21.0M,21000000.00,,,Unknown,https://ideaproof.io/failure/kite
Skiff,Skiff,skiff,United States,United States,Information Technology/SaaS,Software & AI,Notable,notable,2020,2024,4,Regulatory or legal,2,No market need for privacy-only tools,"Privacy is a feature, not a standalone product, especially when competing with free, entrenched incumbents in horizontal productivity software.",$14.2M,14200000.00,,,Sequoia Capital,https://ideaproof.io/failure/skiff
Blueboard,Blueboard,blueboard,United States,United States,Software as a Service (B2B),Software & AI,Notable,notable,2014,2024,10,Unit economics,7,"Unsustainable marketplace unit economics, high operational overhead","Marketplaces with high operational overhead and low gross margins struggle to achieve venture-scale returns, especially when facing economic downturns.",$15.8M,15800000.00,,,"Origin Ventures, Greycroft",https://ideaproof.io/failure/blueboard
Railsr,Railsr,railsr,United Kingdom,United Kingdom,Financials,Fintech & insurance,Major,major,2016,2024,8,Regulatory or legal,2,Catastrophic operational management and compliance issues in regulated industry,"Operational excellence and robust compliance are paramount in regulated industries, even more so than innovative APIs or developer experience.",$121M,121000000.00,,,Visa,https://ideaproof.io/failure/railsr
Embark Trucks,Embark Trucks,embark-trucks,United States,United States,Robotics,Hardware & robotics,Notable,notable,2016,2024,8,"Macro, timing, or shock",5,"Premature IPO, long tech maturity","Deep tech requires patient capital and longer timelines than public markets or SPACs typically provide, especially for complex regulatory and technological hurdles like autonomous vehicles.",Unknown,,,,Unknown,https://ideaproof.io/failure/embark-trucks
Aspiration,Aspiration,aspiration,United States,United States,Financial & Fintech,Fintech & insurance,Major,major,2013,2024,11,Unit economics,7,Broken unit economics despite large user base,Mission-driven companies must still prove sustainable revenue models; user engagement doesn't always translate to willingness to pay.,$550M,550000000.00,,,"Leonardo DiCaprio, Unknown",https://ideaproof.io/failure/aspiration
Zebec,Zebec,zebec-usa,United States,United States,Blockchain/Crypto,Crypto,Major,major,2021,2025,4,"Macro, timing, or shock",5,"No market need, catastrophic timing","Building technologically impressive infrastructure without genuine market demand or user adoption is a recipe for failure, especially in nascent and unregulated spaces like Web3.",$35M,35000000.00,,,"Circle Ventures, Lightspeed",https://ideaproof.io/failure/zebec-usa
Bonsai DevTool,Bonsai DevTool,bonsai-devtool,Canada,Canada,Information Technology/Developer Tools,Software & AI,Major,major,2014,2025,11,Acquired or shut by owner,3,"Acquired, then product shelved due to shifting priorities","Even successful acquisitions can lead to product demise if the parent company's strategic focus shifts, highlighting the risk of being too early for market readiness or too niche for platform economics.",$20M,20000000.00,,,Unknown,https://ideaproof.io/failure/bonsai-devtool
Fringe,Fringe,fringe-usa,United States,United States,Information Technology/SaaS (B2B),Software & AI,Major,major,2018,2024,6,Unit economics,7,"Flawed business model, poor unit economics",Marketplaces need strong network effects to thrive; lacking a flywheel leads to poor scalability and high customer acquisition costs.,$21M,21000000.00,,,Felicis Ventures,https://ideaproof.io/failure/fringe-usa
Acre Platforms,Acre Platforms,acre-platforms,United Kingdom,United Kingdom,Proptech/SaaS,Real estate,Notable,notable,2018,2025,7,"Macro, timing, or shock",5,Poor market penetration and timing,"Even with significant backing, B2B SaaS in complex markets requires extreme focus to overcome competitive pressures and achieve necessary market penetration for sustained growth.",$12M,12000000.00,,,Aviva Ventures,https://ideaproof.io/failure/acre-platforms
Qredo,Qredo,qredo-uk,United Kingdom,United Kingdom,Financials/Blockchain/Crypto,Crypto,Major,major,2018,2024,6,"Macro, timing, or shock",5,"Market timing, competition, capital inefficiency","Infrastructure plays need wedge products and strong differentiation in competitive markets, especially during crypto downturns.",$95M,95000000.00,,,"Coinbase Ventures, 10T Holdings",https://ideaproof.io/failure/qredo-uk
Solid,Solid,solid-usa,United States,United States,Information Technology/SaaS,Software & AI,Major,major,2017,2025,8,Unit economics,7,"Broken unit economics, strategic positioning failure","Horizontal integration platforms have exponential complexity, making it difficult to achieve venture-scale outcomes with linear venture capital and underestimation of enterprise integration complexity.",$81M,81000000.00,,,"FTV Capital, GGV Capital",https://ideaproof.io/failure/solid-usa
Mindstrong,Mindstrong,mindstrong,United States,United States,Health Care / Digital Mental Health,Healthcare & biotech,Major,major,2014,2024,10,Regulatory or legal,2,"Unvalidated claims, regulatory issues, poor reimbursement","In healthcare, rigorous clinical validation and a sustainable reimbursement model are essential for digital health solutions to succeed beyond initial funding.",$160M,160000000.00,,,Unknown,https://ideaproof.io/failure/mindstrong
Kevin.,Kevin.,kevin-lithuania,Lithuania,Other,Financials,Fintech & insurance,Major,major,2018,2024,6,"Macro, timing, or shock",5,"Premature market, consumer inertia, cold start","Open banking infrastructure needs consumer demand generation, not just supply, to overcome cold-start problems and consumer inertia.",$77M,77000000.00,,,"Accel, Eurazeo, Speedinvest",https://ideaproof.io/failure/kevin-lithuania
Elvie,Elvie,elvie-uk,United Kingdom,United Kingdom,Health-Tech/Femtech,Healthcare & biotech,Major,major,2013,2025,12,Unit economics,7,"Unsustainable hardware unit economics, narrow LTV","Hardware startups must achieve sustainable unit economics and a strong LTV:CAC ratio, especially in niche markets with high customer churn.",$150M,150000000.00,,,"BlackRock, Fidelity, IPGL",https://ideaproof.io/failure/elvie-uk
Wejo,Wejo,wejo,United Kingdom,United Kingdom,Information Technology/SaaS (B2B),Software & AI,Major,major,2014,2023,9,"Macro, timing, or shock",5,"Premature scaling, market timing mismatch","Infrastructure-first strategies in nascent markets require immense capital and long time horizons, making premature scaling a significant risk without patient investors.",$225M,225000000.00,,,Unknown,https://ideaproof.io/failure/wejo
Varamis,Varamis,varamis,United Kingdom,United Kingdom,Financial Technology,Fintech & insurance,Notable,notable,2020,2025,5,Unit economics,7,"Unsustainable unit economics, cash burn, no product-market fit",Founders must ensure positive unit economics and achieve product-market fit before scaling to avoid cash burn crises.,$5M,5000000.00,,,Unknown,https://ideaproof.io/failure/varamis
Tallarna,Tallarna,tallarna,United Kingdom,United Kingdom,Climate Tech/Carbon Accounting,Energy & climate,Notable,notable,2018,2025,7,"Macro, timing, or shock",5,"Cash crunch, poor market timing, GTM flaws","Regulatory tailwinds alone are insufficient for startup success; market timing, a robust go-to-market strategy, and adaptability to economic shifts are crucial.",$8M,8000000.00,,,ESG-focused funds,https://ideaproof.io/failure/tallarna
Anthropos Digital,Anthropos Digital,anthropos-digital,United Kingdom,United Kingdom,Information Technology,Software & AI,Notable,notable,2017,2025,8,Ran out of cash or could not raise,8,Ran out of cash; complex enterprise sales,"Enterprise SaaS requires significant runway (3-5 years) for long sales cycles (12+ months) and complex implementations, making cash management critical.",$10M,10000000.00,,,"Angels, PE investors",https://ideaproof.io/failure/anthropos-digital
Petalite,Petalite,petalite-uk,United Kingdom,United Kingdom,Consumer Electronics,Hardware & robotics,Notable,notable,2014,2025,11,"Macro, timing, or shock",5,"Timing, intense competition, capital inefficiency","Avoid horizontal infrastructure competition against trillion-dollar incumbents, especially in winner-take-all markets relying on network effects and content partnerships.",$12M,12000000.00,,,Unknown,https://ideaproof.io/failure/petalite-uk
Virtual Arts,Virtual Arts,virtual-arts,United Kingdom,United Kingdom,Virtual Reality Art/Communication Services,Media & social,Notable,notable,2016,2025,9,"Macro, timing, or shock",5,"Premature market, unsustainable unit economics","Building on emerging hardware platforms is risky; market readiness for VR adoption was significantly slower than projected, leading to high burn rate against a small addressable market.",$15M,15000000.00,,,Private equity investors,https://ideaproof.io/failure/virtual-arts
Ionx Networks,Ionx Networks,ionx-networks,United Kingdom,United Kingdom,Information Technology,Software & AI,Notable,notable,2019,2025,6,Outcompeted,6,Competitive asphyxiation in consolidated market,"Enterprise infrastructure startups need substantial capital and defensibility; competitive markets require a clear, differentiated niche to survive against larger players.",$12M,12000000.00,,,Unknown,https://ideaproof.io/failure/ionx-networks
Pod Space,Pod Space,pod-space-uk,United Kingdom,United Kingdom,Real Estate / Modular Workspace,Real estate,Notable,notable,2008,2025,17,Unit economics,7,"Poor unit economics, high capital requirement, market shift","Hardware businesses require significantly more capital than software and must achieve sustainable unit economics to scale, especially when competing with asset-light models.",$5M,5000000.00,,,Unknown,https://ideaproof.io/failure/pod-space-uk
Graphica Display,Graphica Display,graphica-display-uk,United Kingdom,United Kingdom,Information Technology/Digital Signage,Software & AI,Notable,notable,2010,2025,15,Outcompeted,6,"Hardware commoditization, software unbundling, market misalignment",Hardware-software bundling becomes a trap in commoditizing markets; unbundle and compete on software differentiation as margins compress.,$10M,10000000.00,,,Private Equity Investors,https://ideaproof.io/failure/graphica-display-uk
Flip\USA,Flip\USA,flip-usa,Unknown,Unknown,Information Technology,Software & AI,Major,major,2019,2025,6,Other,13,"Generic platform, fragmented market, poor scalability","Horizontal B2B platforms in fragmented markets are capital traps, often failing due to generic features that don't deeply solve pain points for any specific vertical.",$200M,200000000.00,,,"WestCap, Mubadala",https://ideaproof.io/failure/flip-usa
Plenty (plenty-usa),Plenty,plenty-usa,United States,United States,Agtech/Vertical Farming,Food & grocery,Major,major,2014,2025,11,Unit economics,7,"Poor unit economics, high capital expenditure",Prove unit economics at a small scale before raising substantial growth capital; capital-intensive infrastructure with linear unit economics is difficult to scale profitably.,$1B,1000000000.00,,,"SoftBank Vision Fund, Walmart, Koch Industries",https://ideaproof.io/failure/plenty-usa
Singleton Electronics,Singleton Electronics,singleton-electronics,China,China,Consumer Electronics,Hardware & robotics,Major,major,2015,2025,10,Outcompeted,6,Crushed by intense market commoditization,"Hardware startups in commoditized markets need strong differentiation, defensible moats, or unique business models (e.g., vertical integration, software services) to survive against established giants with scale and ecosystem dominance.",$95M,95000000.00,,,Unknown,https://ideaproof.io/failure/singleton-electronics
Suzhou SIP Precision,Suzhou SIP Precision,suzhou-sip-precision,China,China,Information Technology/Hardware,Hardware & robotics,Major,major,2010,2025,15,Other,13,Unbridgeable technology gap in precision engineering,"Deep tech hardware requires extensive ecosystem density and access to specialized components, not just significant capital, to overcome fundamental technical barriers in highly advanced industries like semiconductor equipment.",$180M,180000000.00,,,State-backed investors,https://ideaproof.io/failure/suzhou-sip-precision
MicroPort,MicroPort,microport-china,China,China,Health Care/Medical Device,Healthcare & biotech,Major,major,1998,2024,26,Unit economics,7,Mismatch of low-cost and high-tech,"Medical device innovation requires significant R&D, regulatory expertise, and clinical validation which cannot be easily achieved with a low-cost manufacturing focus.",$500M,500000000.00,,,Unknown,https://ideaproof.io/failure/microport-china
Dingli,Dingli,dingli-china,China,China,Industrials/Aerial Work Platform Manufacturing,Hardware & robotics,Major,major,2005,2024,19,Unit economics,7,"Oversupply, demand collapse, high fixed costs","Avoid capital-intensive hardware businesses tied to single-country macro cycles, as they are vulnerable to economic shifts and commoditization.",$120M,120000000.00,,,Private equity,https://ideaproof.io/failure/dingli-china
Sichuan Kelun-Biotech,Sichuan Kelun-Biotech,sichuan-kelun-biotech,China,China,Biotechnology,Healthcare & biotech,Major,major,2016,2024,8,Other,13,"Capital inefficiency, weak pipeline, market saturation","Biotech startups need 10x differentiation, not incremental improvement, especially in crowded markets like oncology, to avoid capital exhaustion and clinical setbacks.",$400M,400000000.00,,,Unknown,https://ideaproof.io/failure/sichuan-kelun-biotech
Aetech,Aetech,aetech-china,China,China,Consumer/IoT Hardware,Hardware & robotics,Major,major,2020,2025,5,Outcompeted,6,"Supply chain, competition, cash burn","Hardware startups face immense capital, supply chain, and competition challenges that often lead to outrunning their cash runway before reaching scale.",$25M,25000000.00,,,Unknown,https://ideaproof.io/failure/aetech-china
Han's CNC,Han's CNC,hans-cnc-china,China,China,Industrials/Hardware,Hardware & robotics,Major,major,2002,2024,22,Outcompeted,6,"Product-market misfit, technical underestimation, commoditization","Hardware development requires significantly longer iteration cycles than software, and deep technical challenges in precision manufacturing cannot be easily overcome by relying solely on brand equity or capital.",$200M,200000000.00,,,Han's Laser,https://ideaproof.io/failure/hans-cnc-china
BuilderX Robotics,BuilderX Robotics,builderx-robotics-china,China,China,Industrials/Robotics,Hardware & robotics,Major,major,2018,2025,7,Outcompeted,6,"Hardware capital, commoditized tech, poor differentiation","Hardware startups in mature markets must solve problems incumbents structurally cannot address, rather than competing on feature parity.",$150M,150000000.00,,,"Baogang Group, private equity",https://ideaproof.io/failure/builderx-robotics-china
Base Therapeutics,Base Therapeutics,base-therapeutics-china,China,China,Biotechnology,Healthcare & biotech,Major,major,2021,2025,4,Other,13,"Product/tech failure, capital inefficiency","AI drug discovery requires deep wet-lab validation, regulatory navigation, and clinical infrastructure, not just computational prowess.",$34.5M,34500000.00,,,"Baidu, Great Eagle VC",https://ideaproof.io/failure/base-therapeutics-china
Tuosai,Tuosai,tuosai-china,China,China,EdTech/K-12 Tutoring,Education,Major,major,2019,2024,5,Regulatory or legal,2,Devastating government regulatory policy change,"Regulatory risk is an existential threat for startups in highly regulated industries, even with strong execution and product-market fit.",$80M,80000000.00,,,Unknown,https://ideaproof.io/failure/tuosai-china
Lingyun,Lingyun,lingyun-china,China,China,Autonomous Driving,Mobility & logistics,Major,major,2014,2024,10,Unit economics,7,"Excessive capital burn, strategic misalignment","Deep tech like autonomous driving requires immense capital and a realistic timeline, often exceeding initial projections and necessitating a viable path to revenue beyond just impressive demos.",$150M,150000000.00,,,Legend Capital,https://ideaproof.io/failure/lingyun-china
Jidixian,Jidixian,jidixian,China,China,Logistics/On-demand Delivery,Mobility & logistics,Major,major,2016,2024,8,Outcompeted,6,Crushed by incumbent competitive network effects,"In highly competitive two-sided marketplaces, achieving local network density is critical before expanding, especially against well-capitalized incumbents.",$100M,100000000.00,,,Unknown,https://ideaproof.io/failure/jidixian
Lidian\China,Lidian\China,lidian-china,China,China,AI/Autonomous Vehicles,Mobility & logistics,Major,major,2017,2024,7,Outcompeted,6,"Insufficient capital, lack of differentiation, poor pivots",Full-stack hardware plays in deep tech like AVs require significantly more capital than founders typically estimate; broad ambition without deep pockets leads to failure.,$300M,300000000.00,,,Unknown,https://ideaproof.io/failure/lidian-china
Qianxun SI,Qianxun SI,qianxun-si,China,China,Information Technology,Software & AI,Major,major,2015,2025,10,Unit economics,7,High infrastructure costs & slow adoption,"Infrastructure-as-a-Service companies need different investor DNA and a business model that accounts for high capital intensity and long enterprise sales cycles, unlike typical SaaS. Build a business plan where physical hardware deployment is not the primary value driver.",$200M,200000000.00,,,"Alibaba, Norinco",https://ideaproof.io/failure/qianxun-si
SpaceTy,SpaceTy,spacety-china,China,China,Aerospace,Hardware & robotics,Major,major,2016,2025,9,Unit economics,7,Capital exhaustion in capital-intensive hardware,"Deep-tech hardware, especially aerospace, is extremely capital-intensive and requires meticulous capital efficiency, long development cycles, and navigating complex regulatory environments.",$120M,120000000.00,,,Matrix Partners China,https://ideaproof.io/failure/spacety-china
Hanking Electronics,Hanking Electronics,hanking-electronics,China,China,Consumer Electronics,Hardware & robotics,Major,major,2011,2024,13,Outcompeted,6,Undifferentiated products in hypercompetitive market,"Competing in capital-intensive hardware requires immense differentiation, brand equity, and massive ongoing investment to overcome razor-thin margins and rapid product cycles.",$250M,250000000.00,,,Hanking Group,https://ideaproof.io/failure/hanking-electronics
Saimo Technology,Saimo Technology,saimo-technology,China,China,Autonomous Vehicles/Logistics,Mobility & logistics,Major,major,2015,2024,9,Unit economics,7,"Tech complexity, unproven unit economics","Autonomous driving requires immense capital and patience, with no viable intermediate business model, making premature scaling of L4/L5 autonomy highly risky without full infrastructure and regulatory frameworks.",$180M,180000000.00,,,Unknown,https://ideaproof.io/failure/saimo-technology
Youon Hydrogen,Youon Hydrogen,youon-hydrogen,China,China,Energy/CleanTech,Energy & climate,Major,major,2019,2025,6,"Macro, timing, or shock",5,"Market timing, subsidy dependence, tech obsolescence",Capital-intensive infrastructure reliant on subsidies and future market adoption is highly susceptible to market timing catastrophes and technological shifts.,$110M,110000000.00,,,Youon Public Bicycle,https://ideaproof.io/failure/youon-hydrogen
Ningbo Borine,Ningbo Borine,ningbo-borine,China,China,Industrials/Electric Vehicle Batteries,Mobility & logistics,Major,major,2005,2024,19,Outcompeted,6,Competitive asphyxiation in consolidated market,"Hardware commoditization is inevitable without strong IP moats and significant scale, especially in capital-intensive industries like battery manufacturing.",$150M,150000000.00,,,Unknown,https://ideaproof.io/failure/ningbo-borine
Fapon Biotech,Fapon Biotech,fapon-biotech,China,China,Biotech,Healthcare & biotech,Major,major,2001,2024,23,Other,13,Failed to commercialize products,Developing biosimilars in competitive markets often leads to commoditization and failure to achieve commercial success without significant differentiation or execution speed.,$200M,200000000.00,,,"IDG, private equity investors",https://ideaproof.io/failure/fapon-biotech
Nettrix,Nettrix,nettrix-china,China,China,Information Technology,Software & AI,Major,major,2019,2025,6,Product or execution failed,12,"Technical overreach, talent, ecosystem lock-in","Building complex infrastructure software requires extensive hardening and ecosystem support, which cannot be fast-tracked even with significant funding.",$500M,500000000.00,,,"Sugon (state-owned), Chinese government funds",https://ideaproof.io/failure/nettrix-china
LeSee,LeSee,lesee,China,China,Electric Vehicles,Mobility & logistics,Major,major,2014,2024,10,Fraud or governance,1,"Overextension, financial fraud, founder abandonment","Ambitious visions require disciplined execution and realistic financial planning, especially in capital-intensive industries like automotive manufacturing.",$1.2B,1200000000.00,,,Unknown,https://ideaproof.io/failure/lesee
Tuhui Car Tech Branch,Tuhui Car Tech Branch,tuhui-car-tech-branch,China,China,Automotive Technology,Mobility & logistics,Major,major,2011,2025,14,Outcompeted,6,"Underestimated capital intensity, intense competition","Automotive hardware startups require immense capital ($2-5B) and time to reach sustainable scale, making capital efficiency and clear unit economics critical for survival.",$450M,450000000.00,,,"Tencent, Carlyle, Sequoia",https://ideaproof.io/failure/tuhui-car-tech-branch
Jingxi,Jingxi,jingxi,China,China,Consumer/Marketplace,Commerce & retail,Major,major,2019,2024,5,Other,13,"Misunderstood social commerce, spent heavily on subsidies","Brand extension into opposite market segments is difficult; social commerce success relies on viral mechanics and entertainment, not just logistics.",$1.5B,1500000000.00,,,JD.com,https://ideaproof.io/failure/jingxi
GAC Stellantis China,GAC Stellantis China,gac-stellantis-china,China,China,Automotive Manufacturing,Mobility & logistics,Major,major,2010,2023,13,Other,13,Misread China's auto market evolution,"Market timing is everything, especially in rapidly evolving hardware industries; failing to anticipate major shifts like EV adoption can be fatal.",$2.5B,2500000000.00,,,"Guangzhou Automobile Group, Stellantis",https://ideaproof.io/failure/gac-stellantis-china
Xingji Shidai Chip Unit,Xingji Shidai Chip Unit,xingji-shidai-chip-unit,China,China,Information Technology / Hardware,Hardware & robotics,Major,major,2021,2023,2,Acquired or shut by owner,3,"Underestimated chip development, talent acquisition issues","Semiconductor development requires extensive timelines, deep talent, and significant capital, which cannot be fast-tracked even with substantial funding.",$450M,450000000.00,,,"Geely Group, Meizu",https://ideaproof.io/failure/xingji-shidai-chip-unit
GAC Mitsubishi Tech Unit China,GAC Mitsubishi Tech Unit China,gac-mitsubishi-tech-unit-china,China,China,Automotive / Electric Vehicles,Mobility & logistics,Major,major,2012,2024,12,Outcompeted,6,Failed to adapt to EV disruption,"Joint ventures in fast-moving tech markets create decision-making latency, hindering adaptation to rapid technological shifts like the rise of EVs.",$2.0B,2000000000.00,,,Unknown,https://ideaproof.io/failure/gac-mitsubishi-tech-unit-china
Jiyan AI,Jiyan AI,jiyan-ai,China,China,Health Care/AI,Healthcare & biotech,Major,major,2021,2024,3,Regulatory or legal,2,"Regulatory whiplash, slow sales, scope creep","B2B sales in regulated markets like healthcare require immense capital, long cycles, and careful navigation of regulatory changes, often favoring B2B2C approaches for sustainability.",$120M,120000000.00,,,Alibaba,https://ideaproof.io/failure/jiyan-ai
Borgward China,Borgward China,borgward-china,China,China,Automotive / Electric Vehicles,Mobility & logistics,Major,major,2015,2023,8,Other,13,"Brand irrelevance, strategic misalignment","Brand equity cannot be manufactured through capital alone; a clear identity and market fit are crucial, especially in competitive and rapidly evolving industries like EVs.",$800M,800000000.00,,,"Foton Motor, UCAR",https://ideaproof.io/failure/borgward-china
Tantan (International Units),Tantan (International Units),tantan-international,China,China,Dating App,Media & social,Notable,notable,2014,2024,10,Regulatory or legal,2,"Cultural miscalculation, regulatory naivety","International expansion of dating apps requires deep cultural understanding and careful regulatory navigation, as product-market fit does not easily transfer across diverse regions.",Unknown,,,,Unknown,https://ideaproof.io/failure/tantan-international
Dukaan,Dukaan,dukaan,India,India,E-commerce/SaaS,Software & AI,Notable,notable,2020,2024,4,Unit economics,7,"Poor unit economics, market mismatch",Horizontal SaaS for micro-SMBs is unsustainable without embedded fintech or deep vertical specialization due to low-value infrastructure and commoditization.,$17M,17000000.00,,,"Lightspeed, Matrix",https://ideaproof.io/failure/dukaan
Bluelearn,Bluelearn,bluelearn-india,India,India,EdTech/Social Learning,Media & social,Notable,notable,2021,2024,3,"Macro, timing, or shock",5,"Premature scaling, monetization struggles","High user engagement does not guarantee willingness to pay, requiring a clear monetization strategy from the outset.",$7M,7000000.00,,,"Lightspeed, Elevation Capital",https://ideaproof.io/failure/bluelearn-india
Fanclash,Fanclash,fanclash-india,India,India,Fantasy Sports/Gaming,Media & social,Major,major,2020,2024,4,Regulatory or legal,2,"Regulatory crackdown, incumbent dominance","In winner-take-most markets, 10x differentiation is required, not marginal improvements, especially against well-entrenched incumbents with massive network effects and brand recognition.",$50M,50000000.00,,,"Sequoia India, Falcon Edge",https://ideaproof.io/failure/fanclash-india
Pando,Pando,pando-usa-india,United States,United States,Industrials/SaaS,Hardware & robotics,Major,major,2018,2024,6,Unit economics,7,"Poor product-market fit, unsustainable unit economics","Horizontal platforms in complex enterprise verticals often fail due to extensive customization needs, leading to unsustainable unit economics and integration nightmares.",$35M,35000000.00,,,"Iron Pillar, Nexus VP",https://ideaproof.io/failure/pando-usa-india
Starry,Starry,starry,United States,United States,Communication Services,Media & social,Major,major,2014,2023,9,Unit economics,7,"High capital, slow scaling, poor unit economics","Capital-intensive infrastructure build-outs in competitive markets require immense funding and a realistic path to scale, but often fall prey to challenging unit economics and growth expectations.",$312M,312000000.00,,,Unknown,https://ideaproof.io/failure/starry
Nuverse,Nuverse,nuverse-china,China,China,Gaming/Mobile Game Publishing,Media & social,Major,major,2019,2024,5,Other,13,Misunderstood gaming as creative vs. marketing,"Distribution advantages from one industry (short-form video) do not automatically transfer to a different industry like gaming, which requires deep creative understanding and long development cycles.",$3.0B,3000000000.00,,,ByteDance,https://ideaproof.io/failure/nuverse-china
Frontdesk,Frontdesk,frontdesk-usa,United States,United States,Real Estate / Aparthotel,Real estate,Major,major,2017,2024,7,Unit economics,7,"Catastrophic unit economics, overexpansion","Real estate arbitrage is a cash flow business, not a venture business, requiring disciplined scaling and profitable unit economics rather than aggressive, tech-driven overexpansion.",$260M,260000000.00,,,Unknown,https://ideaproof.io/failure/frontdesk-usa
Zeus Living,Zeus Living,zeus-living,United States,United States,Real Estate / Corporate Housing,Real estate,Major,major,2015,2024,9,Unit economics,7,"Unsustainable unit economics, inventory risk","Asset-light marketplaces are crucial; taking on inventory risk with high fixed costs and low margins, combined with market timing issues, proved fatal at scale.",$150M,150000000.00,,,"Airbnb, Comcast Ventures",https://ideaproof.io/failure/zeus-living
iRobot (irobot-usa),iRobot,irobot-usa,United States,United States,Robotics/Consumer Electronics,Hardware & robotics,Major,major,1990,2024,34,Regulatory or legal,2,"Acquisition failed, commoditization, regulatory issues","Hardware companies must evolve from product margins to platform economics, as commoditization and regulatory shifts can swiftly erode competitive advantages and threaten survival.",$1.3B,1300000000.00,,,Unknown,https://ideaproof.io/failure/irobot-usa
Phantom Auto,Phantom Auto,phantom-auto,United States,United States,Information Technology,Software & AI,Major,major,2017,2024,7,"Macro, timing, or shock",5,"AV market underperformed, infrastructure timing risk",Building infrastructure for a nascent industry carries significant timing risk; success depends on the core market materializing as predicted.,$95M,95000000.00,,,"Bessemer, Koch Disruptive Tech",https://ideaproof.io/failure/phantom-auto
Volansi,Volansi,volansi-usa,United States,United States,Robotics,Hardware & robotics,Major,major,2015,2023,8,Regulatory or legal,2,"Capital intensity, slow regulation, unproven unit economics","Hardware startups in regulated industries require significantly more capital and time than often estimated, struggling with slow regulatory progress and unfavorable unit economics.",$75.0M,75000000.00,,,Top-tier VCs,https://ideaproof.io/failure/volansi-usa
Spotlight Therapeutics,Spotlight Therapeutics,spotlight-therapeutics,United States,United States,Biotech,Healthcare & biotech,Major,major,2017,2025,8,"Macro, timing, or shock",5,"Technical failure, capital inefficiency, market timing","Personalized neoantigen prediction is still largely inaccurate, requiring empirical validation over computational models for clinical response.",$100M,100000000.00,,,"GV, SoftBank",https://ideaproof.io/failure/spotlight-therapeutics
Baoneng,Baoneng,baoneng-china,China,China,Automotive/Electric Vehicles,Mobility & logistics,Major,major,2017,2024,7,Outcompeted,6,"Capital abundance, operational incompetence in auto manufacturing",Massive capital injection cannot substitute for deep operational expertise and patience required in complex hardware manufacturing like automotive.,$5.2B,5200000000.00,,,"Baoneng Group, local government funds",https://ideaproof.io/failure/baoneng-china
Penguin Esports,Penguin Esports,penguin-esports,China,China,Esports Media/Streaming,Media & social,Major,major,2016,2024,8,Outcompeted,6,"Internal misalignment, fierce competition","Vertical integration in media can lead to operational complexity and capital intensity, making platforms less adaptable to market changes and competitive pressures.",$500M,500000000.00,,,Tencent,https://ideaproof.io/failure/penguin-esports
Xingsheng Youxuan,Xingsheng Youxuan,xingsheng-youxuan,China,China,Consumer/Marketplace,Commerce & retail,Major,major,2018,2025,7,Regulatory or legal,2,"Unsustainable unit economics, regulatory intervention",Standalone community group-buying platforms in low-margin categories with poor unit economics are unsustainable without a profitable adjacent business to cross-subsidize losses.,$5.2B,5200000000.00,,,"Tencent, KKR, Sequoia China",https://ideaproof.io/failure/xingsheng-youxuan
Pico,Pico,pico-china,China,China,Information Technology/Consumer Electronics,Hardware & robotics,Major,major,2015,2024,9,Other,13,"Misread VR market maturity, hardware limitations","Even massive funding and distribution can't overcome market immaturity, hardware commoditization, and ecosystem challenges in complex consumer electronics like VR.",$1.5B (acquired by ByteDance),1500000000.00,,,ByteDance,https://ideaproof.io/failure/pico-china
Powin Energy,Powin Energy,powin-energy,United States,United States,Energy Storage Hardware,Energy & climate,Major,major,2011,2025,14,Unit economics,7,"Poor unit economics, high capital intensity","In capital-intensive hardware, without manufacturing control or core technology ownership, value creation is difficult when unit economics are poor.",$400M,400000000.00,,,Unknown,https://ideaproof.io/failure/powin-energy
NetEase Koala,NetEase Koala,netease-koala,China,China,E-commerce/Cross-border Retail,Commerce & retail,Major,major,2015,2024,9,Regulatory or legal,2,"Intense competition, regulatory shifts, high costs","In hyper-competitive markets, even large companies struggle without a sustainable differentiator against better-capitalized platform competitors.",$1.0B,1000000000.00,,,Unknown,https://ideaproof.io/failure/netease-koala
Rad Power Bikes,Rad Power Bikes,rad-power-bikes,United States,United States,Consumer Electronics,Hardware & robotics,Major,major,2007,2025,18,Unit economics,7,"Negative unit economics, high CAC, inventory risk",DTC hardware businesses with capital-intensive products require 50%+ gross margins to avoid venture-scale traps and achieve profitability.,$329M,329000000.00,,,Unknown,https://ideaproof.io/failure/rad-power-bikes
Monster Worldwide,Monster Worldwide,monster-worldwide-usa,United States,United States,Information Technology,Software & AI,Major,major,1994,2025,31,Other,13,"Complacency, disrupted by better platforms",First-mover advantage is temporary without continuous innovation; companies must adapt to dynamic markets or risk disruption by more agile competitors.,$500M,500000000.00,,,Unknown,https://ideaproof.io/failure/monster-worldwide-usa
Digital River,Digital River,digital-river,United States,United States,Information Technology/SaaS,Software & AI,Major,major,1994,2025,31,Other,13,"Innovator's dilemma, PE value extraction","Ignoring evolving competitor landscapes and developer experience, coupled with private equity's short-term focus, can dismantle even established market leaders.",$200.0M,200000000.00,,,Siris Capital,https://ideaproof.io/failure/digital-river
Humane (humane-usa),Humane,humane-usa,United States,United States,Wearables,Hardware & robotics,Major,major,2018,2025,7,No market need,10,"Flawed product, no market need","Hardware requires extreme product-market fit confidence, as iteration post-launch is nearly impossible; validate core concepts in software first.",$230M,230000000.00,,,Unknown,https://ideaproof.io/failure/humane-usa
Wolfspeed,Wolfspeed,wolfspeed-usa,United States,United States,Information Technology/Hardware,Hardware & robotics,Major,major,1987,2025,38,"Macro, timing, or shock",5,"Market timing, over-investment, unexpected competition","Over-investing in capital-intensive infrastructure based on overly optimistic market projections and underestimating competitive threats can lead to failure, especially without cost leadership or vertical integration.",$2.0B,2000000000.00,,,Unknown,https://ideaproof.io/failure/wolfspeed-usa
Byju's Alpha (US),Byju's Alpha (US),byjus-alpha-us,United States,United States,EdTech,Education,Major,major,2021,2025,4,Fraud or governance,1,"Overleveraging, mismanagement, edtech bubble burst","Large debt financing for growth-stage consumer businesses can be a death trap; focus on capital efficiency and sustainable growth rather than rapid, debt-fueled expansion.",$1.2B,1200000000.00,,,Unknown,https://ideaproof.io/failure/byjus-alpha-us
Luminar Technologies,Luminar Technologies,luminar-technologies,United States,United States,Lidar/Autonomous Vehicles,Mobility & logistics,Notable,notable,2012,2025,13,"Macro, timing, or shock",5,"Market timing misalignment, structural OEM challenges","Building a venture-scale business on slow, low-margin automotive OEM sales cycles with long design cycles is incompatible with venture capital timelines and market expectations.",Unknown,,,,"Peter Thiel, Unknown",https://ideaproof.io/failure/luminar-technologies
Jianke,Jianke,jianke-china,China,China,Health Care/Marketplace,Healthcare & biotech,Major,major,2011,2024,13,Outcompeted,6,Competitive asphyxiation in crowded market,Pure-play startups cannot compete with tech giants in winner-take-most markets without significant 'unfair advantages' like regulatory relationships or existing user bases.,$150M,150000000.00,,,Unknown,https://ideaproof.io/failure/jianke-china
Yiyao,Yiyao,yiyao,China,China,Health Care / Marketplace,Healthcare & biotech,Major,major,2015,2024,9,Unit economics,7,"Unsustainable unit economics, strategic misalignment","Healthcare marketplaces require structural advantages beyond product, as even significant funding and decent execution cannot overcome ecosystem disadvantages and brutal unit economics.",$200M,200000000.00,,,Unknown,https://ideaproof.io/failure/yiyao
Haiming,Haiming,haiming,China,China,Communication Services,Media & social,Major,major,2019,2024,5,Regulatory or legal,2,Regulatory crackdown and strategic misalignment,"Regulatory risk is an existential threat in China; compliance-first strategy is crucial for consumer-facing platforms, especially during periods of geopolitical and internal policy shifts.",$120M,120000000.00,,,Private Equity,https://ideaproof.io/failure/haiming
Xueersi,Xueersi,xueersi-china,China,China,EdTech,Education,Major,major,2021,2024,3,Regulatory or legal,2,Regulatory crackdown by Chinese government,"Operating in regulated markets carries significant risk, and political shifts can instantly invalidate business models, especially for foreign-dependent services.",$350M,350000000.00,,,TAL Education (parent company),https://ideaproof.io/failure/xueersi-china
iQiyi VR,iQiyi VR,iqiyi-vr,China,China,Communication Services/Consumer Electronics,Hardware & robotics,Major,major,2016,2024,8,"Macro, timing, or shock",5,"Catastrophic market timing, strategic overextension","Venturing into unproven hardware markets with massive subsidies and unready consumers, even with significant funding, can lead to failure if the market doesn't mature as expected.",$400M,400000000.00,,,iQiyi,https://ideaproof.io/failure/iqiyi-vr
Tencent XR Division,Tencent XR Division,tencent-xr-division,China,China,Consumer Electronics,Hardware & robotics,Major,major,2022,2024,2,"Macro, timing, or shock",5,"Strategic misalignment, technical overreach, market timing","Corporate ventures in hardware need independent P&L, governance, and a long runway to succeed, as embedding them in software divisions often leads to premature shutdown due to culture clash and quarterly pressures.",$300M,300000000.00,,,Unknown,https://ideaproof.io/failure/tencent-xr-division
Dianwoda,Dianwoda,dianwoda,China,China,On-demand Delivery/Logistics,Mobility & logistics,Major,major,2015,2024,9,Unit economics,7,"Unsustainable unit economics, strategic investor conflict","In winner-take-all markets, accepting investment from strategic players who become direct competitors can lead to a startup's demise.",$400M,400000000.00,,,"Alibaba, SoftBank",https://ideaproof.io/failure/dianwoda
Yimidida,Yimidida,yimidida,China,China,E-commerce/Grocery delivery,Food & grocery,Major,major,2015,2024,9,Outcompeted,6,Lost subsidy war to large competitors,"Being first-to-market is not enough if you lack the capital to compete with well-funded incumbents in a price-sensitive, highly competitive market.",$600M,600000000.00,,,"Boyu Capital, GLP",https://ideaproof.io/failure/yimidida
Leishen Power,Leishen Power,leishen-power,China,China,CleanTech,Energy & climate,Major,major,2016,2024,8,Outcompeted,6,"Under-differentiated, capital-intensive hardware against incumbents","New hardware companies in capital-intensive industries struggle to compete with entrenched incumbents unless they have significant differentiation, strong customer lock-up, or a drastically different scaling model.",$250M,250000000.00,,,Unknown,https://ideaproof.io/failure/leishen-power
Yudo Auto,Yudo Auto,yudo-auto,China,China,Automotive/Electric Vehicles,Mobility & logistics,Major,major,2015,2024,9,Outcompeted,6,"Commoditization, capital inefficiency, market competition","Even substantial government funding doesn't guarantee success if market differentiation and core business viability are lacking, especially in hyper-competitive markets.",$450M,450000000.00,,,Fujian provincial government,https://ideaproof.io/failure/yudo-auto
Hikeen,Hikeen,hikeen-china,China,China,Consumer Electronics/IoT,Hardware & robotics,Major,major,2018,2024,6,Outcompeted,6,"Misread market, hardware commoditization","Hardware commoditization windows close fast; if not first or radically differentiated, don't enter, as capital cannot overcome a significant ecosystem head start.",$180M,180000000.00,,,Unknown,https://ideaproof.io/failure/hikeen-china
Zhenxin Computing,Zhenxin Computing,zhenxin-computing,China,China,Information Technology,Software & AI,Major,major,2021,2024,3,Product or execution failed,12,"Technical overreach, geopolitical naivety, lack of ecosystem","In capital-intensive, expertise-dependent industries like semiconductors, deep technical moats and a robust software ecosystem are far more critical than just large funding.",$150M,150000000.00,,,Unknown,https://ideaproof.io/failure/zhenxin-computing
Globalegrow,Globalegrow,globalegrow,China,China,E-commerce/Cross-border Retail,Commerce & retail,Major,major,2007,2024,17,Outcompeted,6,"Competitive displacement, operational inefficiency, financial collapse",Multi-brand strategies require shared infrastructure; lack of competitive agility and operational focus can be fatal for e-commerce giants.,$450M,450000000.00,,,Unknown,https://ideaproof.io/failure/globalegrow
Zhongzhi,Zhongzhi,zhongzhi,China,China,Financials,Fintech & insurance,Notable,notable,2015,2024,9,Unit economics,7,Liquidity crisis from real estate collapse,"Never fund long-duration illiquid assets with short-term liabilities without massive liquidity buffers, as maturity mismatches can quickly lead to a liquidity crisis.",Unknown,,,,Unknown,https://ideaproof.io/failure/zhongzhi
Shanghai Wusheng Semi,Shanghai Wusheng Semi,shanghai-wusheng-semi,China,China,Information Technology/Hardware,Hardware & robotics,Major,major,2021,2024,3,Other,13,"Overestimated chip manufacturing capabilities, lacked expertise","Semiconductor manufacturing requires decades of accumulated process knowledge, talent, and supplier ecosystems that cannot be bought with capital alone.",$200M,200000000.00,,,Unknown,https://ideaproof.io/failure/shanghai-wusheng-semi
Weidong Cloud,Weidong Cloud,weidong-cloud,China,China,Healthcare IT,Healthcare & biotech,Major,major,2012,2024,12,No market need,10,"Strategic incoherence, poor product-market fit","Attempting a 'boil the ocean' strategy by targeting too many customer segments simultaneously without clear product-market fit leads to failure, especially in complex markets like healthcare IT.",$300M,300000000.00,,,Unknown,https://ideaproof.io/failure/weidong-cloud
Royole Corporation,Royole Corporation,royole-corporation,China,China,Information Technology,Software & AI,Major,major,2012,2024,12,"Macro, timing, or shock",5,"Premature scaling, technical debt, and overreach",First-mover advantage in hardware is a liability without execution quality and the ability to scale efficiently.,$492.0M,492000000.00,,,Unknown,https://ideaproof.io/failure/royole-corporation
Zhenai China,Zhenai China,zhenai-china,China,China,Online Dating,Media & social,Major,major,2005,2024,19,Outcompeted,6,"Competitive displacement, strategic rigidity, unsustainable model","Pioneering a market doesn't guarantee long-term dominance if competitors out-innovate, offer better value, and adapt to changing market dynamics with sustainable models.",$200M,200000000.00,,,PAG,https://ideaproof.io/failure/zhenai-china
Dingdong Maicai,Dingdong Maicai,dingdong-maicai,China,China,On-demand Grocery Delivery,Food & grocery,Major,major,2017,2024,7,Outcompeted,6,"Unsustainable unit economics, intense competition","Instant gratification is a feature, not a moat; aggressive expansion without proven unit economics is unsustainable in low-margin industries.",$1.5B,1500000000.00,,,"SoftBank, Tiger Global",https://ideaproof.io/failure/dingdong-maicai
Fenbi,Fenbi,fenbi-china,China,China,EdTech,Education,Major,major,2015,2024,9,Regulatory or legal,2,Regulatory crackdown in China,"Regulatory risk is a core business variable in emerging markets, capable of dismantling even highly successful businesses with substantial funding.",$400M,400000000.00,,,"Matrix Partners, IDG",https://ideaproof.io/failure/fenbi-china
Kujiale,Kujiale,kujiale,China,China,Information Technology,Software & AI,Major,major,2011,2025,14,No market need,10,Solution in search of a problem,"Consumer design tools are features, not standalone products; users primarily want to buy, not design, so facilitate transactions directly.",$550M,550000000.00,,,"IDG, Matrix Partners",https://ideaproof.io/failure/kujiale
Moka,Moka,moka-china,China,China,Information Technology/SaaS (B2B),Software & AI,Major,major,2015,2025,10,Outcompeted,6,"Unsustainable unit economics, market commoditization, platform bundling","Even significant funding can't overcome unsustainable unit economics in a competitive, commoditized market lacking strong differentiators.",$200M,200000000.00,,,"GGV Capital, GSR Ventures",https://ideaproof.io/failure/moka-china
QingCloud,QingCloud,qingcloud-china,China,China,Cloud Computing/IaaS,Software & AI,Major,major,2012,2025,13,Outcompeted,6,"Hyperscaler competition, brutal unit economics","In capital-intensive infrastructure, second-tier players cannot outcompete hyperscalers with deep pockets and diverse revenue streams; it's a winner-take-all market.",$350M,350000000.00,,,Unknown,https://ideaproof.io/failure/qingcloud-china
Kingsoft Cloud,Kingsoft Cloud,kingsoft-cloud,China,China,Information Technology/SaaS,Software & AI,Major,major,2012,2025,13,Outcompeted,6,"Poor unit economics, intense competition, lack of differentiation",Pure-play infrastructure companies struggle against vertically integrated platforms that can subsidize their cloud offerings with profits from other business lines.,$1.1B,1100000000.00,,,Xiaomi founder Lei Jun,https://ideaproof.io/failure/kingsoft-cloud
Bairong Yunda,Bairong Yunda,bairong-yunda,China,China,Fintech,Fintech & insurance,Major,major,2014,2025,11,Regulatory or legal,2,"Regulatory crackdown, market collapse and competition",Fintech companies must diversify across jurisdictions and customer types to mitigate existential regulatory risks and market dependencies.,$600M,600000000.00,,,"Hillhouse, Sequoia",https://ideaproof.io/failure/bairong-yunda
Suishou Technology,Suishou Technology,suishou-technology,China,China,Financial & Fintech,Fintech & insurance,Major,major,2010,2024,14,Outcompeted,6,Platform crushed by tech giant competition,Building infrastructure in a market dominated by vertically integrated giants with infinite capital subsidies is an uphill battle that often results in failure.,$250M,250000000.00,,,"Fosun RZ Capital, others",https://ideaproof.io/failure/suishou-technology
OKX China,OKX China,okx-china,China,China,Financials,Fintech & insurance,Major,major,2017,2024,7,Regulatory or legal,2,Regulatory crackdown on cryptocurrency activity,"Operating in authoritarian markets with business models dependent on government tolerance rather than explicit approval is extremely risky, as regulatory environments can change abruptly and completely shutter operations.",$200M,200000000.00,,,Unknown,https://ideaproof.io/failure/okx-china
Bitmain,Bitmain,bitmain-china,China,China,Information Technology / Hardware,Hardware & robotics,Major,major,2013,2024,11,Fraud or governance,1,"Founder conflict, strategic overreach, market timing",Hardware businesses in cyclical markets need counter-cyclical revenue streams; relying solely on high-margin hardware with market volatility is unsustainable. Lack of software/service diversification can be fatal.,$750M,750000000.00,,,Unknown,https://ideaproof.io/failure/bitmain-china
Huobi China,Huobi China,huobi-china,China,China,Blockchain/Crypto,Crypto,Major,major,2013,2024,11,Regulatory or legal,2,"Regulatory crackdown, strategic paralysis","Regulatory risk for crypto businesses in certain jurisdictions can be existential, requiring proactive strategic pivots rather than simply operational adjustments.",$300M,300000000.00,,,Unknown,https://ideaproof.io/failure/huobi-china
Juzi,Juzi,juzi-china,China,China,Social Media/Content Discovery,Media & social,Major,major,2015,2024,9,Outcompeted,6,Competitive asphyxiation in winner-take-all market,"Competing in mature, hyper-consolidated platform markets requires significantly more capital and stronger differentiation than Juzi possessed to overcome incumbent network effects.",$150M,150000000.00,,,Private Equity,https://ideaproof.io/failure/juzi-china
Tencent Huiying,Tencent Huiying,tencent-huiying,China,China,Social Media,Media & social,Major,major,2017,2024,7,Outcompeted,6,"Failed against dominant competitors, corporate misexecution",Even massive funding and distribution don't guarantee success in competitive markets if product execution and culture are misaligned with market needs.,$250M,250000000.00,,,Tencent,https://ideaproof.io/failure/tencent-huiying
KuaiGou Dache,KuaiGou Dache,kuaigou-dache,China,China,Communication Services,Media & social,Major,major,2014,2024,10,Outcompeted,6,Competitive asphyxiation in winner-take-all market,"In winner-take-all markets, sheer capital and network effects often trump localized strategies or product differentiation, requiring orders of magnitude more funding than initially estimated.",$500M,500000000.00,,,"58.com, Sequoia Capital",https://ideaproof.io/failure/kuaigou-dache
Youxin,Youxin,youxin-china,China,China,Auto/Used Car Marketplace,Mobility & logistics,Major,major,2011,2024,13,Unit economics,7,"Unsustainable unit economics, heavy infrastructure","Marketplaces require strong unit economics at small scale before aggressive expansion, especially in high-cost, low-margin businesses with heavy infrastructure requirements.",$1.2B,1200000000.00,,,"Warburg Pincus, Tencent",https://ideaproof.io/failure/youxin-china
Dali Education,Dali Education,dali-education,China,China,EdTech,Education,Major,major,2020,2024,4,Regulatory or legal,2,Government regulatory crackdown,"Regulatory risk is existential, especially in education markets with authoritarian governments; single-country EdTech businesses in such regions are highly vulnerable.",$1.2B,1200000000.00,,,ByteDance,https://ideaproof.io/failure/dali-education
GoGoKid,GoGoKid,gogokid,China,China,EdTech,Education,Major,major,2018,2023,5,Regulatory or legal,2,"Poor unit economics, intense competition, regulation","Even with massive funding and a powerful parent company, poor unit economics and unforeseen regulatory changes can quickly sink an edtech platform.",$200M,200000000.00,,,ByteDance,https://ideaproof.io/failure/gogokid
Waka,Waka,waka-china,China,China,Communication Services,Media & social,Major,major,2020,2024,4,Outcompeted,6,"Strategic incoherence, strong network effects by competitor","Even significant funding and an experienced parent company cannot overcome fundamental strategic flaws and superior network effects when competing against an established market leader, especially your own sibling product.",$150M,150000000.00,,,ByteDance,https://ideaproof.io/failure/waka-china
Jiyue,Jiyue,jiyue,China,China,Automotive/Electric Vehicles,Mobility & logistics,Major,major,2021,2025,4,Outcompeted,6,"Market saturation, weak brand, poor differentiation","Even with major backing, joint ventures in saturated markets require crystal-clear differentiation and unified strategic direction to avoid being 'stuck in the middle' and overcome brutal unit economics.",$800M,800000000.00,,,"Baidu, Geely",https://ideaproof.io/failure/jiyue
LinkSure China,LinkSure China,linksure-china,China,China,Communication Services,Media & social,Notable,notable,2013,2024,11,Regulatory or legal,2,"Regulatory, market obsolescence, inability to pivot",Foundational business models reliant on legal/ethical grey areas and third-party platforms are inherently unstable and subject to swift market and regulatory shifts.,Unknown,,,,Unknown,https://ideaproof.io/failure/linksure-china
Meten EdtechX,Meten EdtechX,meten-edtechx-china,China,China,EdTech,Education,Major,major,2006,2024,18,Regulatory or legal,2,"Poor unit economics, regulatory changes, SPAC","Despite large funding and market valuation, unsustainable unit economics and external regulatory pressures can collapse an asset-heavy business model.",$600M,600000000.00,,,Unknown,https://ideaproof.io/failure/meten-edtechx-china
Rise Education,Rise Education,rise-education-china,China,China,EdTech,Education,Major,major,2007,2023,16,Regulatory or legal,2,Regulatory crackdown on private education,Operating in state-capitalist markets carries extreme regulatory risk that can materialize rapidly and devastate an entire business model.,$550M,550000000.00,,,Unknown,https://ideaproof.io/failure/rise-education-china
Zhubajie,Zhubajie,zhubajie,China,China,Freelance Marketplace,Commerce & retail,Major,major,2006,2024,18,Unit economics,7,"Unsustainable unit economics, market shifts, low trust","Marketplace take rates must be justified by irreplaceable value creation, not just coordination, especially amidst commoditization and evolving market dynamics.",$850M,850000000.00,,,Unknown,https://ideaproof.io/failure/zhubajie
Kaola,Kaola,kaola-china,China,China,E-commerce/Cross-border,Commerce & retail,Notable,notable,2015,2019,4,Outcompeted,6,"Competitive warfare, capital intensity","Capital-intensive business models in competitive markets require deep pockets and a clear path to profitability, as slim margins can be easily eroded by aggressive competitors.",Unknown,,,,Unknown,https://ideaproof.io/failure/kaola-china
Kuaibo (Qvod),Kuaibo (Qvod),kuaibo-qvod,China,China,Communication Services,Media & social,Major,major,2007,2014,7,Regulatory or legal,2,Legal/regulatory issues due to piracy,Founding a business model on 'plausible deniability' regarding content and infringing on copyright and obscenity laws creates an existential legal vulnerability.,$50.0M,50000000.00,,,Unknown,https://ideaproof.io/failure/kuaibo-qvod
Levteo (Letin),Levteo (Letin),levteo,China,China,Automotive/Electric Vehicles,Mobility & logistics,Major,major,2008,2023,15,Outcompeted,6,"Early market, high costs, superior competition","Early market entry in capital-intensive hardware without a software moat is challenging, as technology evolves rapidly and competition intensifies.",$500M,500000000.00,,,"Weifang municipal government, state-backed private equity",https://ideaproof.io/failure/levteo
Shixianghui,Shixianghui,shixianghui,China,China,Consumer,Commerce & retail,Major,major,2018,2021,3,Outcompeted,6,Crushed by large platform competitors,"Startups should avoid entering low-margin, high-frequency markets where well-capitalized incumbents can indefinitely subsidize losses to gain market share.",$44.6M,44600000.00,,,"Tencent, CDB Capital",https://ideaproof.io/failure/shixianghui
Wall Street English China,Wall Street English China,wall-street-english-china,China,China,EdTech,Education,Major,major,2000,2021,21,Regulatory or legal,2,"Regulatory changes, pandemic, flawed business model","Premium education models relying on large upfront payments and physical centers are highly vulnerable to regulatory shifts, pandemics, and digital disruption. True scalability requires lean unit economics.",$300.0M,300000000.00,,,Unknown,https://ideaproof.io/failure/wall-street-english-china
Iwjw (Love Home),Iwjw (Love Home),iwjw-love-home,China,China,Consumer/Home Services Marketplace,Commerce & retail,Major,major,2014,2019,5,Unit economics,7,"Poor unit economics, high CAC, low scalability","Marketplace models in high-touch, bespoke industries like home renovation struggle due to poor unit economics, high customer acquisition costs, and inherent quality control challenges.",$200M,200000000.00,,,"Temasek, Shunwei, Gaorong",https://ideaproof.io/failure/iwjw-love-home
Quanmin TV,Quanmin TV,quanmin-tv,China,China,Communication Services/Social Media,Media & social,Major,major,2015,2019,4,Outcompeted,6,"Late-mover, unsustainable unit economics, intense competition","In network-effect markets like live-streaming, late entrants struggle against established players with exclusive content, regulatory moats, and superior unit economics.",$75M,75000000.00,,,"Jingyuan Capital, Shouyou",https://ideaproof.io/failure/quanmin-tv
Tuandaiwang,Tuandaiwang,tuandaiwang,China,China,Financials/Fintech,Fintech & insurance,Major,major,2011,2019,8,Fraud or governance,1,Regulatory crackdown and operational fraud,Regulatory arbitrage is not a sustainable business model and can lead to severe consequences when regulations clarify.,$375M,375000000.00,,,"Minsheng Capital, Giant Network",https://ideaproof.io/failure/tuandaiwang
Passel,Passel,passel-australia,Australia,Australia,Communication Services,Media & social,Notable,notable,2016,2018,2,No market need,10,"Solution looking for a problem, distribution, network effects","Network effects can be detrimental if they require simultaneous group adoption rather than individual value, and forcing users to migrate to a new platform is a significant barrier to entry.",$300K,300000.00,,,Unknown,https://ideaproof.io/failure/passel-australia
YourGrocer,YourGrocer,yourgrocer-australia,Australia,Australia,"E-commerce Grocery, Retail",Food & grocery,Notable,notable,2013,2023,10,Unit economics,7,Undercapitalization in capital-intensive industry,"Online grocery delivery is a capital-intensive business with low margins, requiring significant funding to achieve scale and compete with established incumbents.",$1.5M,1500000.00,,,Unknown,https://ideaproof.io/failure/yourgrocer-australia
Halo Food Co.,Halo Food Co.,halo-food-co,Australia,Australia,Food & Beverage/Plant-Based,Food & grocery,Notable,notable,2017,2023,6,Outcompeted,6,"Intense competition, poor unit economics","In crowded CPG markets, product quality is not enough; distribution and strong differentiation are critical for survival against incumbents and well-funded rivals.",$15M,15000000.00,,,Unknown,https://ideaproof.io/failure/halo-food-co
Voly Australia,Voly Australia,voly-australia,Australia,Australia,Financial & Fintech,Fintech & insurance,Notable,notable,2021,2022,1,Outcompeted,6,"Oversaturated market, poor unit economics, low differentiation","Neobanks targeting consumers must achieve massive scale (500K+ active users) to reach unit economics breakeven, requiring clear differentiation and efficient customer acquisition.",$13M,13000000.00,,,"Peak XV/Sequoia, Global Founders Capital",https://ideaproof.io/failure/voly-australia
Big Un Australia,Big Un Australia,big-un-australia,Australia,Australia,Communication Services/Marketplace,Media & social,Major,major,2013,2018,5,Fraud or governance,1,Massive securities fraud and fabricated revenue,Financial transparency and ethical reporting are paramount for marketplace businesses to maintain investor and public trust.,$20M,20000000.00,,,Unknown,https://ideaproof.io/failure/big-un-australia
Booktopia,Booktopia,booktopia-australia,Australia,Australia,Consumer/Marketplace,Commerce & retail,Major,major,2004,2024,20,Unit economics,7,"Stuck in the middle strategy, low margins.",Commodity markets demand either extreme cost leadership (like Amazon) or strong differentiation through unique community and curation (like independent bookstores); being 'stuck in the middle' with mid-range pricing and impersonal service is a recipe for failure.,$30.0M,30000000.00,,,Unknown,https://ideaproof.io/failure/booktopia-australia
Unlockd,Unlockd,unlockd-australia,Australia,Australia,Communication Services,Media & social,Major,major,2014,2018,4,Regulatory or legal,2,Platform gatekeeper legal and regulatory failure,"Never build a business model that requires circumventing or exploiting gray areas in platform terms of service, as platform risk is binary and can lead to catastrophic failure.",$37M,37000000.00,,,"Axiata Group, Catch Group",https://ideaproof.io/failure/unlockd-australia
GetSwift,GetSwift,getswift-australia,Australia,Australia,Information Technology/SaaS,Software & AI,Major,major,2015,2021,6,Fraud or governance,1,"Securities fraud, misleading partnership claims","Founders must distinguish between pilot programs, MOUs, and binding contracts, as misleading partnership announcements can lead to legal and financial ruin.",$75.0M,75000000.00,,,Unknown,https://ideaproof.io/failure/getswift-australia
Guvera,Guvera,guvera,Australia,Australia,Music Streaming,Media & social,Major,major,2008,2017,9,Unit economics,7,"Unsustainable unit economics, poor licensing deals",Three-sided marketplaces require balancing distinct value propositions for all parties; negative unit economics masked by venture capital lead to inevitable collapse.,$135M,135000000.00,,,Unknown,https://ideaproof.io/failure/guvera
Wukong Wenda,Wukong Wenda,wukong-wenda,China,China,Social Media,Media & social,Major,major,2017,2021,4,Outcompeted,6,Underestimated incumbent network effects and community,Aggressive spending and distribution alone are insufficient to dislodge community-driven platforms with strong network effects and established user cultures; product-market fit requires deeply understanding user behavior beyond just content consumption.,$145M,145000000.00,,,Unknown,https://ideaproof.io/failure/wukong-wenda
Hanteng Auto,Hanteng Auto,hanteng-auto,China,China,Automotive / EV Manufacturing,Mobility & logistics,Major,major,2013,2021,8,Outcompeted,6,Catastrophic competitive disadvantage in crowded market,Even significant funding is insufficient for hardware manufacturing in a hyper-competitive market without strong differentiation or established infrastructure.,$200M,200000000.00,,,Tech-New Group,https://ideaproof.io/failure/hanteng-auto
Zhidou,Zhidou,zhidou-china,China,China,Automotive/Electric Vehicles,Mobility & logistics,Major,major,2006,2019,13,Regulatory or legal,2,"Misread market, shifted regulations, competition","Relying on regulatory arbitrage for a business model is a short-term strategy that collapses when regulations inevitably change, especially in dynamic markets.",$150M,150000000.00,,,"Geely, GSR Ventures",https://ideaproof.io/failure/zhidou-china
Feiliao (Flipchat),Feiliao (Flipchat),feiliao-flipchat,China,China,Communication Services/Social Media,Media & social,Major,major,2019,2021,2,Outcompeted,6,"Overambitious, strong competition, lack of unique value","Even with massive resources, competing directly with established network effects in social media is extremely difficult without truly differentiated value.",$50M,50000000.00,,,Unknown,https://ideaproof.io/failure/feiliao-flipchat
Tacoma Nanjing,Tacoma Nanjing,tacoma-nanjing,China,China,Electric Vehicle Manufacturing,Mobility & logistics,Major,major,2015,2020,5,"Macro, timing, or shock",5,"Under-capitalization, market timing, intense competition","Large-scale asset-heavy manufacturing requires immense capital and deep competitive analysis, especially in rapidly evolving and heavily subsidized markets.",$365M,365000000.00,,,"Nanjing municipal government, private investors",https://ideaproof.io/failure/tacoma-nanjing
Chengxin Youxuan,Chengxin Youxuan,chengxin-youxuan,China,China,E-commerce/Community Group Buying,Commerce & retail,Major,major,2020,2021,1,Outcompeted,6,"Unsustainable subsidies, intense competition","Addiction to subsidies for growth in hyper-competitive markets is fatal, leading to unsustainable unit economics and rapid cash burn.",$1.2B,1200000000.00,,,"SoftBank, DST Global, IDG",https://ideaproof.io/failure/chengxin-youxuan
Enovate Motors (Tianji),Enovate Motors (Tianji),enovate-motors,China,China,Automotive/Electric Vehicles,Mobility & logistics,Major,major,2015,2023,8,Product or execution failed,12,"Capital exhaustion, operational execution, market consolidation","Hardware businesses, especially in highly capital-intensive sectors like EV manufacturing, require significantly more capital and flawless execution than anticipated to survive hyper-competitive markets.",$1.67B,1670000000.00,,,"Shanghai Electric, Unknown strategic investors",https://ideaproof.io/failure/enovate-motors
Xuebajun,Xuebajun,xuebajun,China,China,EdTech,Education,Major,major,2013,2021,8,Regulatory or legal,2,"Unit economics, regulation, strategic missteps","Xuebajun's pivot from a free, scalable homework app to a high-cost 1-on-1 tutoring service created unsustainable unit economics, exacerbated by intense competition and sudden regulatory changes, highlighting the extreme risks of unproven monetization strategies in cutthroat markets.",$150M,150000000.00,,,"Qiming, Vertex",https://ideaproof.io/failure/xuebajun
Dangke Apartment (Eggshell),Dangke Apartment (Eggshell),dangke-apartment-eggshell,China,China,Real Estate / Co-living,Real estate,Major,major,2015,2020,5,Fraud or governance,1,"Ponzi-like model, cash flow insolvency","A business model heavily reliant on continuous growth and new capital to cover fundamental cash flow mismatches is unsustainable, especially when external shocks occur.",$684.0M,684000000.00,,,"Tiger Global, Ant Group, CMC Capital",https://ideaproof.io/failure/dangke-apartment-eggshell
Saleen China,Saleen China,saleen-china,China,China,Automotive/EV Manufacturing,Mobility & logistics,Major,major,2009,2020,11,Unit economics,7,"Catastrophic unit economics, strategic misalignment","Building hardware at scale requires a complete ecosystem, not just a product, and massive capital combined with misaligned incentives can lead to catastrophic failure.",$885M,885000000.00,,,"Rugao City Government, Chinese investors",https://ideaproof.io/failure/saleen-china
Wujiang Hotels,Wujiang Hotels,wujiang-hotels,China,China,Hospitality/Budget Hotel Aggregation,Healthcare & biotech,Major,major,2019,2020,1,"Macro, timing, or shock",5,"COVID-19 timing, intense competition, capital-intensive model","Capital-intensive 'lease guarantee' models in hospitality are highly vulnerable to market shocks like pandemics and fierce competition, especially when scaling in commoditized segments.",$30M,30000000.00,,,Trip.com (Ctrip),https://ideaproof.io/failure/wujiang-hotels
Baicheng,Baicheng,baicheng,China,China,E-commerce/Marketplace,Commerce & retail,Major,major,2000,2020,20,Outcompeted,6,"Competitive displacement, strategic misalignment, poor execution","In platform businesses, owning critical infrastructure like payments and logistics creates defensibility that pure software alone cannot, as demonstrated by Alibaba's Alipay in China's e-commerce market.",$49M,49000000.00,,,"Alibaba, China Broadband Capital",https://ideaproof.io/failure/baicheng
Bitspark,Bitspark,bitspark-china,Hong Kong,Other,Fintech/Blockchain Remittance,Crypto,Notable,notable,2014,2020,6,Regulatory or legal,2,"Undercapitalized, regulatory whiplash, poor timing","Regulated fintech businesses require significantly more capital than typically estimated, especially when navigating complex and evolving regulatory landscapes in emerging markets.",$68K,68000.00,,,Unknown,https://ideaproof.io/failure/bitspark-china
Bordrin Motors,Bordrin Motors,bordrin-motors,China,China,Automotive / Electric Vehicles,Mobility & logistics,Major,major,2016,2021,5,Outcompeted,6,"Intense competition, inefficient capital use",Hardware startups in competitive markets require massive capital efficiency and rapid scale to overcome intense competition and high production costs.,$362M,362000000.00,,,"Sumitomo Corp, China Minsheng",https://ideaproof.io/failure/bordrin-motors
LeSports China,LeSports China,lesports-china,China,China,Communication Services/Sports Streaming,Media & social,Major,major,2014,2018,4,Unit economics,7,Unsustainable spending on content rights,Blindly pursuing growth through unsustainable content acquisition in highly competitive markets can lead to catastrophic cash burn and collapse.,$1.7B,1700000000.00,,,Unknown,https://ideaproof.io/failure/lesports-china
Dev Bootcamp,Dev Bootcamp,dev-bootcamp,United States,United States,EdTech,Education,Major,major,2012,2017,5,Other,13,"Oversaturated market, lack of adaptability, scalability issues","First-mover advantage in education is a trap without continuous innovation; market dynamics can shift quickly, requiring constant adaptation to remain competitive.",$30M,30000000.00,,,Kaplan,https://ideaproof.io/failure/dev-bootcamp
The Iron Yard,The Iron Yard,the-iron-yard,United States,United States,EdTech,Education,Notable,notable,2013,2017,4,"Macro, timing, or shock",5,"Premature scaling, market saturation",Aggressive physical expansion in EdTech without robust unit economics and market understanding can lead to collapse.,$15M,15000000.00,,,Apollo Education Group,https://ideaproof.io/failure/the-iron-yard
ITT Technical Institute,ITT Technical Institute,itt-tech,United States,United States,EdTech,Education,Notable,notable,1969,2016,,Fraud or governance,1,Regulatory execution due to systemic fraud,For-profit education models relying heavily on federal student aid are inherently unstable and prone to regulatory scrutiny if outcomes are poor or practices are predatory.,Unknown,,,,Unknown,https://ideaproof.io/failure/itt-tech
Corinthian Colleges (corinthian-usa),Corinthian Colleges,corinthian-usa,United States,United States,Education Tech,Education,Major,major,1995,2015,20,Fraud or governance,1,Regulatory crackdown on systemic fraud,Business models decoupled from genuine student success and reliant on aggressive recruitment and fabricated outcomes are regulatory time bombs.,$1.0B,1000000000.00,,,Unknown,https://ideaproof.io/failure/corinthian-usa
Juni Learning,Juni Learning,juni-learning,United States,United States,EdTech,Education,Major,major,2017,2024,7,"Macro, timing, or shock",5,"Unsustainable unit economics, post-pandemic correction","Human-labor-intensive EdTech models require high gross margins (70%+) to be venture fundable, a challenge for 1-on-1 tutoring at sub-$400/month pricing.",$30M,30000000.00,,,"Forerunner, Index Ventures",https://ideaproof.io/failure/juni-learning
AltSchool,AltSchool,altschool-usa,United States,United States,EdTech,Education,Major,major,2013,2019,6,Unit economics,7,"Poor unit economics, strategic confusion","Operating schools to build software created irreconcilable conflicts, highlighting the 'full-stack' fallacy in the education sector.",$175M,175000000.00,,,"Mark Zuckerberg, Founders Fund",https://ideaproof.io/failure/altschool-usa
Zovio,Zovio,zovio,United States,United States,Education Technology,Education,Major,major,2004,2022,18,Regulatory or legal,2,Regulatory and reputational strangulation,"Founders must recognize that regulatory frameworks can undermine a business model, especially when those regulations are tied to public perception and government funding.",$400M,400000000.00,,,Unknown,https://ideaproof.io/failure/zovio
AllHere,AllHere,allhere-usa,United States,United States,EdTech,Education,Notable,notable,2016,2024,8,No market need,10,"AI product-market fit, EdTech sales","AI capabilities are rapidly commoditizing; building a sustainable EdTech solution requires deep understanding of sales cycles and operational realities, not just technological prowess.",$13M,13000000.00,,,Rethink Education,https://ideaproof.io/failure/allhere-usa
Udacity,Udacity,udacity,United States,United States,EdTech,Education,Major,major,2011,2024,13,"Macro, timing, or shock",5,"Low completion rates, high burn","Even with substantial funding and an early market lead, low course completion rates and an unsustainable business model can erode a company's market position and lead to significant financial struggles.",$1.0B,1000000000.00,,,Unknown,https://ideaproof.io/failure/udacity
Dux Education,Dux Education,dux-education,India,India,EdTech,Education,Notable,notable,2020,2023,3,Outcompeted,6,"Market saturation, poor differentiation, unsustainable economics","In hyper-competitive markets, differentiation and sustainable unit economics are crucial; avoid me-too products during boom cycles.",Unknown,,,,Unknown,https://ideaproof.io/failure/dux-education
2U,2U,2u,United States,United States,EdTech,Education,Notable,notable,2008,2024,16,Unit economics,7,"Unsustainable unit economics, M&A, market shift",Revenue-share models with suppliers in edtech can lead to margin-squeezed operations with no pricing power; owning content or proprietary tech is crucial.,Unknown,,,,Unknown,https://ideaproof.io/failure/2u
Invact Metaversity,Invact Metaversity,invact-metaversity,India,India,EdTech,Education,Notable,notable,2021,2022,1,Other,13,"Misread market, solution-first thinking","Novel technology alone doesn't guarantee success; educational value and job outcomes are primary for professional learners, not just delivery mechanism.",$5.0M,5000000.00,,,Unknown,https://ideaproof.io/failure/invact-metaversity
Crejo.Fun,Crejo.Fun,crejo-fun,India,India,Information Technology/Developer Tools,Software & AI,Notable,notable,2020,2022,2,No market need,10,"Product-market misalignment, mistimed platform shift","No-code platforms in emerging markets need to avoid complexity and instead offer vertical, AI-driven solutions that solve the full job-to-be-done for specific niches, rather than generic tools.",$3.0M,3000000.00,,,Matrix Partners,https://ideaproof.io/failure/crejo-fun
Yellow Class,Yellow Class,yellow-class,India,India,EdTech,Education,Notable,notable,2020,2023,3,"Macro, timing, or shock",5,"Unsustainable unit economics, bad market timing","Live human instruction does not scale profitably in edtech, requiring either recorded content, AI tutoring, or B2B2C distribution to achieve sustainable unit economics.",$7.5M,7500000.00,,,Unknown,https://ideaproof.io/failure/yellow-class
Udayy,Udayy,udayy-india,India,India,EdTech,Education,Notable,notable,2019,2022,3,Outcompeted,6,Underfunded in competitive market,"In hyper-competitive, commoditized markets, capital efficiency is critical, and being underfunded against giants can prevent achieving escape velocity.",$13.5M,13500000.00,,,"Norwest Venture Partners, Alpha Wave",https://ideaproof.io/failure/udayy-india
Frank,Frank,frank-usa,United States,United States,Fintech/Education,Fintech & insurance,Major,major,2016,2023,7,Fraud or governance,1,Alleged founder fraud on user numbers,"Allegations of founder fraud concerning user metrics directly led to Frank's demise, highlighting the critical importance of verifiable data and ethical leadership.",$175.0M,175000000.00,,,JP Morgan (Acquirer),https://ideaproof.io/failure/frank-usa
Pluralsight,Pluralsight,pluralsight,United States,United States,Information Technology,Software & AI,Major,major,2004,2024,20,Unit economics,7,"Unsustainable unit economics, market fragmentation",Edtech engagement and ROI for enterprise sales are crucial; a 'growth-at-all-costs' model masked fundamental unit economic problems leading to a slow-motion collapse.,$4.0B,4000000000.00,,,Vista Equity,https://ideaproof.io/failure/pluralsight
Bitwise Industries,Bitwise Industries,bitwise-industries,United States,United States,Information Technology,Software & AI,Major,major,2013,2023,10,Other,13,"Overambitious, multi-venture, poor cash flow","Attempting to run multiple capital-intensive, low-margin businesses simultaneously without achieving operational leverage is a recipe for disaster.",$158M,158000000.00,,,"Kapor Capital, Goldman Sachs Urban Investment Group",https://ideaproof.io/failure/bitwise-industries
Dada English,Dada English,dada-english,China,China,EdTech,Education,Major,major,2013,2021,8,Regulatory or legal,2,Regulatory ban on for-profit tutoring,"In authoritarian markets, regulatory risk can be total, instant, and unappealable, requiring a significant haircut to TAM-based valuations for sustainable growth.",$100M,100000000.00,,,"Tiger Global, TAL Education",https://ideaproof.io/failure/dada-english
Byju's,Byju's,byjus-india,India,India,EdTech,Education,Major,major,2011,2025,14,Unit economics,7,"Unsustainable growth, poor unit economics","Growth at all costs through aggressive M&A and high customer acquisition without sustainable unit economics is a recipe for disaster, especially when product-market fit is superficial.",$6B,6000000000.00,,,Unknown,https://ideaproof.io/failure/byjus-india
Silicon Valley Bank (SVB),Silicon Valley Bank (SVB),silicon-valley-bank,United States,United States,Financials,Fintech & insurance,Major,major,1983,2023,40,Other,13,"Asset-liability mismatch, concentration risk","Concentration risk in a single industry can create correlated failure modes, making a business vulnerable to market shifts.",$209.0B in assets,,,,Unknown,https://ideaproof.io/failure/silicon-valley-bank
Bitfront USA,Bitfront USA,bitfront-usa,United States,United States,Financial & Fintech,Fintech & insurance,Notable,notable,2020,2023,3,Outcompeted,6,"Late-mover disadvantage, insufficient differentiation","In network-effects-driven markets, late entrants without strong differentiation or a unique wedge face insurmountable challenges against established competitors.",$10M,10000000.00,,,Unknown,https://ideaproof.io/failure/bitfront-usa
Neeva,Neeva,neeva,United States,United States,Information Technology / SaaS (B2C),Software & AI,Major,major,2019,2023,4,Acquired or shut by owner,3,"High acquisition costs, misaligned business model","Consumers have near-zero willingness-to-pay for search, making a subscription model incredibly difficult against free ad-supported giants.",$77.0M,77000000.00,,,Unknown,https://ideaproof.io/failure/neeva
VisionAI,VisionAI,visionai,United States,United States,Artificial Intelligence,Software & AI,Major,major,2020,2025,5,Other,13,Strategic misalignment with market evolution,"Founders must build applications that deliver clear business outcomes, rather than just selling infrastructure, especially in rapidly evolving tech markets.",$80M,80000000.00,,,Unknown,https://ideaproof.io/failure/visionai
Locomation,Locomation,locomation,United States,United States,Robotics/Autonomous Trucking,Mobility & logistics,Major,major,2018,2023,5,Regulatory or legal,2,"Product-market fit, technical overreach, regulatory hurdles",Regulatory risk is a primary constraint in physical-world AI and physical-world hardware integration is a multi-dimensional challenge.,$100.0M,100000000.00,,,Scale Venture,https://ideaproof.io/failure/locomation
TuSimple,TuSimple,tusimple-china,United States,United States,Industrials/AI,Hardware & robotics,Major,major,2015,2024,9,Fraud or governance,1,Geopolitical risks and corporate governance issues,"Geopolitical tensions and corporate governance issues can be existential threats, especially for dual-use technologies in an interconnected world.",$1B,1000000000.00,,,"UPS, Nvidia",https://ideaproof.io/failure/tusimple-china
SunCable,SunCable,suncable-australia,Australia,Australia,Utilities/CleanTech,Energy & climate,Major,major,2018,2023,5,Other,13,Insufficient capital for megaproject scale,"Megaprojects require state-level backing or Public-Private Partnerships, not traditional venture capital, due to extreme capital needs and long timelines.",$130.0M,130000000.00,,,"Mike Cannon-Brookes, Andrew Forrest",https://ideaproof.io/failure/suncable-australia
Embark,Embark,embark-usa,United States,United States,Industrials/Robotics,Hardware & robotics,Major,major,2016,2023,7,Other,13,"Underestimated tech complexity, capital market realities",Deep tech development timelines often clash with capital market expectations; high TAM doesn't compensate for underestimated technology readiness levels.,$300M,300000000.00,,,Tiger Global,https://ideaproof.io/failure/embark-usa
Groop,Groop,groop-turkey,Turkey,Turkey,Consumer/marketplace,Commerce & retail,Notable,notable,2017,2021,4,Unit economics,7,"No market need, catastrophic unit economics","Two-sided marketplaces need a 10x better value proposition than existing solutions to overcome friction, especially in competitive and volatile markets.",$500K,500000.00,,,500 Startups,https://ideaproof.io/failure/groop-turkey
Incita,Incita,incita,Turkey,Turkey,Enterprise Software,Software & AI,Notable,notable,2018,2022,4,Other,13,"Macroeconomic headwinds, currency crisis",Emerging market SaaS requires robust currency hedging and a strong value proposition to overcome macroeconomic volatility and limited local purchasing power.,Unknown,,,,Unknown,https://ideaproof.io/failure/incita
Tazemasa,Tazemasa,tazemasa,Turkey,Turkey,Online Grocery Delivery,Food & grocery,Notable,notable,2012,2023,11,Unit economics,7,"Poor unit economics, low margins, lack of scale",Capital-intensive businesses with low margins require significant funding and scale to achieve profitability; strong unit economics are crucial for survival.,$2M,2000000.00,,,Unknown,https://ideaproof.io/failure/tazemasa
Lidyana,Lidyana,lidyana-turkey,Turkey,Turkey,Consumer E-commerce / Fashion Tech,Commerce & retail,Notable,notable,2012,2022,10,Unit economics,7,Unsustainable unit economics in hybrid model,Hybrid content-commerce models are capital intensive and require strong unit economics and execution to succeed; niche focus or structural advantage is crucial.,$10M,10000000.00,,,"Endeavor, RuNet",https://ideaproof.io/failure/lidyana-turkey
Vebitcoin,Vebitcoin,vebitcoin-turkey,Turkey,Turkey,Financials/Fintech,Fintech & insurance,Notable,notable,2017,2021,4,Fraud or governance,1,Founder absconded with customer funds,"Financial platforms require robust trust infrastructure, secure custody, and strict regulatory compliance; commingling funds leads to catastrophic failure.",Unknown,,,,Unknown,https://ideaproof.io/failure/vebitcoin-turkey
GittiGidiyor,GittiGidiyor,gittigidiyor-turkey,Turkey,Turkey,E-commerce/Marketplace,Commerce & retail,Notable,notable,2001,2022,21,Outcompeted,6,"Platform obsolescence, strategic neglect by eBay","Marketplaces must continuously evolve with user expectations and local market dynamics, or risk being outcompeted by modern mobile-first platforms and specialized services.",Unknown,,,,Unknown,https://ideaproof.io/failure/gittigidiyor-turkey
Getir (Intl. Ops),Getir (Intl. Ops),getir-intl-ops,Turkey,Turkey,Quick Commerce/Grocery Delivery,Food & grocery,Notable,notable,2015,2024,9,"Macro, timing, or shock",5,"Unsustainable unit economics, premature international expansion","Capital-intensive marketplaces need to achieve unit-level profitability in one market before attempting rapid, simultaneous international expansion to avoid catastrophic capital burn and market timing issues.",Unknown,,,,Unknown,https://ideaproof.io/failure/getir-intl-ops
Thodex,Thodex,thodex-turkey,Turkey,Turkey,Financials,Fintech & insurance,Notable,notable,2017,2021,4,Other,13,Large-scale crypto exit scam,Exchanges must provide verifiable 'Proof-of-Reserves' and adhere to strict regulatory compliance to prevent fraudulent activities and protect user assets.,Unknown,,,,Unknown,https://ideaproof.io/failure/thodex-turkey
HomeHero,HomeHero,homehero,United States,United States,Health Care/Marketplace,Healthcare & biotech,Major,major,2013,2017,4,Regulatory or legal,2,Misunderstood healthcare economics & regulations,Healthcare marketplaces require defensible supply and a deep understanding of regulatory complexities and unit economics beyond typical on-demand models.,$23M,23000000.00,,,"Social Capital, Graham Holdings",https://ideaproof.io/failure/homehero
Alle App,Alle App,alle-app,India,India,Social Commerce/E-commerce,Media & social,Notable,notable,2023,2026,3,Outcompeted,6,"Competitive compression, capital inefficiency","In hyper-competitive markets like Indian social commerce, strong distribution and capital efficiency are paramount, as even good product ideas can be overwhelmed by dominant players.",$3M,3000000.00,,,Elevation Capital,https://ideaproof.io/failure/alle-app
Subspace\USA,Subspace\USA,subspace,United States,United States,Information Technology,Software & AI,Major,major,2018,2022,4,Unit economics,7,Capital-intensive infrastructure meets slow sales,"Infrastructure startups require significantly more capital than estimated and face long enterprise sales cycles, making them vulnerable during market downturns.",$26.0M,26000000.00,,,Unknown,https://ideaproof.io/failure/subspace
ADAMOS,ADAMOS,adamos,Germany,Germany,Industrials/IoT Platform,Hardware & robotics,Major,major,2017,2023,6,Fraud or governance,1,"Consortium governance complexity, slow execution","Consortium models with diverse, slow-moving partners stifle innovation and swift execution in fast-paced software markets, especially with conflicting incentives.",$60M,60000000.00,,,"DMG MORI, Dürr, Zeiss",https://ideaproof.io/failure/adamos
Meatable,Meatable,meatable,Netherlands,Other,Biotechnology/Cultivated Meat,Healthcare & biotech,Major,major,2018,2025,7,Ran out of cash or could not raise,8,"Commercialization chasm, deeptech complexity, insufficient runway","Deeptech startups, especially in capital-intensive areas like cultivated meat, must manage capital runway effectively and consider wedge products over moonshots for earlier commercial viability.",$100M,100000000.00,,,"Agronomics, BlueYard",https://ideaproof.io/failure/meatable
Smartisan,Smartisan,smartisan-china,China,China,Information Technology,Software & AI,Major,major,2012,2019,7,Outcompeted,6,"Competition, unsustainable unit economics, hardware war",Hardware startups require significantly more capital than anticipated and face brutal competition and scaling challenges.,$250.0M,250000000.00,,,Unknown,https://ideaproof.io/failure/smartisan-china
Stadia,Stadia,stadia,United States,United States,Communication Services,Media & social,Major,major,2019,2023,4,Product or execution failed,12,"Strategic incoherence, content scarcity, poor execution","Even world-class technology in consumer platforms fails without exclusive content, strong ecosystem lock-in, and clear market differentiation.",$1.0B,1000000000.00,,,Unknown,https://ideaproof.io/failure/stadia
InStream,InStream,instream,Poland,Poland,Video Streaming & Creator Economy,Media & social,Notable,notable,2015,2023,8,Outcompeted,6,Insufficient capital for competitive market,Building a two-sided marketplace in a capital-intensive industry requires significant funding to compete with entrenched incumbents and attract both creators and audiences.,$500K,500000.00,,,Unknown,https://ideaproof.io/failure/instream
Fair.com,Fair.com,fair-com-usa,United States,United States,Automotive / Flexible Ownership,Mobility & logistics,Major,major,2016,2022,6,Unit economics,7,"Negative unit economics, asset-heavy model","Asset-heavy marketplaces require robust unit economics from day one, as scaling negative margins only accelerates failure.",$2.1B,2100000000.00,,,"SoftBank, BMW",https://ideaproof.io/failure/fair-com-usa
Lovely,Lovely,lovely-poland,Poland,Poland,Real Estate / PropTech,Real estate,Notable,notable,2016,2022,6,Outcompeted,6,"Undercapitalization, strong incumbents, low trust market","Building a two-sided marketplace, particularly in a low-trust market with strong incumbents, requires substantial capital that $250K simply cannot provide.",$250K,250000.00,,,PROTOS VC,https://ideaproof.io/failure/lovely-poland
TurboTranslations,TurboTranslations,turbotranslations,Poland,Poland,Communication Services,Media & social,Notable,notable,2014,2023,9,Outcompeted,6,Technological disruption by AI translation,"Marketplace models are vulnerable when technology eliminates the need for their core human-powered supply, especially in rapidly evolving tech sectors.",$150K,150000.00,,,Unknown,https://ideaproof.io/failure/turbotranslations
Woolet,Woolet,woolet-poland,Poland,Poland,Consumer Hardware,Hardware & robotics,Notable,notable,2015,2021,6,"Macro, timing, or shock",5,"Unsustainable unit economics, hardware competition, market timing",Hardware startups require significantly more capital and time than software; insufficient funding led to Woolet's demise in a highly competitive market.,$400K,400000.00,,,"Crowdfunding, Angels",https://ideaproof.io/failure/woolet-poland
Arrinera,Arrinera,arrinera,Poland,Poland,Automotive / Supercar Manufacturing,Mobility & logistics,Notable,notable,2008,2021,13,Regulatory or legal,2,"Underestimated capital, regulatory, and supply chain needs","Building a hardware startup, especially in complex industries like automotive, requires orders of magnitude more capital, domain expertise, and strategic partnerships than many founders anticipate.",$5.0M,5000000.00,,,"Private Investors, Polish Government Grants",https://ideaproof.io/failure/arrinera
RightHello,RightHello,righthello,Poland,Poland,Information Technology,Software & AI,Notable,notable,2014,2022,8,Outcompeted,6,"Stuck in competitive, commoditized market","In commoditized markets, undifferentiated feature parity is a death trap; unique value propositions or specialized niches are critical for survival.",Unknown,,,,Unknown,https://ideaproof.io/failure/righthello
Surge Cloud,Surge Cloud,surge-cloud,Poland,Poland,Information Technology,Software & AI,Notable,notable,2018,2023,5,Other,13,"Underestimated capital intensity, hyperscaler moat","Infrastructure businesses are extremely capital-intensive and require vast resources to compete with established hyperscalers like AWS, Azure, and GCP.",$1.0M,1000000.00,,,Unknown,https://ideaproof.io/failure/surge-cloud
Cinkciarz.pl (Conotoxia),Cinkciarz.pl (Conotoxia),cinkciarz-pl,Poland,Poland,Fintech,Fintech & insurance,Notable,notable,2010,2024,14,Fraud or governance,1,"Regulatory issues, alleged Ponzi scheme",Regulatory compliance is not a 'nice-to-have' in fintech—it's the product; operating in gray zones enables early growth but leads to eventual collapse.,Unknown,,,,Unknown,https://ideaproof.io/failure/cinkciarz-pl
Zortrax,Zortrax,zortrax,Poland,Poland,Industrials/3D Printing,Hardware & robotics,Notable,notable,2013,2024,11,Outcompeted,6,"Market commoditization, strategic rigidity","Proprietary hardware in rapidly commoditizing markets struggles without adapting to open-source competition and changing customer demands, leading to being stranded in a shrinking middle-market segment.",$15M,15000000.00,,,NewConnect public market,https://ideaproof.io/failure/zortrax
Neon Shake,Neon Shake,neon-shake,Poland,Poland,Information Technology/Digital Agency,Software & AI,Notable,notable,2009,2023,14,Other,13,Failed to adapt services model,Digital agencies must transition from a services model to a scalable product business within 3-5 years to avoid commoditization and AI disruption.,Unknown,,,,Unknown,https://ideaproof.io/failure/neon-shake
NK.pl,NK.pl,nk-pl,Poland,Poland,Social Networking,Media & social,Notable,notable,2006,2021,15,Outcompeted,6,"Loss to global competitors, slow innovation",First-mover advantage in platform businesses is temporary without continuous innovation velocity and adaptation to new trends like mobile-first.,Unknown,,,,Unknown,https://ideaproof.io/failure/nk-pl
Ursus,Ursus,ursus-poland,Poland,Poland,Industrials/Agricultural Machinery,Food & grocery,Major,major,,2021,,Regulatory or legal,2,"Technological obsolescence, market competition, failed industrial policy","For established industries, continuous innovation and adaptation to market changes are crucial to avoid obsolescence and compete against global leaders.",$77M,77000000.00,,,"Public bailouts, Unknown",https://ideaproof.io/failure/ursus-poland
Merlin.pl,Merlin.pl,merlin-pl,Poland,Poland,E-commerce/Marketplace,Commerce & retail,Notable,notable,1999,2024,25,"Macro, timing, or shock",5,"Premature market timing, strategic inflexibility, capital inefficiency","Even with a strong vision, launching an innovative product too far ahead of market readiness can lead to failure, as infrastructure and consumer behavior may not yet support sustainable growth.",$9.0M,9000000.00,,,Unknown (publicly traded),https://ideaproof.io/failure/merlin-pl
Onkyo,Onkyo,onkyo,Japan,Other,Consumer Electronics,Hardware & robotics,Notable,notable,,2022,,Product or execution failed,12,"Market shift, failed software pivot, legacy business","Legacy hardware companies must adapt to software-driven ecosystems and recurring revenue models, or risk obsolescence from market shifts and changing consumer behavior.",Unknown,,,,Unknown,https://ideaproof.io/failure/onkyo
Tateru,Tateru,tateru-japan,Japan,Other,Real Estate/Proptech,Real estate,Notable,notable,2006,2021,15,Fraud or governance,1,"Fraud scandal, unsustainable growth model","Regulated marketplace businesses require physical and legal infrastructure to scale proportionally with technology, otherwise fraud and shortcuts become inevitable under growth pressure.",Unknown,,,,Unknown,https://ideaproof.io/failure/tateru-japan
Renown Japan,Renown Japan,renown-japan,Japan,Other,Apparel Retail,Commerce & retail,Major,major,,2020,,Outcompeted,6,"Distribution channel obsolescence, failure to adapt",Over-reliance on outdated distribution channels and a failure to adapt to changing consumer preferences and e-commerce can lead to the downfall of even long-established companies.,$125M,125000000.00,,,Shandong Ruyi,https://ideaproof.io/failure/renown-japan
FCNT,FCNT,fcnt-japan,Japan,Other,Information Technology/Hardware,Hardware & robotics,Major,major,2018,2023,5,Outcompeted,6,Hardware commoditization in mature market,"Attempting to compete in a commoditized hardware market, especially against established global players, is exceptionally difficult without a significant software or ecosystem advantage.",$1.0B,1000000000.00,,,Polaris Capital,https://ideaproof.io/failure/fcnt-japan
Rumah.com,Rumah.com,rumah-com,Indonesia,Indonesia,Real Estate/Marketplace,Real estate,Notable,notable,2011,2023,12,Outcompeted,6,"Competitive displacement, limited transaction control","Marketplaces must own the transaction, not just lead generation, to build a sustainable moat against better-capitalized competitors.",Unknown,,,,Unknown,https://ideaproof.io/failure/rumah-com
Airy Rooms,Airy Rooms,airy-rooms,Indonesia,Indonesia,Travel/Hospitality,Healthcare & biotech,Notable,notable,2015,2020,5,Acquired or shut by owner,3,"Unsustainable unit economics, parent company misalignment","Marketplace aggregation in asset-heavy industries requires operational control, not just curation, and sustainable unit economics are paramount.",Unknown,,,,Unknown,https://ideaproof.io/failure/airy-rooms
iGrow Indonesia,iGrow Indonesia,igrow-indonesia,Indonesia,Indonesia,Agritech/Crowdfunding,Fintech & insurance,Major,major,2014,2024,10,Unit economics,7,Unsustainable unit economics in agricultural crowdfunding,Agricultural crowdfunding for commodity crops faces structural unprofitability; high operational overhead and low margins make scalability and investor returns unsustainable.,$100M,100000000.00,,,LinkAja (Telkomsel),https://ideaproof.io/failure/igrow-indonesia
Panda Auto,Panda Auto,panda-auto,China,China,Automotive/Electric Vehicles,Mobility & logistics,Notable,notable,2015,2021,6,Other,13,"Subsidy-dependent model, capital misallocation",Relying heavily on government subsidies without genuine product differentiation makes a business model inherently fragile and prone to collapse when subsidies decline.,Unknown,,,,Unknown,https://ideaproof.io/failure/panda-auto
JOLED,JOLED,joled,Japan,Other,Information Technology/Hardware,Hardware & robotics,Major,major,2015,2023,8,Unit economics,7,Insufficient scale for capital-intensive manufacturing,"Hardware manufacturing, especially in advanced materials, requires immense capital and patience, often more than anticipated, to overcome the 'hardware death spiral' of insufficient scale preventing profitability.",$1.0B,1000000000.00,,,Innovation Network Corporation of Japan (INCJ),https://ideaproof.io/failure/joled
Marie Zélie,Marie Zélie,marie-zelie,Poland,Poland,Fashion E-commerce / Marketplace,Commerce & retail,Notable,notable,2016,2023,7,Unit economics,7,"Unsustainable unit economics, marketplace chicken-and-egg","Marketplaces require significant capital and robust unit economics to overcome chicken-and-egg problems and achieve scale, especially in fragmented artisan markets.",$2.0M,2000000.00,,,Unknown,https://ideaproof.io/failure/marie-zelie
Qingchi,Qingchi,qingchi,China,China,Social Networking,Media & social,Notable,notable,2018,2022,4,Regulatory or legal,2,"Regulatory issues, unsustainable unit economics","In China, regulatory compliance is paramount for social platforms; anonymity often leads to toxicity and poor retention without clear identity transition.",Unknown,,,,Unknown,https://ideaproof.io/failure/qingchi
Qraved Indonesia,Qraved Indonesia,qraved-indonesia,Indonesia,Indonesia,Consumer/Marketplace,Commerce & retail,Notable,notable,2013,2021,8,Unit economics,7,Unsustainable marketplace unit economics,Marketplaces in emerging markets demand significantly better unit economics due to lower transaction values and higher customer acquisition costs.,$15.0M,15000000.00,,,"MDI, Gobi",https://ideaproof.io/failure/qraved-indonesia
UangTeman\Indonesia,UangTeman\Indonesia,uang-teman-indonesia,Indonesia,Indonesia,Financials,Fintech & insurance,Major,major,2014,2022,8,Regulatory or legal,2,"Regulatory guillotine, unit economics death spiral","In emerging markets, fintech success hinges on a compliance-first approach, not just rapid growth, as regulatory changes can quickly invalidate even strong market positions.",$30M,30000000.00,,,Unknown,https://ideaproof.io/failure/uang-teman-indonesia
Zenius,Zenius,zenius-indonesia,Indonesia,Indonesia,EdTech,Education,Major,major,2004,2024,20,Outcompeted,6,"Competitive displacement, strategic missteps","Content alone is not a moat in EdTech; distribution, superior UX, and effective monetization are crucial for success, especially against well-funded competitors.",$40M,40000000.00,,,"Northstar, MDI",https://ideaproof.io/failure/zenius-indonesia
GetBack,GetBack,getback-poland,Poland,Poland,Financials,Fintech & insurance,Major,major,2012,2018,6,Fraud or governance,1,Accounting fraud and liquidity crisis,"Accounting fraud and mismanaged capital structures, particularly relying on short-term debt for long-term investments, can lead to catastrophic collapse despite rapid growth.",$600M,600000000.00,,,Unknown,https://ideaproof.io/failure/getback-poland
Investree\Indonesia,Investree\Indonesia,investree-indonesia,Indonesia,Indonesia,Financials/Fintech,Fintech & insurance,Major,major,2015,2024,9,Regulatory or legal,2,"Unit economics collapse, market saturation, regulatory headwinds","Capital-intensive marketplaces in regulated industries require robust unit economics, aiming for significantly higher gross margins than software to withstand market pressures and regulatory challenges.",$50.0M,50000000.00,,,"MUFG, BRI Ventures",https://ideaproof.io/failure/investree-indonesia
Origami,Origami,origami-japan,Japan,Other,Fintech / Mobile Payments,Fintech & insurance,Major,major,2012,2020,8,Outcompeted,6,Lost subsidy war in competitive market,"In winner-take-all two-sided marketplaces, 'unfair advantages' like existing user bases, integrated ecosystems, or massive capital are often necessary to overcome well-funded competitors.",$80M,80000000.00,,,"SoftBank, SBI",https://ideaproof.io/failure/origami-japan
Zen Rooms,Zen Rooms,zen-rooms,Singapore,Other,Information Technology,Software & AI,Major,major,2015,2022,7,"Macro, timing, or shock",5,"Broken unit economics, premature scaling",Asset-light marketplace models in fragmented industries need significantly higher density than estimated for viable unit economics.,$20.0M,20000000.00,,,Unknown,https://ideaproof.io/failure/zen-rooms
Bebgroup (Beb),Bebgroup (Beb),bebgroup,Vietnam,Other,Fintech,Fintech & insurance,Major,major,2019,2023,4,Unit economics,7,"Growth at all costs, broken unit economics",Subsidized growth in two-sided marketplaces is a risky trap unless there's a clear path to profitability and a differentiated moat to sustain it.,$100M,100000000.00,,,Unknown,https://ideaproof.io/failure/bebgroup
Pegipegi,Pegipegi,pegipegi-indonesia,Indonesia,Indonesia,Information Technology,Software & AI,Major,major,2012,2023,11,Other,13,Outspent in winner-take-most market,"Competing as a generalist online travel agency (OTA) in a highly competitive market requires substantial capital, making it unsuitable for bootstrapped approaches.",$60.0M,60000000.00,,,Recruit Holdings,https://ideaproof.io/failure/pegipegi-indonesia
Elevenia Indonesia,Elevenia Indonesia,elevenia-indonesia,Indonesia,Indonesia,E-commerce,Commerce & retail,Major,major,2014,2022,8,Outcompeted,6,"Strategic misalignment, competitive suffocation","Corporate joint ventures need unconditional capital commitment, not staged funding based on 'option value' thinking, especially in winner-take-most markets.",$60M,60000000.00,,,"SK Planet, XL Axiata",https://ideaproof.io/failure/elevenia-indonesia
Stoqo,Stoqo,stoqo,Indonesia,Indonesia,Information Technology,Software & AI,Notable,notable,2017,2020,3,Unit economics,7,"Unsustainable unit economics, capital-intensive growth","Marketplaces with low gross margins cannot support high customer acquisition, logistics, and working capital costs, leading to unsustainable unit economics.",$10.0M,10000000.00,,,Unknown,https://ideaproof.io/failure/stoqo
Iflix,Iflix,iflix-malaysia,Malaysia,Other,Information Technology,Software & AI,Major,major,2014,2020,6,Unit economics,7,Cost-revenue mismatch in low ARPU markets,"Low ARPU emerging markets require extreme cost efficiency and a sustainable revenue model, not just aggressive user acquisition.",$348.0M,348000000.00,,,Unknown,https://ideaproof.io/failure/iflix-malaysia
TutorGroup (iTutor),TutorGroup (iTutor),tutorgroup-itutor,China,China,EdTech/Online Tutoring,Education,Major,major,2004,2021,17,Regulatory or legal,2,"Regulatory crackdown, poor unit economics","Regulatory risks and unsustainable unit economics can lead to swift collapse, especially in heavily regulated markets like China's education sector.",$300M,300000000.00,,,Unknown,https://ideaproof.io/failure/tutorgroup-itutor
Qiantu Motor,Qiantu Motor,qiantu-motor,China,China,Automotive/Electric Vehicles,Mobility & logistics,Major,major,2015,2020,5,Unit economics,7,"Misread market, unit economics, over-reliance on subsidies","Niche luxury EV products in price-sensitive markets are difficult, especially with reliance on government subsidies that can be withdrawn.",$450M,450000000.00,,,State-backed funds,https://ideaproof.io/failure/qiantu-motor
Zhangmen,Zhangmen,zhangmen-china,China,China,Education Technology,Education,Notable,notable,2014,2022,8,Regulatory or legal,2,Regulatory crackdown and unsustainable unit economics,"Beware of highly concentrated regulatory risk in heavily policed industries, especially when unit economics depend on unsustainable subsidies and unchecked growth.",Unknown,,,,Unknown,https://ideaproof.io/failure/zhangmen-china
HiPhi (Human Horizons),HiPhi (Human Horizons),hiphi-human-horizons,China,China,Automotive / Electric Vehicles,Mobility & logistics,Notable,notable,2017,2024,7,Unit economics,7,"Poor unit economics, oversaturated market","In capital-intensive hardware businesses, unit economics must be viable at a fraction of target scale, not just at full scale.",Unknown,,,,Unknown,https://ideaproof.io/failure/hiphi-human-horizons
Bluepad India,Bluepad India,bluepad-india,India,India,Creator Economy/SaaS,Software & AI,Notable,notable,2020,2024,4,Unit economics,7,"Broken unit economics, failed product-market fit","Transaction-based models in low-ARPU markets require significantly higher volume to be viable, and user acquisition costs often don't scale down proportionally.",Unknown,,,,Unknown,https://ideaproof.io/failure/bluepad-india
Nintee,Nintee,nintee,India,India,HealthTech,Healthcare & biotech,Notable,notable,2023,2024,1,"Macro, timing, or shock",5,"Premature scaling, poor unit economics","Indian health-tech requires a 'Trojan Horse' business model, starting with low-value, high-frequency transactions to build trust before upselling higher-value services.",$2M,2000000.00,,,Angel,https://ideaproof.io/failure/nintee
Niutron,Niutron,niutron,China,China,Automotive / Electric Vehicles,Mobility & logistics,Major,major,2021,2023,2,"Macro, timing, or shock",5,"Capital starvation, market competition, poor timing","Building a full-stack automotive company in a hyper-competitive market with vast capital requirements is extremely challenging for a startup, even with significant funding.",$500M,500000000.00,,,"IDG Capital, Coatue",https://ideaproof.io/failure/niutron
LocalBanya,LocalBanya,localbanya,India,India,E-commerce/Online Grocery,Food & grocery,Notable,notable,2012,2015,3,Unit economics,7,"Broken unit economics, insufficient capital","Inventory-led models in low-margin categories require significantly more capital than founders often estimate, and sustainable unit economics are crucial for survival.",$5.0M,5000000.00,,,Unknown,https://ideaproof.io/failure/localbanya
Doodhwala,Doodhwala,doodhwala,India,India,Information Technology,Software & AI,Notable,notable,2015,2019,4,"Macro, timing, or shock",5,"Broken unit economics, premature scaling",Low-margin subscription models require extreme customer density and efficient supply chain ownership to achieve profitability and scale.,$4.0M,4000000.00,,,Omnivore,https://ideaproof.io/failure/doodhwala
Mojocare,Mojocare,mojocare,India,India,HealthTech,Healthcare & biotech,Notable,notable,2020,2023,3,Unit economics,7,"Broken unit economics, misread customer psychology",Stigma-driven markets require immense trust-building beyond just privacy; customers value social proof and holistic support for sensitive health issues.,Unknown,,,,Unknown,https://ideaproof.io/failure/mojocare
FrontRow,FrontRow,frontrow,India,India,EdTech/Creator Economy,Education,Notable,notable,2020,2023,3,Unit economics,7,Unsustainable celebrity-led growth model,"Celebrity-led education models often fail due to high, fixed talent costs and inherent scalability limitations, especially when educational outcomes require consistency over star power.",$18M,18000000.00,,,Unknown,https://ideaproof.io/failure/frontrow
ShopX India,ShopX India,shopx-india,India,India,B2B E-commerce,Commerce & retail,Major,major,2015,2022,7,Unit economics,7,Poor unit economics and low margins,Horizontal B2B marketplaces in emerging markets often fail without high-margin alternate revenue streams like lending or SaaS to offset low transaction margins.,$60M,60000000.00,,,Unknown,https://ideaproof.io/failure/shopx-india
Nitrous.io,Nitrous.io,nitrous-io,United States,United States,Information Technology,Software & AI,Notable,notable,2012,2016,4,"Macro, timing, or shock",5,"Right idea, wrong timing, fatal competition","Developer tools are 'features' until they own a workflow chokepoint; Nitrous built a better IDE but didn't control source control, deployment, or underlying cloud infrastructure.",$8.0M,8000000.00,,,Unknown,https://ideaproof.io/failure/nitrous-io
Plastc,Plastc,plastc,United States,United States,Fintech/Hardware,Fintech & insurance,Notable,notable,2014,2017,3,Unit economics,7,Poor hardware economics and network miscalculation,"Hardware startups need high gross margins (60%+) before scaling, otherwise they burn capital rapidly due to negative unit economics.",$9.0M,9000000.00,,,Unknown,https://ideaproof.io/failure/plastc
Toplyne,Toplyne,toplyne,India,India,Information Technology,Software & AI,Notable,notable,2021,2024,3,"Macro, timing, or shock",5,"Market timing, product-market fit erosion","Point solutions in horizontal markets are vulnerable when larger platforms bundle similar features, as happened when Amplitude integrated predictive scoring.",$15.0M,15000000.00,,,Unknown,https://ideaproof.io/failure/toplyne
Meerkat,Meerkat,meerkat,United States,United States,Social Media/Live streaming,Media & social,Notable,notable,2015,2016,1,Outcompeted,6,"Platform dependence, competition, high costs",Dependency on another platform's API is a major risk; build a sustainable ecosystem or risk losing distribution.,$14.0M,14000000.00,,,Unknown,https://ideaproof.io/failure/meerkat
Coin,Coin,coin-usa,Unknown,Unknown,Information Technology,Software & AI,Notable,notable,2013,2017,4,"Macro, timing, or shock",5,"Hardware risk, catastrophic market timing",Building complex hardware as a wedge into fintech is risky; focus on software and control distribution or recurring revenue.,$15.0M,15000000.00,,,Unknown,https://ideaproof.io/failure/coin-usa
Bluesmart,Bluesmart,bluesmart,United States,United States,Consumer Goods/IoT,Hardware & robotics,Major,major,2013,2018,5,Regulatory or legal,2,"Regulatory ban, unsustainable hardware business model",Hardware startups must anticipate regulatory challenges and ensure their core product provides value even without complex smart features.,$20.0M,20000000.00,,,Unknown,https://ideaproof.io/failure/bluesmart
Shoes of Prey,Shoes of Prey,shoes-of-prey,Australia,Australia,Footwear eCommerce,Commerce & retail,Major,major,2009,2019,10,Other,13,"Misunderstood customer psychology, paradox of choice","Offering too many customization options can overwhelm customers (paradox of choice), leading to lower conversion rates and poor product-market fit, especially when combined with complex manufacturing and high unit economics.",$25.0M,25000000.00,,,Unknown,https://ideaproof.io/failure/shoes-of-prey
Viddy,Viddy,viddy,United States,United States,Social Media/Video-Sharing,Media & social,Major,major,2011,2014,3,Outcompeted,6,Lost platform war to competitors,"Feature parity is not a durable moat in social networks, and creating new habits is harder than leveraging existing ones.",$30.0M,30000000.00,,,Unknown,https://ideaproof.io/failure/viddy
Joost,Joost,joost-uk,Unknown,Unknown,Video Streaming / P2P Technology,Media & social,Major,major,2006,2012,6,Product or execution failed,12,"Architectural over-engineering, market mistiming","P2P technology is not a universal solution, especially for consumer-facing video, and market timing is crucial for disruptive ideas.",$45M,45000000.00,,,Unknown,https://ideaproof.io/failure/joost-uk
Pearl Auto,Pearl Auto,pearl-auto,United States,United States,Information Technology,Software & AI,Major,major,2014,2017,3,"Macro, timing, or shock",5,"Market timing, OEM competition, hardware economics",Hardware startups competing with OEM roadmaps must have a long-term strategic view of market evolution and regulatory changes to avoid obsolescence.,$50.0M,50000000.00,,,Unknown,https://ideaproof.io/failure/pearl-auto
Winc,Winc,winc-usa,United States,United States,E-commerce/Wine Subscription,Commerce & retail,Major,major,2011,2022,11,Unit economics,7,Unsustainable unit economics for D2C wine,Subscription models for physical goods with high logistics costs require robust unit economics and cannot rely solely on venture capital-fueled growth.,$54M,54000000.00,,,Unknown,https://ideaproof.io/failure/winc-usa
Le Tote,Le Tote,le-tote,United States,United States,Fashion Rental/Subscription,Commerce & retail,Major,major,2012,2020,8,Unit economics,7,"Poor unit economics, inventory capital trap",Subscription models for physical goods with heavy inventory require robust unit economics and fast cash conversion cycles.,$75.0M,75000000.00,,,Unknown,https://ideaproof.io/failure/le-tote
Primary Data,Primary Data,primary-data,United States,United States,Information Technology,Software & AI,Major,major,2013,2018,5,"Macro, timing, or shock",5,"Technical overreach, market timing misalignment",Infrastructure software requiring enterprise behavior change faces extremely high adoption friction compared to solutions that integrate seamlessly with existing workflows.,$100.0M,100000000.00,,,Unknown,https://ideaproof.io/failure/primary-data
Viggle,Viggle,viggle-usa,United States,United States,Media & Entertainment/Loyalty Platform,Media & social,Major,major,2010,2016,6,Unit economics,7,"Unsustainable business model, reward overpayout",Loyalty programs for passive behavior are unsustainable 'Ponzi schemes' if reward costs significantly exceed monetization per user.,$100M,100000000.00,,,Unknown,https://ideaproof.io/failure/viggle-usa
Domio,Domio,domio,United States,United States,Hospitality/Accommodation,Healthcare & biotech,Major,major,2016,2020,4,"Macro, timing, or shock",5,"Broken unit economics, COVID-19 impact","Asset-heavy marketplace businesses require substantial capital to fund both supply and demand sides, making unit economics notoriously difficult to scale profitably.",$100M,100000000.00,,,SoftBank,https://ideaproof.io/failure/domio
Lyric,Lyric,lyric-usa,United States,United States,Information Technology,Software & AI,Major,major,2014,2020,6,Unit economics,7,Unsustainable capital-intensive business model on master leases,"Master leases in hospitality are risky unless you have overwhelming demand density and operational efficiency, as they expose you to significant inventory risk.",$180M,180000000.00,,,"Airbnb, Tishman Speyer",https://ideaproof.io/failure/lyric-usa
Wine.com (1.0),Wine.com (1.0),wine-dot-com-1-0,United States,United States,E-commerce/Wine,Commerce & retail,Major,major,1994,2001,7,"Macro, timing, or shock",5,"Premature scaling, poor unit economics",High spending on brand and domain name won't overcome fundamental unit economic challenges and regulatory hurdles in mature industries.,$150M,150000000.00,,,"Kleiner Perkins, Al-Fayed",https://ideaproof.io/failure/wine-dot-com-1-0
Terraform Labs,Terraform Labs,terraform-labs,South Korea,Other,Information Technology,Software & AI,Notable,notable,2018,2022,4,Other,13,"Algorithmic stablecoin bank run, death spiral","Algorithmic stablecoins lacking exogenous collateral are inherently fragile, scaling beautifully upwards but collapsing catastrophically downwards due to reflexive liquidation mechanics.",Unknown,,,,Unknown,https://ideaproof.io/failure/terraform-labs
Mode Media,Mode Media,mode-media,United States,United States,Information Technology,Software & AI,Major,major,2004,2016,12,Outcompeted,6,Cost structure vs. market commoditization,"Aggregation without ownership is a trap in commoditizing markets; once programmatic infrastructure commoditized display ads, Mode Media's value proposition eroded.",$230M,230000000.00,,,Unknown,https://ideaproof.io/failure/mode-media
Lytro,Lytro,lytro,United States,United States,Information Technology,Software & AI,Major,major,2006,2018,12,Unit economics,7,"Poor unit economics, repeated market pivots",Hardware-first strategies without controlling distribution are dead; unit economics must be viable before pivoting.,$215.0M,215000000.00,,,Unknown,https://ideaproof.io/failure/lytro
Tintri,Tintri,tintri,United States,United States,Information Technology,Software & AI,Major,major,2008,2018,10,Public-market collapse,4,"Market timing, competition, failed IPO","Deep integration with a specific platform creates existential risk if that platform's dominance erodes, hindering adaptability to market shifts.",$260.0M,260000000.00,,,Unknown,https://ideaproof.io/failure/tintri
Knotel,Knotel,knotel,United States,United States,Commercial Real Estate / Flexible Offices,Real estate,Major,major,2016,2021,5,"Macro, timing, or shock",5,"Inverted unit economics, catastrophic timing, non-scalable model","Master lease arbitrage requires extremely high occupancy and has no margin for error, especially when combined with non-scalable operations and market volatility.",$560M,560000000.00,,,Unknown,https://ideaproof.io/failure/knotel
Answerly,Answerly,answerly-usa,United States,United States,Customer Service Automation,Software & AI,Notable,notable,2013,2016,3,No market need,10,"Product-market misalignment, unready tech","Early-stage AI solutions must prove real value, as vanity metrics can mask fundamental product-market misalignment with immature technology.",Unknown,,,,Unknown,https://ideaproof.io/failure/answerly-usa
Q-Cells,Q-Cells,q-cells,Germany,Germany,Energy/CleanTech,Energy & climate,Notable,notable,1999,2012,13,Outcompeted,6,"Subsidy dependence, commoditization, cost disadvantage","Capital-intensive manufacturing dependent on government subsidies without sustainable unit economics is a policy arbitrage play with extreme existential risk, not a robust business.",Unknown,,,,Unknown,https://ideaproof.io/failure/q-cells
SolarWorld,SolarWorld,solarworld,Germany,Germany,CleanTech,Energy & climate,Major,major,1998,2017,19,Unit economics,7,"Structural cost disadvantage, Chinese subsidies","Vertical integration in commodity hardware, especially against subsidized competition, is a liability rather than an asset.",$1.0B,1000000000.00,,,Unknown,https://ideaproof.io/failure/solarworld
MatchesFashion,MatchesFashion,matchesfashion-uk,United Kingdom,United Kingdom,Luxury Fashion E-commerce,Commerce & retail,Major,major,1987,2024,37,Unit economics,7,"Unsustainable unit economics, over-leveraged, misaligned strategy",Content-driven e-commerce moats are temporary and expensive without sustainable unit economics and a robust capital structure.,$600M,600000000.00,,,Unknown,https://ideaproof.io/failure/matchesfashion-uk
Amigo Loans,Amigo Loans,amigo-loans,United Kingdom,United Kingdom,Financials,Fintech & insurance,Major,major,2005,2023,18,Regulatory or legal,2,"Regulatory failure, business model rot, poor leadership","Ignoring regulatory warnings and relying on a socially problematic business model can lead to catastrophic failure, even for highly profitable ventures.",$1.0B,1000000000.00,,,Unknown,https://ideaproof.io/failure/amigo-loans
Blade (Shadow),Blade (Shadow),blade-shadow,France,France,Communication Services,Media & social,Major,major,2015,2021,6,Unit economics,7,"Unsustainable unit economics, high infrastructure costs",Cloud gaming requires first-party content or alternative monetization strategies to overcome immense infrastructure costs and poor unit economics.,$110.0M,110000000.00,,,Unknown,https://ideaproof.io/failure/blade-shadow
Navya,Navya,navya,France,France,Industrials/Robotics,Hardware & robotics,Major,major,2014,2023,9,Unit economics,7,"Broken unit economics, hardware trap","Hardware-as-a-Service models need positive unit economics within 18 months of deployment, or face structural failure.",$120.0M,120000000.00,,,Unknown,https://ideaproof.io/failure/navya
Ve Interactive,Ve Interactive,ve-interactive,United Kingdom,United Kingdom,Information Technology,Software & AI,Major,major,2009,2017,8,Unit economics,7,"Aggressive growth, broken unit economics",Performance-based pricing in B2B SaaS carries catastrophic cash flow risk without massive reserves or deferred infrastructure costs.,$60.0M,60000000.00,,,Unknown,https://ideaproof.io/failure/ve-interactive
Blippar,Blippar,blippar,United Kingdom,United Kingdom,Augmented Reality,Software & AI,Major,major,2011,2018,7,Unit economics,7,"Unsustainable unit economics, adoption problems",Platform businesses require critical mass on both sides; Blippar's strategy of signing brand deals one-by-one while hoping consumers would discover value was flawed.,$130.0M,130000000.00,,,Unknown,https://ideaproof.io/failure/blippar
Lightyear,Lightyear,lightyear,Netherlands,Other,Consumer Electronics,Hardware & robotics,Major,major,2016,2023,7,"Macro, timing, or shock",5,"Capital intensity, negative unit economics, bad timing","Hardware startups must achieve gross margin positivity before scaling manufacturing, as building production capacity for a product with negative unit economics is unsustainable.",$200.0M,200000000.00,,,Unknown,https://ideaproof.io/failure/lightyear
Kano,Kano,kano-uk,United Kingdom,United Kingdom,Consumer Electronics/EdTech,Hardware & robotics,Major,major,2013,2023,10,Unit economics,7,"Poor hardware economics, misaligned business model","Hardware startups must align product value with sustainable revenue models, as hardware-as-a-hook only works if it transitions to high-margin recurring services quickly.",$45.0M,45000000.00,,,Unknown,https://ideaproof.io/failure/kano-uk
Bulb Energy,Bulb Energy,bulb-energy-uk,United Kingdom,United Kingdom,Utilities,Energy & climate,Major,major,2013,2021,8,Other,13,"Poor hedging, wholesale market volatility, capital crunch","In commodity-exposed businesses, robust hedging strategies are critical and must be treated as a core product function, not a back-office optimization.",$80M,80000000.00,,,Unknown,https://ideaproof.io/failure/bulb-energy-uk
Signa Sports,Signa Sports,signa-sports,Germany,Germany,Consumer/E-commerce,Commerce & retail,Major,major,2018,2023,5,Unit economics,7,"Flawed roll-up economics, debt, overexpansion",Roll-up strategies require meticulous operational discipline and acquisition multiples that align with the sustainable organic growth rate of the combined entity.,$1.0B,1000000000.00,,,Unknown,https://ideaproof.io/failure/signa-sports
Cake\Sweden,Cake\Sweden,cake-sweden,Sweden,Other,Consumer Electronics,Hardware & robotics,Major,major,2016,2024,8,Unit economics,7,Premium brand couldn't scale hardware margins,"Premium hardware brands require high gross margins (60%+) to absorb significant R&D and operational costs, a threshold Cake's 20-30% margins couldn't meet, leading to an unsustainable business model.",$75.0M,75000000.00,,,Unknown,https://ideaproof.io/failure/cake-sweden
Farfetch,Farfetch,farfetch-uk-portugal,United Kingdom,United Kingdom,Luxury E-commerce Marketplace,Commerce & retail,Notable,notable,2007,2024,17,Unit economics,7,"Broken unit economics, strategic overreach, power dynamics","Luxury marketplace economics are inverted due to high returns, low frequency, and powerful suppliers, making traditional software scalability models ineffective.",Unknown,,,,Unknown,https://ideaproof.io/failure/farfetch-uk-portugal
Tada (VCNC),Tada (VCNC),tada-vcnc,South Korea,Other,Industrials/Marketplace (Mobility),Mobility & logistics,Major,major,2011,2020,9,Regulatory or legal,2,Regulatory arbitrage attacked by incumbents,Regulatory arbitrage is not a sustainable business model if it relies on loopholes that can be closed by powerful incumbent lobbies.,$50M,50000000.00,,,Unknown,https://ideaproof.io/failure/tada-vcnc
Leflair,Leflair,leflair-vietnam,Vietnam,Other,Consumer/Flash Sales Marketplace,Commerce & retail,Notable,notable,2015,2020,5,Unit economics,7,"Inventory asphyxiation, high CAC, low margins","Flash sales in emerging markets require a fast cash conversion cycle; otherwise, you're building a financing company, not a retailer, leading to liquidity issues.",$12.0M,12000000.00,,,Unknown,https://ideaproof.io/failure/leflair-vietnam
Trell,Trell,trell,India,India,Social Media/Social Commerce,Media & social,Major,major,2016,2024,8,Unit economics,7,"Broken unit economics, strategic confusion","In low-transaction-value markets, engagement without monetization is unsustainable; the 'vernacular premium' is often a myth without clear profitability paths.",$60.0M,60000000.00,,,Unknown,https://ideaproof.io/failure/trell
Kaodim,Kaodim,kaodim-malaysia,Malaysia,Other,Consumer/Marketplace,Commerce & retail,Notable,notable,2014,2022,8,Unit economics,7,"Unsustainable unit economics, marketplace death spiral",Marketplaces need sustainable unit economics and must build supply density before spending on demand generation to avoid a death spiral.,$17M,17000000.00,,,Unknown,https://ideaproof.io/failure/kaodim-malaysia
Propzy,Propzy,propzy-vietnam,Vietnam,Other,Real Estate/PropTech,Real estate,Major,major,2016,2022,6,Unit economics,7,"Negative unit economics, cultural misalignment","Full-stack models in low-margin, high-touch industries require gross margins over 40% and strong customer lifetime value to support vertical integration overhead.",$35.0M,35000000.00,,,SoftBank,https://ideaproof.io/failure/propzy-vietnam
Hooq,Hooq,hooq-singapore,Singapore,Other,Communication Services,Media & social,Major,major,2015,2020,5,Unit economics,7,"Unsustainable unit economics, strategic misalignment","Geographic arbitrage in content businesses only works if you can arbitrage the cost structure, not just the price point; Hooq paid Western licensing costs but charged emerging market prices.",$95.0M,95000000.00,,,"Singtel, Sony Pictures, Warner Bros.",https://ideaproof.io/failure/hooq-singapore
Best Express,Best Express,best-express-china,China,China,Industrials/Logistics,Mobility & logistics,Major,major,2007,2021,14,Unit economics,7,"Structural unprofitability, strategic misalignment",Asset-heavy businesses in commodity markets need absolute cost leadership or premium differentiation; the middle ground leads to failure.,$2.0B,2000000000.00,,,Alibaba,https://ideaproof.io/failure/best-express-china
ZestMoney,ZestMoney,zestmoney-india,India,India,Financial & Fintech,Fintech & insurance,Major,major,2015,2023,8,Unit economics,7,"Adverse selection, unit economics","Alternative data in lending can supplement, but not substitute, stable income and robust credit assessment to avoid adverse selection at scale.",$150M,150000000.00,,,Unknown,https://ideaproof.io/failure/zestmoney-india
Qoros Auto,Qoros Auto,qoros-auto,China,China,Automotive,Mobility & logistics,Major,major,2007,2022,15,Unit economics,7,"Cost-structure mismatch, slow EV transition","Product quality alone cannot overcome distribution and cost disadvantages, especially during major industry transitions like ICE to EV.",$3.0B,3000000000.00,,,"Chery, Quantum LLC",https://ideaproof.io/failure/qoros-auto
Aiways,Aiways,aiways,China,China,Automotive / Electric Vehicles,Mobility & logistics,Major,major,2017,2024,7,Could not scale,9,"Underestimated capital, complex hardware scaling, weak DTC","Hardware startups must accurately estimate capital needs and the difficulty of scaling physical production, as direct-to-consumer models are often not defensible enough to overcome these challenges.",$1.0B,1000000000.00,,,"Tencent, Didi",https://ideaproof.io/failure/aiways
Ezubao,Ezubao,ezubao-china,China,China,Financials,Fintech & insurance,Major,major,2014,2016,2,Fraud or governance,1,Massive Ponzi scheme and fraud,"Beware of investment platforms promising unusually high, fixed returns, especially if they lack transparency and independent verification of projects.",$7.6B,7600000000.00,,,Unknown,https://ideaproof.io/failure/ezubao-china
Levdeo,Levdeo,levdeo-china,China,China,Automotive/Electric Vehicles,Mobility & logistics,Major,major,2008,2023,15,"Macro, timing, or shock",5,"Premature scaling, government capital, no market discipline",Government funding without market discipline often leads to zombie companies that prioritize political goals over customer value and sustainable business models.,$500M,500000000.00,,,Shandong provincial government,https://ideaproof.io/failure/levdeo-china
Renrenche,Renrenche,renrenche,China,China,Consumer/Marketplace,Commerce & retail,Major,major,2014,2020,6,Unit economics,7,Unsustainable C2C used car operational model,"C2C marketplaces for high-value, low-frequency goods with information asymmetry require trust infrastructure that is more costly than users will pay in transaction fees, making sustainable unit economics nearly impossible.",$760.0M,760000000.00,,,Unknown,https://ideaproof.io/failure/renrenche
Bluegogo,Bluegogo,bluegogo-china,China,China,Micro-mobility/Bike Sharing,Mobility & logistics,Major,major,2016,2017,1,Outcompeted,6,Unsustainable unit economics in hyper-competitive market,Asset-heavy businesses disguised as tech platforms with linear capital growth are often venture capital traps and require robust unit economics in hyper-competitive markets to survive.,$90M,90000000.00,,,Unknown,https://ideaproof.io/failure/bluegogo-china
Tongcheng Life,Tongcheng Life,tongcheng-life,China,China,Consumer/E-commerce,Commerce & retail,Major,major,2018,2021,3,Unit economics,7,Unsustainable capital-intensive marketplace model,"Capital-intensive marketplace models, especially in low-margin sectors, struggle with scaling efficiently without sustainable unit economics and consistent profitability.",$300M,300000000.00,,,Unknown,https://ideaproof.io/failure/tongcheng-life
Gionee,Gionee,gionee,China,China,Consumer Electronics,Hardware & robotics,Notable,notable,2002,2018,16,Other,13,"Catastrophic working capital crisis, capital mismatch","In hardware, working capital is the primary constraint, not just market fit; massive marketing spend without sustainable unit economics leads to collapse.",Unknown,,,,Unknown,https://ideaproof.io/failure/gionee
Yiguo Fresh,Yiguo Fresh,yiguo-fresh,China,China,Consumer/Online Grocery,Food & grocery,Major,major,2005,2020,15,Unit economics,7,"Unsustainable unit economics, cold chain costs","Infrastructure-as-moat only works if unit economics are significantly better than asset-light competitors, especially when pioneering a market with high CapEx.",$960.0M,960000000.00,,,Unknown,https://ideaproof.io/failure/yiguo-fresh
Zeku,Zeku,zeku,China,China,Information Technology,Software & AI,Major,major,2019,2023,4,Unit economics,7,Long chip development cycles and high cost,"Vertical integration in chip design requires massive scale and long timelines, making it prohibitively expensive for companies without monopoly-level resources or a deep financial buffer.",$1.4B,1400000000.00,,,Oppo (parent company),https://ideaproof.io/failure/zeku
Taojiji,Taojiji,taojiji,China,China,Social Commerce/Marketplace,Media & social,Major,major,2018,2019,1,Unit economics,7,"Unsustainable unit economics, operational complexity","Commission-based marketplaces require significantly higher gross margins than paper calculations suggest due to hidden costs like fraud prevention, seller support, and quality disputes.",$130M,130000000.00,,,Unknown,https://ideaproof.io/failure/taojiji
Panda TV,Panda TV,panda-tv,China,China,Communication Services/Social Media,Media & social,Major,major,2015,2019,4,Fraud or governance,1,"Unsustainable streamer acquisition costs, mismanaged platform economics",Platform businesses cannot outbid vertically-integrated ecosystems in content acquisition and must understand their unit economics to scale sustainably.,$200M,200000000.00,,,Unknown,https://ideaproof.io/failure/panda-tv
Missfresh,Missfresh,missfresh,China,China,Grocery Delivery/E-commerce,Food & grocery,Major,major,2014,2022,8,Unit economics,7,Unsustainable capital-intensive growth model,"Capital-intensive growth models with negative scaling characteristics struggle to achieve profitability, especially in competitive, low-margin sectors like fresh grocery delivery.",$1.5B (estimated from 'TOTAL CASH BURNED'),1500000000.00,,,Unknown,https://ideaproof.io/failure/missfresh
OneSmart Edu China,OneSmart Edu China,onesmart-edu-china,China,China,EdTech,Education,Major,major,2008,2021,13,Regulatory or legal,2,"Regulatory crackdown, unsustainable economics, premium paradox","Premium positioning without defensible quality and adaptable unit economics is a time bomb, especially in highly regulated sectors.",$500.0M,500000000.00,,,Unknown,https://ideaproof.io/failure/onesmart-edu-china
Byton,Byton,byton-china,China,China,Consumer Electronics,Hardware & robotics,Major,major,2016,2021,5,"Macro, timing, or shock",5,"Capital structure mismatch, manufacturing, market timing",Automotive hardware startups require immense capital and perfect execution; incremental iteration is not possible due to high costs and long development cycles.,$1.2B,1200000000.00,,,Unknown,https://ideaproof.io/failure/byton-china
HSMC,HSMC,hsmc,China,China,Information Technology,Software & AI,Major,major,2017,2021,4,Other,13,"Lack of experience, equipment access",Capital cannot substitute for institutional knowledge and experience in deep-tech industries like semiconductor manufacturing.,$2.0B,2000000000.00,,,State backing,https://ideaproof.io/failure/hsmc
Nice Tuan,Nice Tuan,nice-tuan,China,China,Community Group Buying/E-commerce,Commerce & retail,Major,major,2018,2021,3,Regulatory or legal,2,"Negative unit economics, regulatory crackdown","Growth without sustainable unit economics, especially in highly regulated sectors, can lead to rapid collapse, and over-reliance on subsidies masks fundamental business flaws.",$1.2B,1200000000.00,,,Alibaba,https://ideaproof.io/failure/nice-tuan
Kibu.com,Kibu.com,kibu-com,United States,United States,Social Media,Media & social,Major,major,1999,2000,1,"Macro, timing, or shock",5,"Unsustainable economics, catastrophic market timing",Advertising-only models for narrow demographics are high-risk; monopolistic scale or negligible content costs are crucial for success.,$22M,22000000.00,,,Unknown,https://ideaproof.io/failure/kibu-com
Singulato,Singulato,singulato-china,China,China,Automotive/Electric Vehicles,Mobility & logistics,Major,major,2014,2023,9,Fraud or governance,1,"Production hell, capital mismanagement, bad timing","In capital-intensive hardware businesses, achieving minimum efficient scale and flawless production is critical before competitors establish insurmountable advantages.",$2.4B,2400000000.00,,,"Intel Capital, Itochu",https://ideaproof.io/failure/singulato-china
WM Motor,WM Motor,wm-motor,China,China,Automotive/Electric Vehicles,Mobility & logistics,Major,major,2015,2023,8,"Macro, timing, or shock",5,"Broken unit economics, poor timing","Capital-intensive hardware businesses require a massive minimum viable scale and aligned capital structure, which WM Motor failed to achieve despite significant funding.",$5.8B,5800000000.00,,,Unknown,https://ideaproof.io/failure/wm-motor
DrKoop.com,DrKoop.com,drkoop-com,United States,United States,Health Care / Medical Information,Healthcare & biotech,Major,major,1997,2001,4,Fraud or governance,1,"Unsustainable burn, fraudulent revenue, no product-market fit",Celebrity endorsement is a temporary asset; sustainable business models require genuine product-market fit and ethical practices beyond brand recognition.,$130M,130000000.00,,,Unknown,https://ideaproof.io/failure/drkoop-com
eToys.com,eToys.com,etoys-com,United States,United States,Consumer/E-commerce,Commerce & retail,Major,major,1997,2001,4,"Macro, timing, or shock",5,"Unsustainable economics, poor timing, overexpansion",Building extensive infrastructure before proven demand and sustainable unit economics can lead to catastrophic capital burn and failure.,$160.0M,160000000.00,,,Unknown,https://ideaproof.io/failure/etoys-com
Garden.com,Garden.com,garden-com,United States,United States,Consumer/Marketplace,Commerce & retail,Major,major,1995,2000,5,"Macro, timing, or shock",5,"Unsustainable unit economics, bad timing","Founders must ensure unit economics are sustainable on the first transaction, especially in high Customer Acquisition Cost, low-frequency purchase categories.",$65.0M,65000000.00,,,Unknown,https://ideaproof.io/failure/garden-com
Zulzi,Zulzi,zulzi,South Africa,Other,Consumer/Grocery Delivery,Food & grocery,Notable,notable,2016,2023,7,Unit economics,7,"Unsustainable unit economics, asset-heavy model","Asset-light models are crucial for emerging markets, as asset-heavy approaches face immense capital and logistical challenges.",$2.0M,2000000.00,,,Unknown,https://ideaproof.io/failure/zulzi
Volta Trucks,Volta Trucks,volta-trucks,Sweden,Other,Industrials/CleanTech,Energy & climate,Major,major,2019,2025,6,"Macro, timing, or shock",5,"Capital intensity, extended sales cycles, funding winter.","Highly capital-intensive hardware startups require massive funding and face execution risks, especially during economic downturns and long sales cycles.",$300.0M,300000000.00,,,Unknown,https://ideaproof.io/failure/volta-trucks
LeEco,LeEco,leeco-china,China,China,Consumer Electronics,Hardware & robotics,Major,major,2004,2017,13,Other,13,Simultaneous capital starvation across too many verticals,"Vertical integration only creates value with control over scarce resources or cost advantages, neither of which LeEco possessed across its vast, capital-intensive ecosystem.",$6.0B,6000000000.00,,,Unknown,https://ideaproof.io/failure/leeco-china
Sigfox,Sigfox,sigfox-france,France,France,IoT Connectivity,Hardware & robotics,Major,major,2009,2022,13,Other,13,"Proprietary protocol, strategic architecture failure","Proprietary protocols are detrimental in infrastructure markets demanding interoperability, as they hinder adoption and scalability against open standards.",$300M,300000000.00,,,Unknown,https://ideaproof.io/failure/sigfox-france
Mister Hot,Mister Hot,mister-hot-india,India,India,Consumer/Food Delivery,Food & grocery,Notable,notable,2015,2016,1,Unit economics,7,"Unsustainable unit economics, inventory waste, growth vanity metrics.",Focusing solely on speed without addressing fundamental unit economics leads to failure; growth metrics can mask fatal business model flaws.,$10.0M,10000000.00,,,Unknown,https://ideaproof.io/failure/mister-hot-india
Zepz,Zepz,zepz-uk,United Kingdom,United Kingdom,Financial & Fintech,Fintech & insurance,Major,major,2010,2024,14,Unit economics,7,Revenue growth without profitable growth,"Confusing revenue growth with profitable growth and expanding into too many unprofitable corridors can lead to failure, especially in industries with poor network effects like remittances.",$700.0M,700000000.00,,,Unknown,https://ideaproof.io/failure/zepz-uk
Frontier Car Group,Frontier Car Group,frontier-car-group,Germany,Germany,Consumer,Commerce & retail,Major,major,2016,2020,4,Unit economics,7,"Poor unit economics, operational complexity, capital issues","Transplanting Western business models to emerging markets requires meticulous adaptation and robust unit economics, not just arbitrage, due to unique operational complexities.",$170.0M,170000000.00,,,Unknown,https://ideaproof.io/failure/frontier-car-group
GoMechanic,GoMechanic,gomechanic,India,India,Consumer/Automotive Services,Mobility & logistics,Major,major,2016,2023,7,Fraud or governance,1,Systematic financial fraud and inflated revenue,Aggregator models in high-touch service industries require honest unit economics; financial fraud ultimately destroys trust and viability.,$100.0M,100000000.00,,,Unknown,https://ideaproof.io/failure/gomechanic
Mobike,Mobike,mobike-china,China,China,Industrials,Hardware & robotics,Notable,notable,2015,2018,3,Unit economics,7,"Unsustainable unit economics, tragedy of commons","Hardware-as-a-Service requires significantly better unit economics than anticipated, especially with shared physical assets.",Unknown,,,,Unknown,https://ideaproof.io/failure/mobike-china
A123 Systems,A123 Systems,a123-systems,United States,United States,CleanTech,Energy & climate,Major,major,2001,2012,11,"Macro, timing, or shock",5,"Premature scaling, customer concentration, hardware economics",Hardware startups must achieve manufacturing cost competitiveness before scaling production; betting on unproven markets with capital-intensive strategies is risky.,$1.0B,1000000000.00,,,Unknown,https://ideaproof.io/failure/a123-systems
Mozido,Mozido,mozido-usa,United States,United States,Financial & Fintech,Fintech & insurance,Major,major,2005,2017,12,"Macro, timing, or shock",5,"Strategic overreach, execution failures, poor market timing","Attempting to be everything to everyone and failing to secure critical chokepoints in a B2B2C model, particularly in complex emerging markets, leads to strategic overreach and execution failure.",$250.0M,250000000.00,,,Unknown,https://ideaproof.io/failure/mozido-usa
Ofo,Ofo,ofo-china,China,China,Industrials/Micromobility,Mobility & logistics,Major,major,2014,2020,6,Unit economics,7,"Negative unit economics, operational chaos, rapid expansion","Blindly growing a business with broken unit economics leads to financial suicide, regardless of funding. Focus on profitability in one market before expanding.",$2.2B,2200000000.00,,,Unknown,https://ideaproof.io/failure/ofo-china
Intarcia Therapeutics,Intarcia Therapeutics,intarcia-therapeutics,United States,United States,Health Care,Healthcare & biotech,Major,major,1997,2020,23,Regulatory or legal,2,"Regulatory failure, capital exhaustion, manufacturing issues","In regulated industries, manufacturing quality and alignment with regulatory expectations are paramount, not back-end details, especially for combination products.",$1.4B,1400000000.00,,,Unknown,https://ideaproof.io/failure/intarcia-therapeutics
Zymergen,Zymergen,zymergen,United States,United States,Biotech/Materials,Healthcare & biotech,Major,major,2013,2021,8,"Macro, timing, or shock",5,"Premature scaling, product-market fit issues",Biology is complex and not easily scalable like software; prematurely scaling without proven unit economics and product-market fit can be fatal.,$900.0M,900000000.00,,,Unknown,https://ideaproof.io/failure/zymergen
Cazoo (cazoo-uk),Cazoo,cazoo-uk,United Kingdom,United Kingdom,Consumer/Automotive E-commerce,Mobility & logistics,Notable,notable,2018,2023,5,"Macro, timing, or shock",5,"Flawed unit economics, poor timing, high burn","High capital intensity models, especially with physical inventory, require incredibly robust unit economics and careful market timing to avoid catastrophic cash burn.",Unknown,,,,Unknown,https://ideaproof.io/failure/cazoo-uk
Waterproof Digital Camera,Waterproof Digital Camera,waterproof-digital-camera,United States,United States,Consumer Electronics,Hardware & robotics,Notable,notable,2013,2017,4,Unit economics,7,Unsustainable Black Hat SEO practices,Relying on Black Hat SEO for traffic is unsustainable and leads to search engine penalties; sustainable growth requires legitimate marketing strategies and diversification.,Unknown,,,,Unknown,https://ideaproof.io/failure/waterproof-digital-camera
HitroNaSplet,HitroNaSplet,hitronasplet,Slovenia,Other,Information Technology,Software & AI,Notable,notable,2013,2018,5,Outcompeted,6,"Competition, insufficient differentiation, thin margins","In competitive markets, specialized resellers need strong differentiation and sustainable unit economics to compete against integrated, large-scale providers.",Unknown,,,,Unknown,https://ideaproof.io/failure/hitronasplet
Twitch Highlights,Twitch Highlights,twitch-highlights,United States,United States,Communication Services/SaaS,Media & social,Notable,notable,2017,2019,2,Other,13,Poor marketing and brand presence,Utilize influencer marketing within niche communities and leverage analytical tools to understand market needs better for effective product-market fit and brand establishment.,3.0M,3000000.00,,,Unknown,https://ideaproof.io/failure/twitch-highlights
QuickHaggle,QuickHaggle,quickhaggle-usa,United States,United States,Communication Services/Marketplace,Media & social,Notable,notable,2018,2021,3,Other,13,Unable to achieve user critical mass,Barter marketplaces struggle to scale due to complex matching and the inherent difficulty of achieving critical user mass without monetary incentives.,$2.5M,2500000.00,,,Unknown,https://ideaproof.io/failure/quickhaggle-usa
WorldOS,WorldOS,worldos,United States,United States,Information Technology/Developer Tools,Software & AI,Notable,notable,2017,2020,3,No market need,10,"No market need, technical complexity","Market validation is crucial before deep technical development, and early-stage decentralized solutions need a clear use case to succeed.",$15.0M,15000000.00,,,Unknown,https://ideaproof.io/failure/worldos
ToyGaroo,ToyGaroo,toygaroo,United States,United States,Consumer/Marketplace,Commerce & retail,Notable,notable,2010,2012,2,Unit economics,7,"High logistics costs, poor operational planning","High operational costs, particularly for shipping bulky physical goods, can quickly undermine an innovative business model if not meticulously planned and managed from the outset.",$250K,250000.00,,,Unknown,https://ideaproof.io/failure/toygaroo
Okami Pack,Okami Pack,okami-pack,United States,United States,Consumer/Hardware,Hardware & robotics,Notable,notable,2018,2021,3,Could not scale,9,"Insufficient capital, hardware scaling challenges","Hardware startups need significant capital for design, prototyping, and manufacturing; crowdfunding can validate demand without immediate VC involvement.",$500K,500000.00,,,Unknown,https://ideaproof.io/failure/okami-pack
Rent Nest,Rent Nest,rent-nest,United States,United States,Real Estate/Marketplace,Real estate,Notable,notable,2016,2019,3,Other,13,"Flawed business model, poor user-generated content","Crowdsourcing critical data requires robust mechanisms for quality control and incentivization, as relying solely on goodwill often leads to poor data quality and unpredictable volume.",$3.2M,3200000.00,,,Unknown,https://ideaproof.io/failure/rent-nest
Cuddli,Cuddli,cuddli,United States,United States,Communication Services,Media & social,Notable,notable,2015,2019,4,No market need,10,"Flawed business model, limited niche scalability","Niche apps need scalable growth strategies and diversified revenue to avoid being confined by their market size, focusing on community building beyond just dating.",Unknown,,,,Unknown,https://ideaproof.io/failure/cuddli
VO2 Sportswear,VO2 Sportswear,vo2-sportswear,United States,United States,Consumer/Sportswear,Commerce & retail,Notable,notable,2014,2020,6,Unit economics,7,"Undercapitalization, inventory, and scaling issues","Under-capitalization can cripple even a promising niche business, highlighting the need for sufficient funding for inventory, marketing, and operational scaling in physical goods companies.",$1.5M,1500000.00,,,Unknown,https://ideaproof.io/failure/vo2-sportswear
Readership,Readership,readership,United States,United States,Communication Services/SaaS,Media & social,Notable,notable,2015,2018,3,Other,13,Misaligned offerings with market needs,Visualizing data is insufficient; products must provide actionable insights that demonstrate clear ROI to users.,$2.0M,2000000.00,,,Unknown,https://ideaproof.io/failure/readership
Gawkbox,Gawkbox,gawkbox,United States,United States,Communication Services,Media & social,Notable,notable,2015,2019,4,No market need,10,"Niche monetization strategy, limited scalability",Over-reliance on a niche monetization strategy can limit scalability and market adoption in rapidly evolving industries.,$4.5M,4500000.00,,,Unknown,https://ideaproof.io/failure/gawkbox
Mongoose Cricket,Mongoose Cricket,mongoose-cricket-uk,United Kingdom,United Kingdom,Consumer,Commerce & retail,Notable,notable,2008,2012,4,Other,13,Failed to overcome traditionalist market preferences,Introducing innovative products into deeply traditional markets requires groundbreaking marketing and significant endorsements to shift entrenched consumer preferences.,Unknown,,,,Unknown,https://ideaproof.io/failure/mongoose-cricket-uk
140 Canvas,140 Canvas,140-canvas,United States,United States,Consumer/E-commerce,Commerce & retail,Notable,notable,2012,2014,2,No market need,10,"Niche market, lack of broader appeal",Focus on evolving digital content trends rather than static reproductions and ensure a broad market appeal for long-term viability.,Unknown,,,,Unknown,https://ideaproof.io/failure/140-canvas
The Blogging Manifesto,The Blogging Manifesto,the-blogging-manifesto,United States,United States,Education/Online Learning,Education,Notable,notable,2012,2015,3,No market need,10,"Generic advice, lacked niche, poor execution",Broad and ambiguous value propositions fail to attract users seeking specialized insights; focus and actionable depth are crucial for educational platforms.,Unknown,,,,Unknown,https://ideaproof.io/failure/the-blogging-manifesto
Berg UK,Berg UK,berg-uk,United Kingdom,United Kingdom,Consumer IoT,Hardware & robotics,Notable,notable,2005,2014,9,Unit economics,7,Unsustainable hardware-plus-platform monetization,Monetizing niche hardware and platform services effectively requires a scalable business model beyond initial product sales to achieve long-term sustainability.,Unknown,,,,Unknown,https://ideaproof.io/failure/berg-uk
Formatically,Formatically,formatically,United States,United States,Consumer SaaS,Software & AI,Notable,notable,2015,2017,2,Unit economics,7,Unsustainable business model selling to students,"Even with a useful product, a business model targeting a user base unwilling to pay significant amounts, like students, can lead to failure.",Unknown,,,,Unknown,https://ideaproof.io/failure/formatically
BusyMind,BusyMind,busymind-usa,United States,United States,Health Care/Mobile App,Healthcare & biotech,Notable,notable,2017,2022,5,Outcompeted,6,"Lack of focus, market differentiation","In crowded markets, focused differentiation and sustainable growth loops are critical for survival and success.",$3.0M,3000000.00,,,Unknown,https://ideaproof.io/failure/busymind-usa
Young Entrepreneurs' Program,Young Entrepreneurs' Program,young-entrepreneurs-program,United States,United States,EdTech,Education,Notable,notable,2015,2019,4,No market need,10,Poor product-market fit with target demographic,"Understanding the financial capabilities and aspirations of your target audience is crucial for product-market fit, especially in education, to avoid high-touch, expensive models that lack scalability.",Unknown,,,,Unknown,https://ideaproof.io/failure/young-entrepreneurs-program
Refolo,Refolo,refolo-usa,United States,United States,Consumer/Mobile App,Software & AI,Notable,notable,2017,2021,4,No market need,10,Poor market fit for niche product,"Even with growing interest in a sector, products must target a sufficiently motivated and willing-to-pay market segment, as focusing on an unmonetizable niche can lead to failure.",$2.0M,2000000.00,,,Unknown,https://ideaproof.io/failure/refolo-usa
RingDaddy,RingDaddy,ringdaddy,United States,United States,Communication Services/SaaS,Media & social,Notable,notable,2019,2021,2,Other,13,Poor market fit for SMS streamer marketing,"Even with a conceptually sound idea and growing market, poor market fit and competitive landscapes can swiftly lead to failure.",$3.0M,3000000.00,,,Unknown,https://ideaproof.io/failure/ringdaddy
NE Lounge,NE Lounge,ne-lounge,United States,United States,Consumer Goods,Commerce & retail,Notable,notable,2020,2021,1,Other,13,"Poor market fit, lack of research","Thorough market research and understanding consumer preferences are crucial for product development and market fit, especially in competitive sectors like Amazon FBA.",Unknown,,,,Unknown,https://ideaproof.io/failure/ne-lounge
LocalTown\USA,LocalTown\USA,localtown-usa,Unknown,Unknown,Marketplace,Commerce & retail,Notable,notable,2019,2022,3,No market need,10,"Niche market, low monetization, limited scalability",Niche market platforms need precise product-market fit from inception and robust incentives for community participation; rapid MVP alone is insufficient without a clear monetization path.,$2.5M,2500000.00,,,Unknown,https://ideaproof.io/failure/localtown-usa
Juice Startup,Juice Startup,juice-startup,Thailand,Other,Consumer/Beverage,Food & grocery,Notable,notable,2018,2020,2,Outcompeted,6,Lack product differentiation in saturated market,"Unique branding and robust differentiation are crucial for success in saturated markets, alongside leveraging digital platforms for marketing and sales.",Unknown,,,,Unknown,https://ideaproof.io/failure/juice-startup
Hubrif,Hubrif,hubrif,Nigeria,Other,Communication Services,Media & social,Notable,notable,2018,2021,3,Other,13,Poor business model; narrow market,"An innovative content platform needs a clear, scalable business model and broad market appeal to succeed, even with a compelling cultural mission.",Unknown,,,,Unknown,https://ideaproof.io/failure/hubrif
Botnim,Botnim,botnim-usa,United States,United States,Health Care,Healthcare & biotech,Notable,notable,2016,2019,3,Other,13,"Poor market fit, logistical data challenges",Thoroughly validate market fit and address data scalability challenges before significant investment in product development.,$1.5M,1500000.00,,,Unknown,https://ideaproof.io/failure/botnim-usa
101 Studios,101 Studios,101-studios,United States,United States,Education Technology,Education,Notable,notable,2018,2021,3,Other,13,Misjudged market readiness for educational gaming,"Even with an innovative product, underestimating institutional inertia and professors' reluctance to adopt unconventional tools can halt market adoption, especially in traditional sectors like education.",$15.0M,15000000.00,,,Unknown,https://ideaproof.io/failure/101-studios
WedMap,WedMap,wedmap-lithuania,Lithuania,Other,Consumer/Wedding Planning,Commerce & retail,Notable,notable,2018,2021,3,Other,13,"Insufficient funding, complex integrations, fragmented market","Securing adequate funding and navigating complex, fragmented markets with simple unit economics are crucial for early-stage platform startups.",$150K,150000.00,,,Unknown,https://ideaproof.io/failure/wedmap-lithuania
Vacation Bird,Vacation Bird,vacation-bird-usa,United States,United States,Consumer/Marketplace,Commerce & retail,Notable,notable,2010,2014,4,Fraud or governance,1,"Lack of founder experience, strategic missteps","Building a two-sided marketplace requires robust user acquisition, strong network effects, and modern infrastructure to achieve scalability and compete effectively.",5.0M,5000000.00,,,Unknown,https://ideaproof.io/failure/vacation-bird-usa
Raw Gains,Raw Gains,raw-gains,United States,United States,Health Care/Mobile App,Healthcare & biotech,Notable,notable,2017,2021,4,Fraud or governance,1,"Inexperienced founders, strategic and operational missteps",Founders must possess or acquire essential strategic planning and operational management expertise to navigate competitive markets effectively and handle scalability challenges.,$3.5M,3500000.00,,,Unknown,https://ideaproof.io/failure/raw-gains
MyCity,MyCity,mycity-usa,United States,United States,Information Technology/SaaS (B2B),Software & AI,Notable,notable,2018,2021,3,Other,13,"Limited market, bureaucratic government customers","Align product offerings with genuine market needs, especially when targeting slow-moving, budget-constrained sectors like government.",$2.5M,2500000.00,,,Unknown,https://ideaproof.io/failure/mycity-usa
Kaya.gs,Kaya.gs,kaya-gs,United States,United States,Communication Services,Media & social,Notable,notable,2010,2013,3,Product or execution failed,12,Product inadequacies and technical hurdles,"Even with innovative ideas, a strong technical foundation and solid product-market fit are crucial for platform success, especially in niche markets.",Unknown,,,,Unknown,https://ideaproof.io/failure/kaya-gs
Melon USA,Melon USA,melon-usa,United States,United States,Food Delivery/Marketplace,Food & grocery,Notable,notable,2019,2022,3,Fraud or governance,1,Operational mismanagement and intense competition,Focusing solely on cost-cutting without robust operational frameworks or sufficient capital to compete in a saturated market is a recipe for failure.,$5.0M,5000000.00,,,Unknown,https://ideaproof.io/failure/melon-usa
InoVVorX,InoVVorX,inovvorx,United States,United States,Information Technology,Software & AI,Notable,notable,2015,2019,4,Other,13,Cash flow crisis from balancing projects,Focus resources on fewer projects with higher potential ROI and leverage modern SaaS solutions for infrastructure complexities and cloud-based collaboration.,$100K,100000.00,,,Unknown,https://ideaproof.io/failure/inovvorx
Hawthorne Strategies,Hawthorne Strategies,hawthorne-strategies,United States,United States,Consulting/Philanthropy,Other,Notable,notable,2014,2018,4,Other,13,Lack of sustainable funding streams,"Even with a clear mission, a service-based business targeting a niche market needs diversified and sustainable funding to thrive.",Unknown,,,,Unknown,https://ideaproof.io/failure/hawthorne-strategies
Habitual,Habitual,habitual-denmark,Denmark,Other,Consumer/Mobile App,Software & AI,Notable,notable,2019,2021,2,Acquired or shut by owner,3,"Inadequate marketing, poor user acquisition",Even a promising product can fail without an effective marketing strategy to acquire and retain users.,Unknown,,,,Unknown,https://ideaproof.io/failure/habitual-denmark
ExploreVR,ExploreVR,explore-vr,United States,United States,Communication Services,Media & social,Notable,notable,2015,2018,3,Product or execution failed,12,"Nascent market, technical challenges, low engagement","Even with a compelling vision, success in a nascent market requires deep operational experience, sophisticated technical execution, and robust user engagement strategies to overcome fragmentation and achieve mass adoption.",Unknown,,,,Unknown,https://ideaproof.io/failure/explore-vr
Cam.ly,Cam.ly,cam-ly,United States,United States,Consumer/IoT,Hardware & robotics,Notable,notable,2014,2018,4,Outcompeted,6,Unpolished product in competitive market,Developing integrated hardware and software systems requires substantial resources and a polished product to succeed in competitive markets.,Unknown,,,,Unknown,https://ideaproof.io/failure/cam-ly
Adleaf Technologies,Adleaf Technologies,adleaf-technologies,United States,United States,EdTech,Education,Notable,notable,2015,2020,5,Fraud or governance,1,"Financial mismanagement, operational scaling failure","Aggressive spending on fixed costs and infrastructure without clear scaling strategies can lead to financial collapse, especially in high-touch service models.",$15.0M,15000000.00,,,Unknown,https://ideaproof.io/failure/adleaf-technologies
Sharkius,Sharkius,sharkius,United States,United States,Communication Services/Social Media,Media & social,Notable,notable,2012,2015,3,Could not scale,9,"Ineffective marketing, poor scaling, squandered resources","Effective marketing and scalable infrastructure are crucial for social gaming companies, even with initial user growth.",$12.0M,12000000.00,,,Unknown,https://ideaproof.io/failure/sharkius
WURA,WURA,wura,Nigeria,Other,Communication Services,Media & social,Notable,notable,2015,2021,6,Other,13,Lack of diversified revenue streams,Diversify revenue models beyond sole subscriptions to ensure financial stability and adapt to changing market dynamics in niche content platforms.,$5.0M,5000000.00,,,Unknown,https://ideaproof.io/failure/wura
The Punjab Kitchen,The Punjab Kitchen,the-punjab-kitchen,India,India,Consumer/Food Delivery,Food & grocery,Notable,notable,2018,2020,2,Outcompeted,6,Inability to handle intense competition,Home-based food ventures need robust logistics and e-commerce strategies to compete with well-funded delivery platforms and scale effectively.,Unknown,,,,Unknown,https://ideaproof.io/failure/the-punjab-kitchen
Teacher Finder,Teacher Finder,teacher-finder,Unknown,Unknown,Consumer/Language Learning,Education,Notable,notable,2015,2019,4,Outcompeted,6,"Intense competitive pressure, low network effects","Focus on building strong network effects in a marketplace and be prepared for intense competition with larger, more integrated platforms.",$50K,50000.00,,,Unknown,https://ideaproof.io/failure/teacher-finder
NOX,NOX,nox-usa,United States,United States,Consumer,Commerce & retail,Notable,notable,2016,2022,6,Fraud or governance,1,"Financial mismanagement, poor pivot execution","Shifting business models without adequate operational and financial planning can lead to resource depletion and failure, even with initial revenue stability.",Unknown,,,,Unknown,https://ideaproof.io/failure/nox-usa
KnowNet,KnowNet,knownet-usa,United States,United States,EdTech,Education,Notable,notable,2019,2023,4,Outcompeted,6,Struggled in overcrowded market,"In a saturated market, a clear and agile value proposition is crucial to stand out from competitors and avoid inadequate responses to threats.",Unknown,,,,Unknown,https://ideaproof.io/failure/knownet-usa
Gameslog,Gameslog,gameslog-usa,United States,United States,Communication Services/Social Media,Media & social,Notable,notable,2015,2018,3,Outcompeted,6,Could not differentiate from established competitors,"In saturated markets, achieving success requires a truly unique value proposition and diversified content strategies to stand out against entrenched competitors.",$200K,200000.00,,,Unknown,https://ideaproof.io/failure/gameslog-usa
Vivalatina,Vivalatina,vivalatina-france,France,France,Consumer/Jewelry E-commerce,Commerce & retail,Notable,notable,2014,2019,5,Outcompeted,6,Poor marketing and competition,"Even with a unique product, intense competition in e-commerce requires a strong digital marketing strategy and efficient operations to succeed.",Unknown,,,,Unknown,https://ideaproof.io/failure/vivalatina-france
Ropero,Ropero,ropero-argentina,Argentina,Other,Consumer/Marketplace,Commerce & retail,Notable,notable,2017,2019,2,Other,13,Poor market fit in saturated market,"Attempting to enter a saturated market without significant product differentiation, even with a seemingly simple business model, often leads to poor market fit and failure.",Unknown,,,,Unknown,https://ideaproof.io/failure/ropero-argentina
Phoenix,Phoenix,phoenix,United States,United States,Communication Services/SaaS,Media & social,Notable,notable,2017,2020,3,Other,13,Misjudged market need and cultural sensitivity,Thoroughly validate market need and cultural acceptance before developing solutions for deeply emotional and sensitive problems.,$5.0M,5000000.00,,,Unknown,https://ideaproof.io/failure/phoenix
Lockpick Entertainment,Lockpick Entertainment,lockpick-entertainment,Sweden,Other,Gaming,Media & social,Notable,notable,2005,2011,6,Outcompeted,6,"Competitive market, evolving player expectations",Niche game studios must carefully balance ambitious development with market realities and player expectations to survive a competitive industry.,$1.5M,1500000.00,,,Unknown,https://ideaproof.io/failure/lockpick-entertainment
Gymlisted,Gymlisted,gymlisted,United States,United States,Consumer/Fitness,Commerce & retail,Notable,notable,2018,2020,2,No market need,10,Market mismatch for premium private gyms,"Even with an innovative concept, market demand and willingness to pay must align with the premium offering to ensure viability and scalability.",$500K,500000.00,,,Unknown,https://ideaproof.io/failure/gymlisted
Addressbin,Addressbin,addressbin,United States,United States,Information Technology,Software & AI,Notable,notable,2019,2022,3,Acquired or shut by owner,3,"Ineffective marketing, failed to acquire customers","Early investment in a strong marketing and go-to-market strategy is crucial for market penetration, even for simple, user-friendly solutions.",Unknown,,,,Unknown,https://ideaproof.io/failure/addressbin
Community Coders,Community Coders,community-coders,United States,United States,Consumer/Marketplace,Commerce & retail,Notable,notable,2015,2019,4,Other,13,"Poor management, inefficient matching, low scalability","Effective management, scalable operations, and efficient matching algorithms are crucial for marketplace success.",Unknown,,,,Unknown,https://ideaproof.io/failure/community-coders
Lernin Games,Lernin Games,lernin-games,Brazil,Other,EdTech,Education,Notable,notable,2014,2020,6,No market need,10,Poor monetization strategies in niche,"Effective monetization is crucial, even with a unique product; explore subscription models and strategic partnerships early on.",$1.0M,1000000.00,,,Unknown,https://ideaproof.io/failure/lernin-games
The Nerd Cave,The Nerd Cave,the-nerd-cave,United States,United States,Gaming / Retail,Media & social,Notable,notable,2015,2018,3,Other,13,Inability to sustain financial momentum,Physical retail for niche markets requires significant investment and high margins to overcome operational costs and achieve scalability.,$500K,500000.00,,,Unknown,https://ideaproof.io/failure/the-nerd-cave
Fantastic House Buyers\UK,Fantastic House Buyers\UK,fantastic-house-buyers-uk,United Kingdom,United Kingdom,Real Estate/Proptech,Real estate,Notable,notable,2018,2020,2,No market need,10,"Misunderstood market needs, poor adoption",Thorough market validation and integration with existing financial and legal systems are crucial for proptech success.,Unknown,,,,Unknown,https://ideaproof.io/failure/fantastic-house-buyers-uk
Onepagetrip,Onepagetrip,onepagetrip-usa,United States,United States,Travel Tech/Marketplace,Mobility & logistics,Notable,notable,2016,2020,4,Monetization,11,"Flawed business model, poor monetization","Careful attention to monetization strategy and sustainable unit economics is crucial, even for platforms with good user value propositions.",$3.0M,3000000.00,,,Unknown,https://ideaproof.io/failure/onepagetrip-usa
Swipes,Swipes,swipes-bulgaria,Bulgaria,Other,Information Technology/SaaS,Software & AI,Notable,notable,2013,2018,5,No market need,10,"Lack of product-market fit, unfocused target",Attempting to serve too many user segments (individuals and teams) with a broad feature set led to diluted capabilities and failure to achieve critical product-market fit.,$500K,500000.00,,,Unknown,https://ideaproof.io/failure/swipes-bulgaria
Kolos\Denmark,Kolos\Denmark,kolos-denmark,Denmark,Other,Consumer Electronics,Hardware & robotics,Notable,notable,2016,2018,2,No market need,10,No market need for niche product,"Niche hardware products require thorough market validation and compelling value propositions before scaling, as a small target market inherently limits scalability.",Unknown,,,,Unknown,https://ideaproof.io/failure/kolos-denmark
DotaHaven,DotaHaven,dotahaven,United States,United States,Communication Services/Social Media,Media & social,Notable,notable,2016,2019,3,Other,13,"Misjudged market, content fragmentation, user retention","Thoroughly validate market fit and user behavior for niche communities before significant investment, and diversify monetization beyond ad-based models.",$5.0M,5000000.00,,,Unknown,https://ideaproof.io/failure/dotahaven
MotoBox,MotoBox,motobox-usa,United States,United States,Consumer IoT,Hardware & robotics,Notable,notable,2015,2019,4,Other,13,Unable to market hardware effectively,Effective marketing is crucial even for innovative hardware; prioritize lean strategies and software prototyping before heavy hardware investment.,$3.5M,3500000.00,,,Unknown,https://ideaproof.io/failure/motobox-usa
Lieferoo Germany,Lieferoo Germany,lieferoo-germany,Germany,Germany,Industrials/Logistics,Mobility & logistics,Notable,notable,2017,2022,5,Other,13,"Inadequate marketing, internal disharmony","Effective marketing and internal team cohesion are crucial for communicating value and executing operations, even with a strong business model.",$7.5M,7500000.00,,,Unknown,https://ideaproof.io/failure/lieferoo-germany
Birdy,Birdy,birdy-usa,United States,United States,Financials/SaaS,Fintech & insurance,Notable,notable,2014,2018,4,Outcompeted,6,"Underfunded, intense competition, lack of growth","Even with a strong product, lack of sufficient funding and a viral growth strategy severely limit a startup's ability to compete in saturated markets.",Unknown,,,,Unknown,https://ideaproof.io/failure/birdy-usa
Hot Barber,Hot Barber,hot-barber,United States,United States,Consumer/Marketplace,Commerce & retail,Notable,notable,2015,2019,4,Other,13,"Ill-conceived, non-viable business model",A strong business model with clear monetization strategies is crucial; value capture must align with platform offerings to achieve sustainable growth.,Unknown,,,,Unknown,https://ideaproof.io/failure/hot-barber
Gulp,Gulp,gulp-usa,United States,United States,Consumer/Mobile App,Software & AI,Notable,notable,2015,2017,2,Unit economics,7,Weak affiliate marketing and poor unit economics,A strong affiliate marketing strategy and favorable unit economics are crucial for rapid user acquisition and profitability in app-based services.,$1.5M,1500000.00,,,Unknown,https://ideaproof.io/failure/gulp-usa
Zapstream,Zapstream,zapstream,United States,United States,Communication Services/Social Media,Media & social,Notable,notable,2015,2018,3,Fraud or governance,1,"Financial mismanagement, declining user engagement",Effective financial management and continuous user engagement strategies are crucial for sustained growth in competitive markets.,$5.0M,5000000.00,,,Unknown,https://ideaproof.io/failure/zapstream
Taleship,Taleship,taleship,United States,United States,Communication Services/Social Media,Media & social,Notable,notable,2018,2020,2,Product or execution failed,12,"Lack of focus, scattered resources","Focus on core competencies and build a clear monetization strategy before scaling, especially in niche markets.",Unknown,,,,Unknown,https://ideaproof.io/failure/taleship
Playdate,Playdate,playdate,United States,United States,Communication Services,Media & social,Notable,notable,2016,2018,2,Acquired or shut by owner,3,Insufficient funding for user acquisition,"Securing sufficient funding is crucial to reach critical mass in user adoption, especially for social apps requiring network effects.",$2.0M,2000000.00,,,Unknown,https://ideaproof.io/failure/playdate
Phez,Phez,phez,Unknown,Unknown,Social Media,Media & social,Notable,notable,2014,2016,2,No market need,10,"Unviable business model, lack of user adoption",Simply adding a financial twist to an existing platform is not enough to create a viable business model or gain significant user adoption.,$0,0.00,,,Unknown,https://ideaproof.io/failure/phez
Legaats,Legaats,legaats-usa,United States,United States,Communication Services/Social Media,Media & social,Notable,notable,2017,2022,5,Unit economics,7,"Unclear monetization strategy, unsustainable revenue","Even with a noble mission, a clear and sustainable monetization strategy is crucial for a social platform's longevity, especially when targeting niche demographics.",$2.5M,2500000.00,,,Unknown,https://ideaproof.io/failure/legaats-usa
BeehiveID,BeehiveID,beehiveid,United States,United States,Communication Services/SaaS,Media & social,Notable,notable,2013,2016,3,Outcompeted,6,Dependency on Facebook API changes,"Minimize dependency on a single data source; explore multi-source strategies and adapt to changing data landscapes, especially concerning privacy.",Unknown,,,,Unknown,https://ideaproof.io/failure/beehiveid
Hashtag Pirate,Hashtag Pirate,hashtag-pirate,United States,United States,Communication Services,Media & social,Notable,notable,2016,2019,3,Regulatory or legal,2,Platform policy changes; API dependency,Businesses heavily reliant on a single platform's API must have contingency plans for policy changes and strive for data agility to adapt to evolving access rules.,Unknown,,,,Unknown,https://ideaproof.io/failure/hashtag-pirate
WantRemoteJob,WantRemoteJob,want-remote-job,Unknown,Unknown,Information Technology/Job Board,Software & AI,Notable,notable,2018,2021,3,No market need,10,"Poor market fit, limited niche focus",Niche job boards need to carefully balance specialization with market demand to avoid overly limiting their user base and scalability.,Unknown,,,,Unknown,https://ideaproof.io/failure/want-remote-job
Tandem App,Tandem App,tandem-app,United States,United States,Health Care,Healthcare & biotech,Notable,notable,2018,2022,4,Outcompeted,6,Lack of differentiation and market demand,"Even with a pervasive problem, solutions must offer strong differentiation and integrate into existing healthcare ecosystems to succeed.",$5.0M,5000000.00,,,Unknown,https://ideaproof.io/failure/tandem-app
Kopely,Kopely,kopely,United States,United States,Health Care / Mobile App,Healthcare & biotech,Notable,notable,2020,2022,2,Other,13,Over-reliance on external development partners,"External development can lead to loss of control, impacting product quality, iterations, and overall project success.",Unknown,,,,Unknown,https://ideaproof.io/failure/kopely
Jobridge,Jobridge,jobridge-india,India,India,Communication Services/Recruitment,Media & social,Notable,notable,2017,2020,3,Other,13,Unable to adapt hybrid online/offline model,"Focus on entirely digital ecosystems, incorporate AI/ML for tailored matching, and utilize scalable modern database solutions.",Unknown,,,,Unknown,https://ideaproof.io/failure/jobridge-india
Openmargin,Openmargin,openmargin,Netherlands,Other,Communication Services/Social Media,Media & social,Notable,notable,2011,2015,4,No market need,10,"Lack of focus, struggled with niche market","Niche markets require focused execution and clear value, especially for platforms needing critical mass to deliver on their social promise.",$650K,650000.00,,,Unknown,https://ideaproof.io/failure/openmargin
Flux,Flux,flux-usa,United States,United States,Communication Services,Media & social,Notable,notable,2015,2018,3,Other,13,"Poor management, lack of strategic focus","Integrated communication tools must prioritize user experience and flexible architecture for swift adaptation to market changes, rather than over-investing in perfect integrations.",$7.0M,7000000.00,,,Unknown,https://ideaproof.io/failure/flux-usa
Eloquis,Eloquis,eloquis-usa,United States,United States,Information Technology,Software & AI,Notable,notable,2015,2019,4,No market need,10,Mismatch between tech ambition and market demand,"Even innovative technology needs to align with existing market demand and be able to prove its value to potential customers, especially in crowded tech sectors.",$15.0M,15000000.00,,,Unknown,https://ideaproof.io/failure/eloquis-usa
Creator Growth Lab,Creator Growth Lab,creator-growth-lab,United States,United States,Communication Services/SaaS,Media & social,Notable,notable,2018,2022,4,Other,13,"Platform API changes, static models","Relying too heavily on a single platform's API and not adapting to its frequent changes can doom a product, especially in dynamic tech sectors like social media.",$2.5M,2500000.00,,,Unknown,https://ideaproof.io/failure/creator-growth-lab
Boston Apartment Hub,Boston Apartment Hub,boston-apartment-hub,United States,United States,Real Estate / Marketplace,Real estate,Notable,notable,2014,2017,3,Acquired or shut by owner,3,Struggled with differentiation and data acquisition,"Hyper-local marketplaces need strong differentiation and scalable data acquisition strategies to compete with larger, well-funded national platforms.",Unknown,,,,Unknown,https://ideaproof.io/failure/boston-apartment-hub
Zor Technology,Zor Technology,zor-technology,Unknown,Unknown,Consumer Electronics,Hardware & robotics,Notable,notable,2018,2020,2,Regulatory or legal,2,"Regulatory non-compliance, unethical pricing","Regulatory compliance is critical for import-heavy businesses, and aggressive pricing strategies must consider legal and ethical boundaries to ensure sustainable growth.",Unknown,,,,Unknown,https://ideaproof.io/failure/zor-technology
Sport Draftr,Sport Draftr,sport-draftr,United Kingdom,United Kingdom,Communication Services,Media & social,Notable,notable,2017,2019,2,Regulatory or legal,2,Underestimated complex regulatory environment,Thoroughly research and plan for regional legal compliance in regulated industries to avoid insurmountable challenges.,$1.5M,1500000.00,,,Unknown,https://ideaproof.io/failure/sport-draftr
Reality Hunt,Reality Hunt,reality-hunt,United States,United States,Information Technology,Software & AI,Major,major,2017,2020,3,"Macro, timing, or shock",5,Market too early for advanced AR,"Advanced AR solutions were ahead of their time; market wasn't ready for widespread adoption, leading to high costs and low demand.",$50.0M,50000000.00,,,Unknown,https://ideaproof.io/failure/reality-hunt
Mishra Motors,Mishra Motors,mishra-motors,India,India,Consumer/Electric Vehicle,Mobility & logistics,Notable,notable,2016,2020,4,Other,13,Inability to secure sustained funding,"Electric vehicle hardware development requires significant, sustained funding and strategic partnerships to offset high production costs and navigate scalability challenges.",$15.0M,15000000.00,,,Unknown,https://ideaproof.io/failure/mishra-motors
Chowdy,Chowdy,chowdy-canada,Canada,Canada,Consumer/Food Tech,Food & grocery,Notable,notable,2015,2016,1,Regulatory or legal,2,Legal & regulatory hurdles with home kitchens,"Early and thorough legal due diligence on operational models, especially those involving novel uses of personal property for commercial services, is crucial for viability.",Unknown,,,,Unknown,https://ideaproof.io/failure/chowdy-canada
Autto.in,Autto.in,autto-in,India,India,Consumer/On-demand Car Servicing,Mobility & logistics,Notable,notable,2016,2019,3,Unit economics,7,Unsustainable capital burn and scaling issues,"Financial sustainability is paramount; high operational costs and thin margins can quickly deplete capital, especially in complex service industries requiring significant infrastructure.",Unknown,,,,Unknown,https://ideaproof.io/failure/autto-in
